label,data_type,file_path,fps,duration,right_elbow_mean,right_elbow_min,right_elbow_max,right_elbow_range,right_elbow_max_velocity,left_elbow_mean,left_elbow_min,left_elbow_max,left_elbow_range,left_elbow_max_velocity,right_knee_mean,right_knee_min,right_knee_max,right_knee_range,right_knee_max_velocity,left_knee_mean,left_knee_min,left_knee_max,left_knee_range,left_knee_max_velocity,right_hip_mean,right_hip_min,right_hip_max,right_hip_range,right_hip_max_velocity,left_hip_mean,left_hip_min,left_hip_max,left_hip_range,left_hip_max_velocity,max_upper_body_velocity_y,max_upper_body_accel_y,max_center_velocity_y,max_center_accel_y,upper_body_vertical_displacement,center_vertical_displacement,has_impact,impact_count,max_deceleration,impact_frame,height_reduction_pct,aspect_ratio_increase_pct,max_height_collapse_velocity,max_aspect_ratio_change_velocity
fall,video,..\..\data\le2i\Coffee_room_01\Coffee_room_01\Videos\video (1).avi,25.0,6.28,103.57116708932939,53.11997810409138,166.94323827519239,113.823260171101,1829.3559513910757,93.3530022784718,73.08337522866175,167.23465125879605,94.1512760301343,1344.6340014756242,147.74371049272335,121.30241822558482,172.60536796515055,51.30294973956573,472.4335490195063,145.1120577132575,97.67101815168115,178.8460994774946,81.17508132581344,667.3407059533038,138.46356682649426,109.99512446614177,177.48470684721573,67.48958238107396,376.6233331952037,138.4521435037988,79.64559762498007,179.6923019213576,100.04670429637753,590.8836757181934,113.62770080566378,1283.2430203755596,925.5474726359047,43286.78297996522,44.8148951212565,4.143674723307271,1,6,-2037.6052856445172,7,10.598261235212258,3069.928511411253,-176.91951751709,9.20188228189307
fall,video,..\..\data\le2i\Coffee_room_01\Coffee_room_01\Videos\video (10).avi,25.0,14.48,139.98393069043402,37.21479736389526,179.9507931142655,142.73599575037025,3496.6532165168323,149.20362748252344,66.26422115041505,178.1682654111875,111.90404426077244,2022.4074955731353,152.57377621869963,121.94091133051074,179.83303638007564,57.892125049564896,724.1633242242323,152.80186127748047,115.86116363032663,179.9849280069132,64.12376437658658,758.2540671572616,141.5002575415806,54.24751134249148,179.88411075475977,125.6365994122683,2671.901124611854,141.74113484077213,95.125293856636,179.81322952369084,84.68793566705483,808.2497879627475,249.13808186848883,1644.08079783124,178.99604292476923,1781.0876056619306,111.23977915445963,61.84031711154515,1,6,-3450.2754211425745,74,76.4927414346754,1459.1340843931516,-327.8021621704099,13.287887753812056
fall,video,..\..\data\le2i\Coffee_room_01\Coffee_room_01\Videos\video (11).avi,25.0,19.32,142.6313767317689,59.21467063073132,179.6830157539881,120.46834512325677,735.4912530546749,145.51475827336796,35.66122398783069,179.9540991796503,144.29287519181963,1054.0944965408487,168.5513858586917,140.54224565947317,179.98170769010406,39.43946203063089,633.1012669727215,167.9206319583514,137.44032697831935,179.98935271378383,42.54902573546448,653.9331543418718,166.7611787443625,125.50461859049183,179.93711461549645,54.432496025004625,399.8426912733187,166.53663694526685,133.11710754988894,179.96103207763852,46.84392452774958,562.5104861116654,213.06836446126312,1271.5304692586215,141.03322362899746,1907.1603483623535,50.37917582194012,48.223999977111816,1,6,-6661.560058593743,146,63.57478511727529,946.8369222443753,-233.41651916503957,6.3060560369706975
fall,video,..\..\data\le2i\Coffee_room_01\Coffee_room_01\Videos\video (12).avi,25.0,7.28,120.29923849027374,50.978542629701394,179.04491575630848,128.0663731266071,1542.382458128348,59.337035306006364,0.41399389849181434,173.89297267684606,173.47897877835425,4228.968259346117,133.8809895448635,94.58160282741426,178.03670330877884,83.45510048136458,1559.3887154894069,139.53787928236642,84.197899312608,178.17194154306333,93.97404223045532,1574.9122201460511,143.2617300724915,11.447872739108083,179.3017826227783,167.8539098836702,3674.469299597043,153.26340013586108,4.684232480391863,179.47580305449267,174.7915705741008,3648.5659596493106,376.6585032145187,4620.400746663425,226.5128323010032,2006.5810011420026,104.06153615315755,72.85240444770227,1,6,-8054.609775543203,67,37.43326717825273,207.5988427781077,-207.7147674560548,5.274970892443837
fall,video,..\..\data\le2i\Coffee_room_01\Coffee_room_01\Videos\video (13).avi,25.0,9.76,147.0911958232963,73.63860510449769,178.49414468914262,104.85553958464493,1117.6688408971738,140.76962650909547,46.90494161404974,177.56968973662694,130.6647481225772,3266.61870306443,151.82693961723115,22.536279123726743,179.48383201891681,156.94755289519009,1533.0336664672284,157.9455830894243,39.018856206725445,179.96673400249392,140.94787779576848,1289.4528493154749,150.2193688972304,10.476162549815328,179.791200278715,169.31503772889965,1882.8062139255906,158.07664322251208,5.396089804735646,179.8349136281231,174.43882382338745,1446.1772484115972,282.1975835164387,1212.6153310139998,201.71610768636086,7935.8794193641725,96.79995981852213,70.96154605641084,1,6,-29079.964637756337,105,52.31199724193096,264.7964427332135,-221.45851135253912,6.15493826301492
fall,video,..\..\data\le2i\Coffee_room_01\Coffee_room_01\Videos\video (14).avi,25.0,7.04,145.22403062332944,2.926568675801542,179.9804602532957,177.05389157749414,2979.180838364849,134.2002925111616,97.19087405538154,177.02409713901397,79.83322308363243,1341.2575354503776,163.8361044171811,120.86789620077893,173.96555190295382,53.09765570217489,243.25561306955237,163.93255566007971,133.1564054921672,174.27990394829746,41.12349845613025,226.16849901600702,154.77088355167933,112.42882903022448,179.60421536015096,67.17538632992648,295.2283932903491,168.79201495781285,134.7535565549541,179.92094343501583,45.16738688006174,310.27015738180523,68.87914657592766,1383.044560750335,89.0958086649583,2526.191372341575,26.003239949544266,17.570850118001317,1,6,-1341.0234451293945,21,44.79444973017332,47.435604958290334,-119.32460784912102,0.9732508357545272
fall,video,..\..\data\le2i\Coffee_room_01\Coffee_room_01\Videos\video (15).avi,25.0,5.6,133.07004632321838,0.9797564417803869,179.895444965116,178.91568852333563,3157.4075404845676,125.64166008886433,101.08142970512442,169.25302216236142,68.171592457237,798.849264444108,168.24973702935134,153.11609133114402,174.52897788898065,21.41288655783663,209.0051988081946,164.9474915643855,159.5716420292015,175.65975798054973,16.088115951348215,246.8734159462464,163.4933335291235,128.34732121041708,178.26541259869512,49.91809138827804,510.9808542573255,169.44190356553526,150.90478081267753,179.35254366169193,28.447762849014396,298.88899913455236,103.8187026977539,2595.4675674438477,90.00943501790317,3325.315687391459,-11.969047546386719,6.728700002034515,1,4,-1766.219139099121,8,37.96401821213239,28.200609999693555,-142.03563690185524,1.1619958530048184
fall,video,..\..\data\le2i\Coffee_room_01\Coffee_room_01\Videos\video (16).avi,25.0,7.08,126.65241491108237,9.846637406306623,177.92454851920334,168.07791111289671,3861.351739789844,162.49018542479328,90.67720498554124,179.64204831986223,88.96484333432099,1086.8050315287653,162.58372403673042,142.96090812403415,179.83058596191464,36.86967783788049,542.2404930830929,167.18241969434746,147.33026257314037,179.5472391760698,32.216976602929435,269.83107699482287,160.68252931541377,117.16664932269536,179.92484009100406,62.758190768308694,343.60571183529987,172.2044354750827,127.14191612292022,179.753304493781,52.61138837086078,579.5051659926678,139.25704956054616,571.1183547973775,84.31008148193371,1102.5022583849254,76.5073725382487,57.85350942611694,1,6,-1658.643722534201,50,75.85146796893997,1973.1580739056678,-199.42695617675776,7.989774338226679
fall,video,..\..\data\le2i\Coffee_room_01\Coffee_room_01\Videos\video (17).avi,25.0,6.32,156.17426838726644,3.120385206703827,179.99927497574132,176.8788897690375,2483.5342944612344,146.3769668761782,42.232858939195616,173.82248771179007,131.58962877259447,1456.7108406154257,155.24643606033283,98.31786555612521,179.73718609750955,81.41932054138434,1532.4449700008265,157.7974252395369,106.68201100027657,179.94375730170174,73.26174630142516,1128.5119745420004,169.37951063150348,106.3299809027517,179.96527630468714,73.63529540193544,1301.144572136283,170.0596023528285,117.0436615859918,179.94598173591956,62.90232014992776,810.5946636581778,141.184921264648,932.8034718831191,113.6906395238988,1293.953390682443,89.2274424235026,61.68636097627527,1,6,-1864.0089035034534,48,70.70292441932925,886.4793070170844,-242.33150482177734,6.568376139652249
fall,video,..\..\data\le2i\Coffee_room_01\Coffee_room_01\Videos\video (18).avi,25.0,10.76,132.74346458583503,9.611970472599493,179.87129477898128,170.25932430638179,3293.6073395031094,153.01359961959938,104.51207287430448,179.68669133017792,75.17461845587344,1703.9992553990555,159.41201060654205,127.26538109137744,179.93837597825043,52.672994886873,531.5199535619314,158.3051150383944,120.11318012857171,179.975343274961,59.86216314638929,520.0668537403636,155.88946232880866,113.01491481206966,179.93061503201517,66.9157002199455,465.4373466951462,157.23715941130286,109.48090041826086,179.96353055948552,70.48263014122466,614.0481134186132,176.01510365803995,833.0318133036308,113.54308366775498,1073.5844734387445,67.41545232137045,18.269039500843405,1,6,-1990.6635284423758,128,83.58440951441482,1004.9512009695999,-281.98757171630876,8.636814729634356
fall,video,..\..\data\le2i\Coffee_room_01\Coffee_room_01\Videos\video (19).avi,25.0,8.52,150.8460766422665,20.262882738300895,179.5335388825211,159.2706561442202,3774.214793757584,154.8569741088121,77.16339967868265,179.06228698744272,101.89888730876007,2245.486254249129,119.99288735502758,48.27966568025414,179.9898292101883,131.71016352993416,718.4608565227147,119.56628218450996,57.380556689940825,179.97736731165563,122.59681062171481,689.4041902796722,152.3517209431304,84.75582660871162,179.93143402490483,95.17560741619322,1447.5164982768251,152.50174638734504,88.97119305640939,179.8917013569135,90.92050830050411,1285.2286520716561,220.225397745768,3048.8125483194394,139.19931221008284,1393.6659729087796,128.1027348836263,97.968847581452,1,6,-4764.209747314432,94,77.65184334521636,912.1414877042357,-211.69174194335943,13.185531833719189
fall,video,..\..\data\le2i\Coffee_room_01\Coffee_room_01\Videos\video (2).avi,25.0,12.24,151.22675070381388,1.282537087228534,179.95181772531765,178.6692806380891,3195.9932491889367,126.14041201792271,15.512389107505,178.67450158008015,163.16211247257516,590.9041451468922,147.02299218863465,42.795063104431996,179.96181336532698,137.166750260895,662.4685285503219,149.33979650862906,75.52979455506227,179.93706359582603,104.40726904076377,641.5915052874112,146.484787212526,63.339291705987115,179.86719692583088,116.52790521984377,868.3046601687554,143.3805006970799,68.99420539943786,179.97839624417907,110.9841908447412,683.9665967604222,150.48014322916643,661.6593996683883,94.95156606038364,2875.279167513831,10.220606486002595,-3.5230047225952035,1,6,-7988.702774047853,120,76.36889434871613,231.00145022570297,-171.87911987304716,7.31449896365527
fall,video,..\..\data\le2i\Coffee_room_01\Coffee_room_01\Videos\video (20).avi,25.0,17.76,124.47516201472523,7.864523674172769,179.9043702031051,172.03984652893232,3329.2004100921695,133.8863863386367,60.63523750505578,179.4598266540476,118.8245891489918,1287.963728375018,163.3736932762029,83.43809774524092,179.95867031633736,96.52057257109644,1131.9029953050604,170.627947653239,105.62088668874851,179.91047184382955,74.28958515508104,999.2264638132547,164.99969247588166,76.53271117612101,179.9493216461871,103.41661047006608,773.8672995893744,171.10226171824107,107.03527315194094,179.9759843547688,72.94071120282786,635.0808727635176,191.18570963541615,847.2989400227959,123.99455827825179,1142.238910921023,92.21316019694011,48.41121918921375,1,6,-5049.915313720703,65,81.70140951160403,2135.2481222693705,-208.0370712280274,9.704870309737224
fall,video,..\..\data\le2i\Coffee_room_01\Coffee_room_01\Videos\video (21).avi,25.0,7.28,145.21485357655064,1.3740813397231364,179.81508065011786,178.44099931039472,2651.8976266712043,133.28012541317932,16.818678515730152,179.98606633851685,163.1673878227867,2647.020869436677,117.4703549553725,70.31339391959476,171.45962925449612,101.14623533490136,941.5848948658258,118.26118217911508,75.401410861684,176.56941619364227,101.16800533195827,909.1994430412974,98.8092316061632,34.96904374256585,178.2380869379529,143.26904319538704,1194.390449330013,96.47652556519911,36.163918208498096,159.65556273072454,123.49164452222644,1138.825117252071,281.04548136393316,2979.9022674560583,185.56309000651012,1807.8660541110735,98.5947774251302,71.94575386047364,1,6,-3043.1709289550745,99,58.20343345931087,454.1654581209161,-138.62701416015622,9.24299542000454
fall,video,..\..\data\le2i\Coffee_room_01\Coffee_room_01\Videos\video (22).avi,25.0,9.16,152.6175591380724,3.173256606097043,179.6778101601232,176.50455355402613,3580.1421385099793,143.62460924325964,46.4004697879628,179.68236965269406,133.28189986473126,2103.320114658392,131.63725661459594,66.7999533908798,178.8372473291861,112.0372939383063,720.630786746559,135.79578181276636,81.74085675770495,178.62604796683323,96.88519120912828,943.6342320872413,130.58339951180847,48.657639103839124,179.94958388374508,131.29194477990595,784.3892170642973,132.29041491586037,53.2366485681942,175.7126581602734,122.47600959207921,951.4738393893105,256.42410278320324,1233.7665557861399,169.79302644729586,1136.7620229721176,94.78527577718098,67.44467496871948,1,6,-2146.843910217271,139,60.65306787916429,424.8965737362672,-136.135902404785,5.58079689187061
fall,video,..\..\data\le2i\Coffee_room_01\Coffee_room_01\Videos\video (23).avi,25.0,12.44,112.37125746662078,17.851183938769754,179.1704119906986,161.31922805192883,3595.967877340867,122.47771889681246,45.019684736036794,178.33767779533272,133.31799305929593,2709.3219511752914,140.3900294809633,19.16046025578699,179.89505178345354,160.73459152766654,3681.653362737832,145.64063453713698,53.033173514442865,179.95971982275566,126.9265463083128,1824.5378777037545,141.32345243024042,9.422913243982851,179.96614642790504,170.54323318392218,3674.0470749800934,138.5580849940737,11.836406211752506,179.75217242205477,167.91576621030225,2505.492965981045,273.65074157714844,7645.564079284668,170.37973531087226,1738.2753690083773,96.69566853841145,72.00611114501953,1,6,-10502.142906188981,248,72.06194780981913,834.547654690416,-181.6915893554686,15.125381108290837
fall,video,..\..\data\le2i\Coffee_room_01\Coffee_room_01\Videos\video (24).avi,25.0,10.68,153.03911456681644,8.625031940969151,179.910027560007,171.28499561903783,2902.5927558429357,135.50655504900232,12.344785306484036,177.99056664867862,165.6457813421946,3079.7445926479177,159.445131006209,117.71219669540118,179.51292886893646,61.80073217353528,922.9394711187741,168.02553913167503,117.62225317313542,179.99662062553358,62.37436745239816,846.4543536546195,162.13968811300626,65.83095523052717,179.97637561610813,114.14542038558096,1446.363429636289,168.66984803017573,79.69771778405436,179.95149093478773,100.25377315073337,1133.071480778372,250.128389994304,1676.2501398722306,186.46264425913478,1327.355758611084,109.83667755126953,82.43907771391027,1,6,-3098.611831665039,221,66.69388628533521,229.6990776825765,-233.9306640624999,15.21933630539747
fall,video,..\..\data\le2i\Coffee_room_01\Coffee_room_01\Videos\video (25).avi,25.0,10.48,137.33241206765453,34.144544165892995,178.0346783073807,143.8901341414877,2818.1330236853696,148.96959811820082,57.3064740000434,179.81469242815103,122.50821842810763,2384.3020707858896,131.18545937553458,68.67021814339778,179.49717399325627,110.82695584985849,1932.779093183409,128.32001798645675,20.955471817653084,178.2572732681562,157.30180145050312,3022.96677025078,126.88389436793601,35.10259911780505,179.88676717909823,144.78416806129317,2154.2501137321333,120.80571015834448,6.819726747363367,179.83914787599045,173.01942112862707,2788.860791750023,226.63005828857408,1350.2270380655723,180.14735031127955,1434.3185424804794,118.03821818033853,78.28054758707682,1,6,-5020.253181457512,140,57.52996997927505,200.29261052917374,-273.19499969482416,9.234493868530425
fall,video,..\..\data\le2i\Coffee_room_01\Coffee_room_01\Videos\video (26).avi,25.0,11.12,133.8610982822475,74.4838985858162,179.8620656139979,105.37816702818171,2481.951781236359,125.70823466102294,1.2925749860603182,178.12669298739115,176.83411800133084,2940.1583688191386,173.3895778919221,107.11653789506788,179.9705510562085,72.85401316114063,1403.2154533863502,174.08645435404247,117.06263454335743,179.9803786418385,62.91774409848108,1533.9563828171606,170.7515955549828,115.61484603857329,179.89558529885832,64.28073926028503,1389.2849419602492,173.01256395962298,105.43569009684238,179.97998500426684,74.54429490742446,914.7015963857942,175.9190559387207,3021.511077880863,125.22496785872974,2605.3152349259713,73.21850585937501,65.31468116909849,1,6,-6263.591766357415,213,44.859357098279574,269.58328787864826,-289.7280120849608,4.649718383230889
fall,video,..\..\data\le2i\Coffee_room_01\Coffee_room_01\Videos\video (27).avi,25.0,10.12,127.73620493077358,35.11449833775569,179.3873534329262,144.2728550951705,2518.615538787597,118.62429195355753,23.46676348088198,178.23520443165503,154.76844095077305,3869.2110237693264,119.45420914628552,57.962319890297934,179.8449447549521,121.88262486465418,1337.9237812076433,120.07753134396597,61.36508786308044,177.81898731090513,116.45389944782468,1318.898448822722,126.98563276221518,49.211112978693755,179.18107178038474,129.96995880169098,2147.4986565305167,124.74006613195048,52.16905715023294,176.02506556225637,123.85600841202344,2077.9523961371005,196.54379526774122,1362.905502319336,135.60368156433142,1794.4704995487104,31.78417460123697,0.32295430501301325,1,6,-5814.87083435059,96,75.75138581055727,246.42933084508925,-148.49239349365232,10.188554508604996
fall,video,..\..\data\le2i\Coffee_room_01\Coffee_room_01\Videos\video (28).avi,25.0,7.0,137.32178680095322,11.851422181300657,175.9632279335799,164.11180575227925,4040.8084120307344,161.57735204769168,102.56831220903031,179.92185711076294,77.35354490173263,1414.289636425112,138.57057742292736,49.32919354476839,177.1553801049971,127.82618656022872,2107.058247305053,135.23816066838913,55.707032893535015,178.87089300582394,123.16386011228893,2465.117828688609,120.92123734429047,17.041976493354667,168.68647078516236,151.6444942918077,1565.2164459901212,106.98331383862717,33.52196219588619,151.2773973533406,117.75543515745441,1782.573509209145,267.63797760009777,2230.0596237182544,181.41425824632833,4652.588797550586,94.58250427246092,67.62832624772017,1,6,-5742.601394653306,72,62.92834820662362,191.45766877002893,-164.75227355957037,8.374547171135172
fall,video,..\..\data\le2i\Coffee_room_01\Coffee_room_01\Videos\video (29).avi,25.0,13.12,153.14949205129628,66.39169810894317,179.92375713908584,113.53205903014266,1998.5605361578773,138.51331976274383,16.333194097855376,179.97610249685508,163.6429083989997,2062.2647898619753,169.0907415349826,61.73440555164205,179.89979633643054,118.16539078478849,1583.1390691547329,170.12576388918947,48.290119141107766,179.87880968781784,131.58869054671007,1643.939646476728,165.81675759993203,15.760247328814534,179.9003850410556,164.14013771224108,1356.1187737550626,165.92789900419936,9.84207885203462,179.93927755624702,170.0971987042124,2849.0186013091757,274.82859293619765,2125.920613606791,215.25853241191228,3804.630343119335,13.228134155273438,20.952045440673828,1,6,-4220.858573913589,306,26.13894294596499,14.673086161599583,-185.2018737792969,3.4684044162254652
fall,video,..\..\data\le2i\Coffee_room_01\Coffee_room_01\Videos\video (3).avi,25.0,12.16,145.49072132698535,8.142248666126267,179.93179085497965,171.78954218885337,1646.0339428798009,137.9511699114408,7.550120779911538,178.80035670219527,171.25023592228374,3595.2291668950807,146.60603524811899,43.91378086136096,179.87944043960485,135.9656595782439,1831.7930355035373,150.1852512925183,63.56800852728093,179.94478196880934,116.3767734415284,874.5206883633766,149.9966665860145,10.632411038982573,179.90426517082867,169.27185413184608,2207.9157232234993,156.64576029411796,68.4800544022584,179.96210499420513,111.48205059194673,828.5565369608843,149.60765838623047,3220.7298278808594,118.90945434570312,2972.736358642578,-68.23358662923178,-30.9403657913208,1,6,-1972.9967117309677,20,45.70466143202228,548.4353022613326,-165.6736755371096,6.2323597043933425
fall,video,..\..\data\le2i\Coffee_room_01\Coffee_room_01\Videos\video (30).avi,25.0,5.8,109.28419401719502,2.304413668150607,178.77326051872433,176.46884685057373,3801.091857092658,130.44670734589934,56.78125669009061,179.53688267392664,122.75562598383604,2811.0662177942345,130.48030046193304,81.88894404817925,179.47729236024998,97.58834831207072,1135.7756545148586,131.6245603449623,95.18599968818548,178.8776816882108,83.69168200002532,1192.6514141570283,110.35616670338366,34.31350176666884,179.80495207074466,145.4914503040758,791.9370229314818,115.88240999460518,40.0056099694696,179.02498930418054,139.01937933471095,1117.1999357382163,250.756861368815,6043.954531351723,252.4733266376316,6048.695348557978,-11.579872131347656,6.1310276618370665,1,6,-8318.599700927756,97,55.11100009284701,96.07758587928392,-197.85629272460952,2.4252834307554263
fall,video,..\..\data\le2i\Coffee_room_01\Coffee_room_01\Videos\video (31).avi,25.0,10.6,162.36304917300063,107.8534627730769,179.9554878941003,72.10202512102339,866.6640430955283,138.89299270683546,91.5591187962662,179.737310336296,88.17819154002979,1648.8593572616044,126.70023718026296,76.32246340567177,177.54397942120326,101.22151601553149,1342.8919841898987,131.93627121879774,81.84798675234423,179.9953277632102,98.14734101086599,964.5372940819904,114.83522919707482,49.31695064412241,175.77514501828477,126.45819437416236,2724.7281283942466,123.32209801870499,54.038054212007935,179.81714575313015,125.77909154112221,1131.7095073757048,238.9603614807129,2873.706817626953,161.4526948195241,1316.434632846608,62.240211486816406,62.237552252682775,1,6,-3666.652679443363,166,70.98006446934822,558.6063498466132,-256.0360717773438,14.225664385467478
fall,video,..\..\data\le2i\Coffee_room_01\Coffee_room_01\Videos\video (32).avi,25.0,12.2,142.0204561714503,79.99118796451869,179.95030052494147,99.95911256042278,1577.5122001057323,157.45483177524937,45.5182436172756,179.9644797619924,134.4462361447168,1828.2822327553852,152.32724211988454,103.67951554204498,179.97765035248446,76.29813481043948,401.8851396165438,145.70410744325912,81.00454911421052,179.98029714657758,98.97574803236706,924.8340729253541,151.13436531384016,90.60086503355302,179.73221039911917,89.13134536556615,405.19601355568113,150.01195449627227,62.62247300477587,179.99137636554758,117.36890336077171,893.9134110118757,172.42846171061146,1084.983825683583,119.87816365559851,1815.722662305088,70.96651967366536,57.57004171259263,1,6,-1282.465934753425,220,69.75448171587287,810.615966751331,-177.74055480957037,10.555249696799295
fall,video,..\..\data\le2i\Coffee_room_01\Coffee_room_01\Videos\video (33).avi,25.0,9.08,152.66005823721707,55.12582582951572,179.87686187111453,124.75103604159881,3011.039689537307,115.6330245374733,9.562732882762567,179.82184837857548,170.25911549581292,3781.125766567765,142.73323021484322,94.97392172278079,179.81810661311835,84.84418489033756,919.206830941172,136.26981923326227,95.50914855260599,177.0172950179694,81.5081464653634,767.1794071467673,161.71869472452997,139.36023080064436,179.92022650272924,40.559995702084876,531.0695978344562,147.2889687795008,103.4921734248912,179.92722300923387,76.43504958434266,663.2008041776771,138.74693552652957,1156.7627588907746,79.32901933458041,2503.505793484759,32.42341995239258,15.622184753417969,1,6,-10009.78469848631,98,77.97446848596098,851.080029917781,-240.47676086425778,10.379603313235641
fall,video,..\..\data\le2i\Coffee_room_01\Coffee_room_01\Videos\video (34).avi,25.0,16.6,123.29215466391834,68.93500396669835,169.48877038424212,100.55376641754377,575.6894100904124,129.1499243506988,22.888478481980357,179.72477784607935,156.83629936409898,2232.2683670905576,117.6794387597554,81.6303360326781,179.97192221225197,98.34158617957387,1158.770664491395,107.47310814874753,74.48338565213322,179.15989771408593,104.6765120619527,830.0822839650142,114.62657325794741,63.99603095298899,179.9159230891876,115.91989213619861,682.3967626851029,101.5972283167067,54.306448124066094,179.81651489766648,125.51006677360039,642.0270869681439,141.09556833902985,673.3684539794992,93.94240061442076,621.910572052009,60.35987345377603,51.03973340988159,1,6,-999.7138977050746,414,68.53143671833071,714.1603185123731,-195.22922515869146,11.306688451771796
fall,video,..\..\data\le2i\Coffee_room_01\Coffee_room_01\Videos\video (35).avi,25.0,9.24,150.5617327683265,61.07986260493762,179.10798239748325,118.02811979254564,1070.5458013461478,138.27464911789298,3.185489331939691,179.53469835574316,176.34920902380347,3361.788778433754,152.2660335510733,4.955393483294021,179.5100925066758,174.55469902338177,4121.278563880399,164.73524091104733,73.50772165524431,179.96383089478317,106.45610923953886,1255.8613583442475,142.84135168240286,19.3431261384433,179.9731555678233,160.63002942938002,3387.377278309414,161.39328569969953,66.50502912027932,179.96550022344715,113.46047110316783,1346.31873908028,118.81543477376297,677.79541015625,74.38208818435683,2254.1765002643288,38.32330067952475,13.506941986083973,1,6,-1785.2067947387518,95,76.26152509432784,384.0066077719788,-136.30428314209001,4.08696503416226
fall,video,..\..\data\le2i\Coffee_room_01\Coffee_room_01\Videos\video (36).avi,25.0,48.12,118.63611100515362,18.57431818101438,179.99592768836447,161.4216095073501,2517.7673360717085,117.85886702813472,0.018801031471157355,179.9468399868592,179.92803895538805,3831.469905903628,169.86586116871172,57.37106092483198,179.98409461883935,122.61303369400737,969.7839964900325,168.91748532540805,14.659175482744592,179.99984111320617,165.3406656304616,3024.466443455198,169.94297192117943,47.95515218735511,179.98774691898353,132.03259473162842,862.213948097856,163.9526920348225,4.812834541325086,179.99480208650414,175.18196754517905,2175.7649280608393,166.33836110432938,1307.4159622192471,97.1073201497397,3068.4739748636857,104.93516540527344,73.94329944578539,1,6,-4462.37468719481,641,66.54258600655102,955.8673437699371,-366.55132293701166,4.983508034071837
fall,video,..\..\data\le2i\Coffee_room_01\Coffee_room_01\Videos\video (37).avi,25.0,8.24,154.60448205025315,84.87471254956249,179.98193171716525,95.10721916760276,1918.7705638263624,145.14915747464738,11.368827926851296,179.99812474026422,168.6292968134129,1874.3719372033959,162.20230906001999,110.99817418020454,179.98017052493887,68.98199634473433,732.4419940001036,147.99396970210412,112.42837156958467,174.35666019488485,61.92828862530018,770.4066868127449,170.74656773738246,86.96440838197378,179.96335682544097,92.99894844346719,2062.7424025600344,151.9082387106748,113.69252202683882,179.9752048545905,66.28268282775167,802.8211090656769,166.79979324340835,1177.2336959838904,96.84643231905454,2851.7919010585933,27.551246643066406,17.322976684570307,1,4,-3099.4682312011437,67,73.896348580706,151.11033404505002,-364.3572235107421,9.450849796713984
fall,video,..\..\data\le2i\Coffee_room_01\Coffee_room_01\Videos\video (38).avi,25.0,14.08,150.54172345834922,8.241027741173715,179.9553735719493,171.71434583077559,3854.9593186919788,122.73867133154249,51.152661651964415,170.67374655885135,119.52108490688693,729.7441740652538,136.8150532563643,36.33625293462774,179.95749246861587,143.62123953398813,1652.238994703539,150.804062487769,48.56125536985048,179.99773558255856,131.4364802127081,2250.4187217667645,114.30278288996976,60.9386114907736,179.47219420106453,118.53358271029091,1570.9821870420953,138.03502511345565,68.3737531830249,179.811881728924,111.43812854589909,933.3669324074527,200.8015696207682,1073.56707255045,166.8189031283056,1141.5293415387318,114.77400716145833,96.00842644186582,1,6,-1884.0951919555594,247,42.05233378696965,343.32965781378334,-142.4559020996094,4.233084453326902
fall,video,..\..\data\le2i\Coffee_room_01\Coffee_room_01\Videos\video (39).avi,25.0,6.28,137.46182650516278,16.059018832149867,179.24531357371444,163.18629474156458,1558.1427018772115,70.0094820766242,0.014180510989835568,179.3936751872529,179.37949467626308,2006.666074218007,160.80633212246056,98.6067932460185,179.95961481675795,81.35282157073945,1033.6422208391375,159.51532138113018,16.58897568941855,179.97090360191862,163.38192791250006,1586.8735927649464,166.5048079640086,126.93537954509448,179.95118939471368,53.0158098496192,712.0535744788605,169.14116807628955,69.85593404314157,179.94214879044702,110.08621474730545,2114.2758326271005,173.359756469727,1811.817487080889,223.65065794724686,5548.587615673366,126.10604858398438,73.61541595458985,1,6,-1950.2315521240375,65,78.54248091008462,1798.5769239381177,-193.5906219482426,8.06355224378742
fall,video,..\..\data\le2i\Coffee_room_01\Coffee_room_01\Videos\video (4).avi,25.0,8.28,150.7726080739088,1.7819599653714584,179.68638883972565,177.90442887435418,4367.7175981846185,149.15641759479178,5.403382780724639,179.90052954987618,174.49714676915156,2793.4956487272907,155.31521243141617,32.36886691207857,179.7948639009343,147.42599698885573,2362.5814173642057,151.96162675883312,14.888574059662066,179.86285311689576,164.9742790572337,2639.9955008136485,157.46200014247492,44.353111747305306,179.91677798090896,135.56366623360367,2778.6536650513967,159.64867221091032,24.161594173354345,179.99136079516066,155.8297666218063,2712.9993165780033,579.1267395019531,14478.168487548828,356.27119700113997,5146.543184916172,-46.014806111653655,-13.498417854309082,1,6,-6497.434616088888,120,59.26797820967242,805.8166768507275,-188.45535278320327,15.287152158923162
fall,video,..\..\data\le2i\Coffee_room_01\Coffee_room_01\Videos\video (40).avi,25.0,14.0,135.4818927694959,67.12775808005932,179.7909324907387,112.66317441067937,2541.1327399224106,130.37478907315673,0.15954675735703158,178.2754017759838,178.11585501862677,3502.9023071513393,151.45428623670276,69.31646770238585,179.98647866036836,110.67001095798251,328.973327253663,150.39798082372081,78.81483384333075,179.93750218504763,101.12266834171689,377.81812458750784,149.03930768305253,44.59315247019528,179.61200682639327,135.018854356198,422.21418813638604,152.6648874026829,46.30272411423277,179.97686006278565,133.67413594855287,385.83290122113067,138.91054789225274,596.800486246778,120.52798122829813,1845.212995089014,68.54422505696614,54.92680912017822,1,6,-1675.828933715824,265,64.68653218778894,970.44625487964,-234.0427398681639,11.68019363582502
fall,video,..\..\data\le2i\Coffee_room_01\Coffee_room_01\Videos\video (41).avi,25.0,15.28,108.08599569705099,2.591675366934042,179.45095176513985,176.8592763982058,4270.3419680237375,107.62997014921052,11.614486110851166,179.86071882356578,168.2462327127146,3174.907499352888,143.6355239731912,11.581604811922015,179.9359282138098,168.3543234018878,2506.1116238416803,140.083799729426,4.423784289241711,179.9603651089235,175.53658081968177,1936.8284756910534,142.66579043027747,1.566645985365315,179.91641213755963,178.34976615219432,2492.97004860451,140.41352108992115,0.7122554275667875,179.99917293478995,179.28691750722317,1929.9643122568475,184.27951812744183,2010.1737976074219,127.13877201080308,3205.9634985067833,112.09361521402995,66.70812019935022,1,6,-11419.21520233156,281,81.14133115244434,728.2577189836516,-152.8651428222659,9.922136918257895
fall,video,..\..\data\le2i\Coffee_room_01\Coffee_room_01\Videos\video (42).avi,25.0,6.36,118.93881066080824,62.992014044013544,161.4430059130444,98.45099186903086,709.4615998501486,147.32663168569601,47.84295592406741,179.47743458331456,131.63447865924715,3023.59991700676,150.13585355869859,117.9669169757314,176.86810445879402,58.90118748306263,637.5991222096452,138.40387430094853,95.08306259498701,171.45014893661502,76.36708634162801,592.2687948680668,142.4944814479565,83.95383999988334,179.28190370166084,95.3280637017775,584.4399409768556,137.05923141444075,60.156877577955576,179.91421290303296,119.75733532507738,449.3102280483768,248.3410008748372,1524.9754587809505,170.12348349889095,887.9848840190264,84.5489018758138,57.81324005126953,1,6,-1589.7369384765448,125,55.82096905300339,404.0416169928048,-171.8961334228517,6.501300288024048
fall,video,..\..\data\le2i\Coffee_room_01\Coffee_room_01\Videos\video (43).avi,25.0,28.72,160.03488988174638,48.51681530089914,179.98910055751716,131.47228525661802,2156.350768846252,136.4459566829937,15.06186074309536,179.93550224364296,164.8736415005476,1837.8777007481226,157.2854293856535,46.063088753102555,179.86505340187273,133.80196464877017,829.827840442093,161.55117517648696,69.60509132007537,179.97491108493182,110.36981976485644,859.9544905982086,156.805344347802,38.731889187753296,179.9939374649724,141.2620482772191,484.31407919135233,158.19517286300618,47.85940397441021,179.95879080656138,132.09938683215117,781.0312668398392,231.38964335123688,752.7662913004463,159.49104992548726,1068.4999465942458,118.38414764404297,88.67766256893381,1,6,-1650.3086090087927,642,42.080964336654105,222.57518658618554,-122.07321166992209,3.947008536679281
fall,video,..\..\data\le2i\Coffee_room_01\Coffee_room_01\Videos\video (44).avi,25.0,5.32,133.58303392417844,0.11304137250141753,165.43386003790062,165.3208186653992,3052.7174118696394,140.08440304760262,2.5095905472496383,176.0954413262989,173.58585077904925,3494.1977017049844,145.5852006397488,53.290098243609066,178.18288348502506,124.892785241416,2065.2095249238723,147.3661706533043,32.45440427658201,179.79245326130888,147.33804898472687,2879.0188751029464,139.84282693298675,43.79612635937289,179.08706803512513,135.29094167575224,1185.242239031533,136.8524041358113,46.78563377158214,179.15602023957865,132.37038646799652,1309.5554621979413,514.6588007609055,3794.443130493157,295.8323421478276,2956.706387179704,163.43615086873373,112.28000119527181,1,6,-6918.918609619169,85,65.56168776630321,537.5999823198673,-230.19912719726534,3.8993800462416712
fall,video,..\..\data\le2i\Coffee_room_01\Coffee_room_01\Videos\video (45).avi,25.0,8.6,168.1914582668395,97.35517300148243,179.81167255553981,82.45649955405739,1104.6944398989922,115.96279513386247,89.0804459695934,157.51721097734054,68.43676500774714,657.4814251937469,159.78306904077388,115.46132633415233,179.89408602585533,64.432759691703,381.57977687248524,165.5475150125439,122.83826795881541,179.98054979954935,57.14228184073394,419.7860106057124,153.54398333177647,85.46932255812744,179.9605523661029,94.49122980797544,358.8495524616764,152.33698915948924,93.3699860832569,178.2209802644867,84.85099418122981,457.5458071310013,157.13493347167997,810.2130889892401,109.52528778711965,923.5185464222973,130.70692443847656,99.96360373497009,1,6,-1394.336700439478,117,70.99808002665962,1186.2782711650148,-187.05696105957017,9.447768795222578
fall,video,..\..\data\le2i\Coffee_room_01\Coffee_room_01\Videos\video (46).avi,25.0,11.68,153.62255916137303,26.731776219480157,179.40136660689873,152.66959038741857,2719.571138735842,134.6933376491118,57.2570378462185,176.46498030417786,119.20794245795935,2222.016928822881,167.35928107403925,81.66730128011389,179.9645515068733,98.29725022675942,715.5870019851044,169.37213058612411,93.24924516789481,179.9526904278183,86.7034452599235,875.2626918207578,169.67903972472524,63.15538120982348,179.9882538844239,116.83287267460042,795.6588531329089,167.24751289659483,68.08399432128697,179.98913426975918,111.90513994847221,1213.2426156228305,195.04899342854856,1326.933224995912,149.40383100509678,2429.5400272716174,152.7669881184896,112.09328155517578,1,6,-2334.1388702392505,182,55.40641682665968,624.9781033813656,-164.73533630371122,3.4037483578020558
fall,video,..\..\data\le2i\Coffee_room_01\Coffee_room_01\Videos\video (47).avi,25.0,29.16,118.66525158937067,8.301809251279387,179.79504973304833,171.49324048176894,3333.224632790527,135.3864855305944,9.520057045899392,178.7183247986674,169.198267752768,3272.599532422163,167.6238370371302,62.42789169561917,179.9909462485073,117.56305455288813,1647.8714875996545,164.86358654520203,77.87890556645695,179.99767144385814,102.11876587740119,1368.5093742353984,166.07614750560472,51.97645588042205,179.98364362596303,128.007187745541,1852.6394861369415,163.5103122839624,55.88029232623516,179.9962501349758,124.11595780874066,1218.5592548607437,203.3202997843425,2010.9357833862518,143.94904327392624,2355.2945888403797,94.5961685180664,54.22937536239624,1,6,-4032.760620117184,653,52.24135293999892,477.9694318100466,-222.23758697509766,8.752315347085304
fall,video,..\..\data\le2i\Coffee_room_01\Coffee_room_01\Videos\video (48).avi,25.0,31.16,128.70324250312555,30.61606522894179,179.89605499209705,149.27998976315527,3213.1975634674063,121.68931009980965,8.1196360296061,179.98521294341975,171.86557691381364,3358.899139940541,151.88070906129127,60.02805215070223,179.93558702355335,119.90753487285113,1265.1383754410706,146.6193859003994,62.09773031336979,179.96721401463225,117.86948370126245,959.6102838677119,154.21024773443878,10.249328340711946,179.9953644253919,169.74603608467996,2118.330946304525,149.44211752007632,37.63920844821249,179.88338771763526,142.24417926942277,3043.2091612921895,202.50685373942048,2806.2829971313618,149.7889800298779,1596.6377380566855,97.2791010538737,58.97950388590496,1,6,-2375.0658035278248,661,41.52273737405445,359.3389434147774,-182.43511199951215,6.463499148297169
fall,video,..\..\data\le2i\Coffee_room_01\Coffee_room_01\Videos\video (5).avi,25.0,7.24,161.24199011747584,69.58431456844187,179.87344849246244,110.28913392402058,1624.2744385690748,147.23339819812273,47.15369868926815,179.98123309973067,132.82753441046253,2761.6429705431356,152.48118994476164,9.026296399369098,179.79596319354687,170.76966679417777,1903.6838076951963,160.7866918662197,59.70520981640636,179.9280249661624,120.22281514975606,1427.38293206841,156.03483922262274,42.8034427084349,179.90931750519258,137.1058747967577,2019.4374587764648,159.46750101944653,51.90799171950591,179.9961422529953,128.0881505334894,1099.7571401612443,174.2044576009114,2439.1441345214917,145.03340552834914,2997.235266716931,69.87673950195312,32.22228365811435,1,6,-4520.318031311028,93,65.38730998422085,614.2161650980274,-146.6992568969726,4.589346461629495
fall,video,..\..\data\le2i\Coffee_room_01\Coffee_room_01\Videos\video (6).avi,25.0,9.56,158.1411194626945,6.0387971226637305,179.8911839385244,173.85238681586065,3794.072159244542,153.41301904124867,2.86260283931783,179.83844482702756,176.9758419877097,2887.301540508896,154.52428637544082,51.04794159133873,179.9919446383113,128.94400304697257,1636.7991178526206,158.6782672912808,52.88047411180862,179.9621159944122,127.08164188260358,865.1261840135579,164.97446069600178,71.31510159913628,179.96709423272145,108.65199263358517,1968.5660260505265,163.85450559287955,68.17762811301921,179.93303844374725,111.75541033072804,1970.9687758878533,353.84042104085296,6613.94882202149,215.9444405237828,3708.659827007974,73.67488098144531,41.89545726266135,1,6,-10371.130943298325,105,64.3698634469947,479.86704880638484,-137.0127105712893,10.123695068611871
fall,video,..\..\data\le2i\Coffee_room_01\Coffee_room_01\Videos\video (7).avi,25.0,6.96,144.74191404380036,62.829706904808674,179.96624950148174,117.13654259667307,2349.1695176571857,137.1328845350738,71.5616289283841,179.91324270335335,108.35161377496925,1687.1296245985998,148.63880401852535,21.460758451285702,179.93600672639715,158.47524827511145,2073.518236637357,145.92551626651144,20.62099519617458,179.89715102093385,159.27615582475926,2901.627388013671,155.8456641298102,62.64777652221571,179.95260929192935,117.30483276971364,1917.3653763307623,152.28491642803195,66.16213531016261,179.88174419069782,113.7196088805352,2039.2789284367275,146.92263285318958,2037.1821721394667,258.30601056416856,9061.942182887695,86.42537434895833,50.58913892858169,1,6,-2889.1787528991754,61,66.06193314195485,477.938156735635,-150.9780120849605,4.352852037756316
fall,video,..\..\data\le2i\Coffee_room_01\Coffee_room_01\Videos\video (8).avi,25.0,10.32,154.00663155547505,134.85438010309022,179.12060046564912,44.2662203625589,377.86504730856905,161.41614305233836,89.8668330802812,178.14786323936403,88.28103015908283,1444.652508970225,166.2132863951906,85.84005421423878,178.67769863000765,92.83764441576888,1349.821955707184,169.0444050403681,52.42965709098675,179.9627093301821,127.53305223919534,2710.8249298451037,152.9669497109392,37.62664484403552,179.77826014621493,142.1516153021794,1938.6977048148096,153.31894775388864,4.820543351825288,179.99248406328653,175.17194071146125,4014.0830724187695,276.53214772542253,10029.15636698404,159.32213544845553,2946.031276384993,63.52677536010742,30.668752425756196,1,6,-9249.372482299805,171,76.17329211301971,199.39476369260953,-148.24096679687494,3.809712966875356
fall,video,..\..\data\le2i\Coffee_room_01\Coffee_room_01\Videos\video (9).avi,25.0,8.24,125.4696824712034,6.597082600341604,178.83013208879643,172.23304948845484,2793.6013600524407,121.64314484554357,0.9704890317193426,179.8123438985227,178.84185486680335,4108.845685410321,110.59983897330054,8.09379643350963,176.18358132781967,168.08978489431004,2199.9046147408126,102.46819293937067,1.7635280956050774,172.59460256229548,170.8310744666904,3450.5444646727656,125.14553647517349,12.351843688496759,179.1667153684408,166.81487167994405,2962.89441643912,119.37876561885516,12.635793745639274,179.35267430182674,166.71688055618748,3123.343864354252,338.1372197469073,5387.075424194343,181.65582720438707,1234.4239977561422,104.53357187906902,68.55632701286902,1,6,-3631.7653656005796,103,64.57162305567479,155.5974217930525,-231.8183135986331,10.260933648621911
fall,video,..\..\data\le2i\Coffee_room_02\Coffee_room_02\Videos\video (49).avi,25.0,19.68,150.8117750638334,73.99423345375423,179.97822037251095,105.98398691875671,1477.0786949707801,101.76701627427676,0.388136010770669,178.9593457624708,178.57120975170014,3953.8271836228746,168.1750280602367,131.49280288219418,179.9888022407934,48.49599935859922,952.3017615402302,166.30765035143844,113.46765180328511,179.6528497791875,66.1851979759024,883.7323482237558,154.16519482568006,115.96551746738558,179.99230444782967,64.02678698044409,559.632005317944,159.2071840456852,124.62447012699678,179.8416040103146,55.217133883317814,900.8434715040992,295.51450093587306,1848.5724131266145,207.99420118331895,2921.257289973216,84.87928771972658,65.41258932874095,1,6,-4739.603996276837,438,55.071928945908866,418.2756640554059,-323.63224029541016,4.250058343411189
fall,video,..\..\data\le2i\Coffee_room_02\Coffee_room_02\Videos\video (50).avi,25.0,78.16,122.55115750045854,0.9342228953597415,179.99955186886035,179.0653289735006,3816.7962447088853,103.85461314717949,0.6106417712548157,179.60198669768414,178.99134492642932,3259.547966255242,151.04530372342535,48.37351460567959,179.93091298061756,131.55739837493797,1309.561230882481,152.54546196601848,116.03940327234204,179.32088002375056,63.28147675140852,769.2007766716056,137.79017787147825,93.62278284015508,179.9127240133478,86.28994117319272,588.3496909758836,143.29573159684406,101.53054596115736,179.9702386946492,78.43969273349184,431.39760367955023,392.7314758300781,9818.286895751953,209.6567153930664,5241.41788482666,-68.77835083007812,-25.72203826904297,1,6,-8285.390853881829,455,1.6495632448864639,411.6038970860828,-247.61734008789062,14.593036732463977
fall,video,..\..\data\le2i\Coffee_room_02\Coffee_room_02\Videos\video (51).avi,25.0,8.12,159.8500359106943,77.00312503537235,179.59510459775186,102.5919795623795,1212.5812857251328,150.47056119318714,22.717071119501476,179.70573285709824,156.98866173759677,3265.091691250781,126.74412930373052,60.67876227613649,179.35027424036267,118.67151196422617,897.2772058156515,130.82025899452879,73.63706608855053,179.71866222134824,106.08159613279771,1307.9534337028367,156.9989086405603,65.5351499612645,179.43772630074176,113.90257633947726,865.6723617001294,158.0970301438753,48.672665974052315,179.65554713195428,130.98288115790197,925.4543384302,118.44436645507841,2961.1091613769604,871.165053049723,28672.942431767773,27.237770080566406,-19.66664187113443,1,6,-9753.106117248542,64,9.398318729361954,390.21241599590314,-118.42712402343771,3.931038960617661
fall,video,..\..\data\le2i\Coffee_room_02\Coffee_room_02\Videos\video (52).avi,25.0,8.6,90.28577060143832,63.460983674852194,137.0361063475934,73.5751226727412,482.1975416788572,101.18915651999602,30.051206500144737,179.66397797545608,149.61277147531135,1217.0745649555545,137.85905035940058,101.49983066396625,175.75165730646842,74.25182664250217,334.3676984971953,121.9445029223775,82.90599696546298,177.06010475665605,94.15410779119307,592.2960738175217,139.31738025846377,101.09491388355482,178.53018167432094,77.43526779076612,392.7683643797124,122.87580705929575,77.30434645376796,174.7699875989741,97.46564114520613,529.4659200390292,144.18411254882812,522.5359598795617,119.29610649744617,624.4618415832548,51.758577982584626,40.82013559341431,1,6,-1209.7730636596539,214,60.645747277547336,713.5492603264228,-151.5697479248047,8.52338212228856
fall,video,..\..\data\le2i\Coffee_room_02\Coffee_room_02\Videos\video (53).avi,25.0,15.32,118.58230383565184,47.51586020428098,179.68597808520929,132.1701178809283,2694.9472963964363,102.63024571620875,8.132706945349934,179.1407428850261,171.00803593967618,2917.0508271069293,156.33583000323253,120.4717260893274,179.89183028319192,59.42010419386452,442.7159243332138,155.5868438325005,89.91882927772618,179.9836601370674,90.06483085934123,723.6140303546098,160.00278557307303,125.24998799154191,179.98693390613658,54.73694591459467,357.40311003568263,161.1333124974258,127.70912423350143,179.95256048732512,52.24343625382369,386.59996485670405,185.24154663085994,3185.724258422855,116.41815821329757,4379.956404368084,-42.27595011393228,-9.337687492370605,1,6,-1947.8759765624786,13,54.08494095713756,1689.3236106743207,-162.70057678222668,12.045840960776077
fall,video,..\..\data\le2i\Coffee_room_02\Coffee_room_02\Videos\video (54).avi,25.0,10.04,170.90130244218906,148.11548311737786,179.9914082210104,31.87592510363254,470.26622591422654,160.24017848860532,130.98690943738904,178.26244932023866,47.275539882849614,736.6399577730881,163.98193824095478,100.8048294679831,179.7701903570887,78.9653608891056,997.7784423275381,169.3021254921812,114.42452014376478,179.9774981842016,65.55297804043683,697.6620298380702,168.39303245243204,55.98653934942681,179.70646676745588,123.71992741802907,1407.4438792909352,169.55461954190187,58.378204255363514,179.9502199085159,121.57201565315238,1619.389426069244,214.03427124023438,2259.9347432454665,765.8566856384276,20871.838383574577,72.25758616129556,8.82379811604818,1,6,-18348.432540893533,2,-6277.594687217004,-34.29949493913391,-1006.9049453735349,5.680289129301788
fall,video,..\..\data\le2i\Coffee_room_02\Coffee_room_02\Videos\video (55).avi,25.0,12.92,131.20102754410226,10.08041542728807,179.936144569543,169.85572914225492,2779.5525754807986,140.9223302989693,22.34301356297179,179.06236052164377,156.71934695867196,1291.1942399408413,121.40291758921819,8.407408718875025,179.61952660552873,171.21211788665372,2829.4356738916385,120.9058239641445,22.353105454050134,179.71397589405552,157.36087044000539,2544.198110812916,123.05794673274272,10.52939075679367,179.92105280923565,169.39166205244197,2847.3506030659087,113.41522158595684,12.681077678830922,179.27941008225406,166.59833240342314,3515.565590126135,184.31901931762695,1284.5071156819542,127.09411327655502,1356.4971148312566,104.74076843261717,77.84721831714407,1,6,-8853.975296020504,232,50.68659926432346,229.75043602287482,-120.97835540771449,3.945851965838576
fall,video,..\..\data\le2i\Coffee_room_02\Coffee_room_02\Videos\video (56).avi,25.0,17.24,146.0166840697261,21.785657641927326,179.95702233001677,158.17136468808945,1642.2747415246229,147.7783350830072,65.07725125088578,178.3184117982939,113.24116054740813,727.5059712959088,141.5737216027071,71.23130290333262,179.93656178745601,108.7052588841234,2206.761371163599,136.41863903868457,65.72700851932608,179.94688390063385,114.21987538130777,1550.6442078472396,132.42985645004168,77.08114593312254,179.95073251062442,102.86958657750188,828.8731908201821,127.22071730208958,64.99062797356211,179.8732705463974,114.8826425728353,1098.0009795783112,220.73383331298828,905.8577219645337,144.72172260284424,1043.9830667832161,92.5940424601237,59.39037827021397,1,6,-9808.130264282227,78,74.34669071956014,1264.5278867624,-145.60047149658217,5.942799133798688
fall,video,..\..\data\le2i\Coffee_room_02\Coffee_room_02\Videos\video (57).avi,25.0,22.52,113.45248226155893,3.886106745355102,179.62764722196655,175.74154047661145,3562.1238718144227,111.86722084065535,0.7146903991152899,179.7111195494106,178.9964291502953,2550.68503882681,112.48652700676642,2.9823173642576535,179.8741566114061,176.89183924714845,4242.359110810165,118.1656645015272,3.0551957246339123,179.892465587525,176.8372698628911,3133.984982075662,123.28160422361505,6.7286589615526,179.94547302902632,173.2168140674737,3816.482051209073,124.77642391522348,0.6190733089529207,179.93527399318015,179.31620068422723,2605.45301228669,134.53051249186174,1806.7874908447302,111.5482105928308,1846.2336460749461,17.53643290201822,-0.48344656626383653,1,6,-5026.079177856442,305,62.51424875355707,13.421872484190702,-274.7814178466797,3.238620422126856
fall,video,..\..\data\le2i\Coffee_room_02\Coffee_room_02\Videos\video (58).avi,25.0,12.44,156.62393063121797,46.141584578594774,179.7966069880449,133.65502240945014,3217.9352555961236,160.5962026177619,7.025863205545275,179.920160394573,172.89429718902772,4079.3744770760336,123.47444193519192,48.65257528993444,179.9688697635481,131.31629447361365,1091.2099707592133,126.53804054137181,66.80225046688592,179.96584581458066,113.16359534769474,825.8697353574569,144.96182377279447,79.41598822557927,179.95695916801392,100.54097094243465,929.4856765504704,145.19580796918896,77.21477041946152,179.96674105514072,102.7519706356792,801.4222416434042,146.8994267781575,2591.5385882059727,100.33168259788923,2032.950698004825,42.90299224853517,14.85456858740912,1,6,-7020.303726196317,119,71.87120839400235,753.0217212993134,-170.41103363037138,6.3765367232797185
fall,video,..\..\data\le2i\Coffee_room_02\Coffee_room_02\Videos\video (59).avi,25.0,10.04,148.16654838653497,72.07538338077273,179.8647524983382,107.78936911756546,1296.0635554199037,131.54564322796648,2.891507525263035,178.37311233020452,175.4816048049415,1337.9682843086553,138.92906566168915,80.93073082405374,178.92868642826298,97.99795560420924,416.2627544540879,144.3216834042142,112.35094947140207,179.53342518429142,67.18247571288934,550.4136271237438,128.70485508961352,39.25536695292233,179.85747573482047,140.60210878189815,607.2877806780099,123.54991798669232,49.75486582777054,179.99818979650595,130.2433239687354,472.43261648517176,140.9667841593425,1410.461743672702,99.16466279463378,1932.1307000659792,72.81181335449217,45.23294992446898,1,6,-9929.577827453606,133,70.5954470834466,323.3200739719627,-227.21160888671898,2.6330651001762435
fall,video,..\..\data\le2i\Coffee_room_02\Coffee_room_02\Videos\video (60).avi,25.0,11.0,138.35208831292218,22.975204161377142,179.98808850227127,157.01288434089412,1914.0893943750023,89.9877840875665,0.08444154071744353,179.9512232657707,179.86678172505324,4275.115490139139,88.63972804198114,23.47617609094652,179.81281548867983,156.3366393977333,1224.8817441800647,79.85185439167554,7.852703687894553,178.8531021910154,171.00039850312086,1414.97360192645,156.10032899241108,14.127374926231973,179.89493943497308,165.76756450874112,1334.5142367599883,151.39130413312682,2.3029206043078454,179.99348095246347,177.69056034815563,1186.278331621565,172.80704498291044,1908.9059829712162,127.62075560433459,2038.4479580503446,78.2191696166992,28.091053164382856,1,6,-15264.15252685549,150,71.76642821512077,273.97150945892724,-159.95323181152338,2.8447821418855797
fall,video,..\..\data\le2i\Coffee_room_02\Coffee_room_02\Videos\video (61).avi,25.0,52.56,118.74468763515767,0.9215739534037725,179.9335434523154,179.01196949891164,3276.1206433530974,128.88095355828176,0.038098940400581364,179.85842374422043,179.82032480381986,3189.342729901586,159.247631734525,75.29536380571312,179.97536821209596,104.68000440638284,781.4051358495519,158.86777999315453,77.41428049011822,179.9929555447347,102.5786750546165,470.8926494850818,152.37900944880016,58.5689592744279,179.99637427974636,121.42741500531847,376.93336857952386,152.79467810335373,61.80315209861141,179.99228977889058,118.18913768027917,393.96143791989255,554.5197296142576,14226.634025573725,118.8645521799728,5587.794664927906,-66.55390167236328,-42.75605850219728,1,6,-8523.738861083955,215,-4.594485250819365,111.74703591706057,-95.82738876342738,1.1587434328178825
fall,video,..\..\data\le2i\Coffee_room_02\Coffee_room_02\Videos\video (62).avi,25.0,11.28,117.19608603615754,55.91316886673318,179.85729133162587,123.9441224648927,484.2651343091834,125.23447204039466,43.52932201339071,179.75150161888553,136.22217960549483,2736.9271438091173,144.32317782329847,86.30930195423805,179.98632919614712,93.67702724190907,768.386364679272,137.35003560228412,77.27943997999556,179.8976227958277,102.61818281583213,753.9719941637809,136.36958975233097,75.45942072260769,179.99320510872477,104.53378438611708,688.3371585810497,135.92913948691196,65.5076526149262,179.7829268365362,114.27527422161,650.5065647750772,201.14621480306027,1026.700973510728,126.94250742594448,3782.170136769629,62.70024871826172,33.20916557312012,1,6,-1876.0509490966904,180,68.42916439379798,965.4585352910169,-154.70020294189447,5.942773071873264
fall,video,..\..\data\le2i\Coffee_room_02\Coffee_room_02\Videos\video (63).avi,25.0,23.84,100.33804834212127,2.0754942135110057,178.09903172187103,176.02353750836002,3158.8419579050246,114.59115669047277,1.5756927372076286,179.93132692357335,178.35563418636573,2209.8838666973525,168.42518110977707,142.2633594680104,179.8439783595755,37.58061889156508,239.0518076241804,173.4399747504709,146.2216931911643,179.95463077152928,33.73293758036499,259.2578821509832,163.76270851658788,90.07915685740413,179.94189135110057,89.86273449369644,382.19932922615277,163.67076911852277,70.70264853506505,179.99853959553337,109.29589106046832,356.95721962733023,66.0110664367675,852.2513707478829,86.98294629107508,1962.6167470758382,-19.843027750651046,-19.658233603453013,1,6,-14417.196273803705,299,49.47821360650973,114.54490265220178,-211.12892150878935,0.9562580046486788
fall,video,..\..\data\le2i\Coffee_room_02\Coffee_room_02\Videos\video (64).avi,25.0,8.48,113.98460552201924,2.752947646138127,179.03224384866223,176.2792962025241,2834.266459168156,90.97818820025165,8.207249987635103,173.47374663498348,165.2664966473484,3279.699617709981,165.96316935826627,120.83584884069992,179.51120774382989,58.67535890312996,954.3157132384898,167.0994607454726,137.37330527550805,179.9594737894016,42.58616851389357,994.4780165517968,165.45240329667763,89.18790738528573,179.9664192809846,90.77851189569888,671.2216217815136,167.77454774576177,116.84164063022604,179.99894464321605,63.15730401299001,859.6274822147712,210.26499430338603,1188.0928675333728,154.41158855662565,915.0830016416655,127.7200673421224,98.26733887990316,1,6,-1529.2930603027344,145,79.05848917633777,1593.0149078398606,-208.94905090332045,8.347638243518297
fall,video,..\..\data\le2i\Coffee_room_02\Coffee_room_02\Videos\video (65).avi,25.0,28.44,121.76299106887687,38.122097948758416,179.8016474528058,141.6795495040474,1010.22599325001,143.28025172838198,58.98764023102832,179.96773756359138,120.98009733256306,796.1695540104671,171.43930480521033,143.77211522000238,179.98043642065355,36.20832120065117,236.62928640325447,173.92481105757807,152.5321904203543,179.95215617079498,27.419965750440667,280.0603443884498,163.43124601841566,45.972395843759344,179.99586647201832,134.02347062825896,337.33986017941027,159.5128313104164,50.156835020733816,179.96187431264784,129.80503929191403,328.9760025317621,95.23890177408845,1143.005530039467,65.25656616993416,913.4716082841887,6.560835520426423,7.568352867575257,1,6,-1045.104503631591,213,50.13213811686056,74.38543666892397,-91.2968826293941,0.7792673701490754
fall,video,..\..\data\le2i\Coffee_room_02\Coffee_room_02\Videos\video (66).avi,25.0,11.92,122.93893061519262,84.8343220829513,176.8970342333369,92.06271215038561,569.4417214107883,138.15812197573354,90.38038697494572,179.7533111426864,89.37292416774069,1079.2559152614956,163.67374415908665,136.39911453308326,179.98598379644278,43.58686926335952,372.02103879252064,165.9546199593501,138.869785154142,179.8773345972258,41.0075494430838,210.05543329074214,159.33590097506078,123.64129912836977,179.92172063057978,56.28042150221002,176.9393115728036,158.80474911322375,130.33570780531696,179.951293116028,49.615585310711054,220.4690884114349,71.89572652181013,1265.2893066406357,78.6477788289389,2552.817807053067,53.094749450683594,30.762060487425174,1,6,-3128.576278686541,88,42.94877042249888,111.76373929609886,-203.4161758422851,1.7009459705575436
fall,video,..\..\data\le2i\Coffee_room_02\Coffee_room_02\Videos\video (67).avi,25.0,13.88,123.54950576819303,3.0503102798074013,179.87361642238622,176.82330614257882,1164.9058398281454,133.42315852296298,0.24612803518358406,176.20274537062903,175.95661733544546,1239.4370461957394,174.9547071916744,160.98191234095992,179.99015615401242,19.008243813052502,151.192901574737,175.64134999427588,163.99326451674776,179.98016800781767,15.98690349106991,140.50148880827393,173.41718575183873,160.03235844651522,179.99505178433395,19.962693337818735,139.75778105360703,172.99259801375396,156.29883721464844,179.9592438659939,23.660406651345454,154.03589010781147,240.67821502685547,6016.955375671387,305.32354990641295,5652.486483256016,-34.046783447265625,22.254974365234375,1,6,-2163.5446548461878,14,92.85585800719515,84.65870983891804,-410.26329040527366,2.984724120500208
fall,video,..\..\data\le2i\Coffee_room_02\Coffee_room_02\Videos\video (68).avi,25.0,64.28,134.34894013540494,0.1968175332201787,179.99349465322447,179.7966771200043,4023.916529075944,136.240131318043,15.21183070358771,179.99390082194813,164.78207011836042,3888.2622335647193,163.39438654725674,97.61377124762058,179.98254470800129,82.36877346038071,540.1029635614179,165.85964501561764,84.74251800033154,179.94666861720856,95.20415061687702,877.5161679631502,162.02103196144995,93.26704982985508,179.97419142361855,86.70714159376347,509.881016486603,164.18279410310205,75.78898692071984,179.99560754907475,104.20662062835491,566.3269345133898,73.41737111409472,1800.2567291259818,162.99853324890066,3581.4676068046047,14.592174530029297,3.750692479750697,1,6,-5760.765075683594,993,95.55577496241492,189.68941255425455,-348.34655761718756,2.80700258157876
fall,video,..\..\data\le2i\Coffee_room_02\Coffee_room_02\Videos\video (69).avi,25.0,51.32,155.1684205558663,57.7621380128725,179.97801398886946,122.21587597599697,1920.1543286081428,112.35952592126984,12.182183455672858,179.54964738896732,167.36746393329446,3138.2960073242675,172.33105861993138,150.55544142170217,179.99745084806096,29.442009426358794,234.61612948876294,173.47648982315744,154.51482327724673,179.9911952603736,25.476371983126853,439.18321947104243,162.93260267173022,131.59705073087716,179.9675154300133,48.370464699136136,454.204963959036,169.54583161728644,140.13540801363683,179.9820781456728,39.84667013203597,268.0609314252507,58.66422017415367,670.6727345784369,77.71844088376199,1678.4991326958475,-64.2632319132487,-59.92612648010254,1,6,-5691.57600402832,668,20.376404921879917,167.29180508486562,-204.61124420166072,1.1202386284265453
fall,video,..\..\data\le2i\Coffee_room_02\Coffee_room_02\Videos\video (70).avi,25.0,33.56,129.12213902054813,11.523244320995085,179.9157236976529,168.39247937665783,1707.8443729131918,143.7078626349998,64.21953413468347,179.86788305295858,115.6483489182751,823.8344240948077,158.58251338712986,53.00681767448588,179.99185159464557,126.98503392015968,888.0987823290781,161.61744191228664,61.08296021724088,179.98300364693972,118.90004342969884,600.9249237389828,156.97878998560265,40.969919537645374,179.98728157218434,139.01736203453896,736.3164601052166,159.46472536474707,39.68841858003039,179.96199107906952,140.27357249903912,468.7539181853779,160.8430226643879,1021.556854248038,218.64181009928458,5863.329484727675,-57.6453399658203,-69.52928583481732,1,6,-9936.542510986328,306,42.7827063706374,35.30347313257145,-500.1932907104493,0.7353191393791952
fall,video,..\..\data\le2i\Home_01\Home_01\Videos\video (1).avi,24.0003840061441,10.999824,118.87483415705339,85.890918127232,167.2929540193024,81.40203589207042,418.62500697923747,128.5734957263574,76.2764795427492,179.50339739445786,103.22691785170866,2270.0739790900525,131.74912397869625,87.29498134213344,179.99915524458225,92.70417390244882,785.9113154502726,119.37395575781572,79.21078706880807,179.89277415503668,100.6819870862286,741.6388640412142,137.261091162339,96.34062918099495,179.96132702610888,83.62069784511392,691.5970280288076,131.6352627128577,75.32941851115174,179.5559239344507,104.22650542329896,540.2370214965447,123.86017268073174,446.3026604771418,82.87775182527895,2822.220943892629,59.56876627604167,49.82585398356122,1,6,-990.5344312232322,91,53.16453339442927,403.0697159236765,-289.58227003507056,6.73529127399848
fall,video,..\..\data\le2i\Home_01\Home_01\Videos\video (10).avi,24.0003840061441,12.999792,162.00029395023384,45.788970193979885,179.96135960213218,134.1723894081523,2625.457692162165,148.33455213541896,5.9875797799169685,179.01757327658595,173.029993496669,3113.672227629142,163.99800626857876,10.487423724091279,179.888707321183,169.40128359709172,2790.9151206619053,169.08158058575572,16.93174821583264,179.99692375995366,163.06517554412102,1865.4024333293369,145.9230577954277,29.29758945033538,179.55669715545798,150.2591077051226,3322.818814673099,155.32756766779363,5.866872025755118,179.8763999185405,174.00952789278537,3249.2447769183154,1097.2717677740657,32053.027153507097,295.69713037940113,6857.8755635436655,106.03311157226562,110.71523439884186,1,6,-7152.870784565247,62,46.3115432966733,55.68883122721493,-2287.795332752668,4.467056996741545
fall,video,..\..\data\le2i\Home_01\Home_01\Videos\video (11).avi,24.0003840061441,12.999792,170.92717342732803,140.74211082642873,179.92401812469237,39.18190729826364,678.5396413548972,155.4992649968229,113.29342734222614,176.46936610447082,63.175938762244684,1516.2467902425162,174.24561794050257,151.0070953295966,179.96472383532583,28.957628505729218,661.6910658263255,175.34608124881362,160.81408297862112,179.95385183244116,19.139768853820044,407.7286770375605,174.00634638082053,128.47154694756418,179.81909767717903,51.34755072961485,1089.2687045536045,175.19626114700628,164.5091752187787,179.93135124828677,15.42217602950808,225.2553968872988,516.8718136501902,9479.239563708095,495.93139071279774,12075.324737378425,95.26754252115886,141.07802772521973,1,6,-4475.070642521199,67,65.6538278345323,368.3789999255788,-899.1100278502894,9.296895673192832
fall,video,..\..\data\le2i\Home_01\Home_01\Videos\video (12).avi,24.0003840061441,8.999856,157.77677246206719,79.63312597578651,179.98843072833625,100.35530475254974,1973.4493141423216,129.56024946710875,64.8091134582051,178.34290652225627,113.53379306405117,1670.2897695211361,139.50001046039884,28.87763260232466,179.28661759402658,150.4089849917019,1554.5471759416066,142.53639920442632,36.95591863796101,179.96783201500338,143.01191337704236,700.2469845820898,134.52172726491779,30.02024991808586,176.4096454212199,146.38939550313404,1526.2674509691326,134.95548988893825,42.803073573576604,179.83162202833057,137.02854845475397,675.264859666078,160.56481268934684,577.1244248651019,135.9219061958118,1490.1807672793816,142.5643990834554,120.53356562883428,1,6,-1349.8858717835894,107,32.081599577851996,273.3674163796802,-111.33386141990765,3.2207153711896876
fall,video,..\..\data\le2i\Home_01\Home_01\Videos\video (13).avi,24.0003840061441,9.999839999999999,172.64636858025935,152.10124537089382,179.99871316257602,27.897467791682203,423.8758152439125,141.25607330057156,45.074413862646104,172.8725857094285,127.7981718467824,2579.944544315904,170.96959673388727,79.95941654080046,179.75896185898532,99.79954531818485,1561.0604135354047,172.51113574457196,86.00184192833899,179.7912013637827,93.78935943544371,1176.9420538493682,163.89588557639416,23.41471590971773,179.89985222197643,156.4851363122587,2239.5867513239273,170.6189478847115,30.385717546825006,179.99422980152247,149.60851225469747,1902.7442863954964,380.0668720855786,4208.764659860404,255.11683103634644,4044.816456580953,154.63522338867188,120.15323434557234,1,6,-4769.199439333059,111,92.65733871919612,1190.0930579824455,-248.09789046468495,21.489592223543024
fall,video,..\..\data\le2i\Home_01\Home_01\Videos\video (14).avi,24.0003840061441,11.999808,168.3037688846065,143.73187056977696,179.83353606677176,36.1016654969948,828.9799577088646,158.4778395939576,34.912676232864584,179.0722249889005,144.15954875603592,3257.8542204586906,173.6579042856257,139.03393992685255,179.88890152546855,40.854961598616,861.1086151595199,171.8021214988432,96.69558224285082,179.86237221845127,83.16678997560045,1178.5787716465704,172.4947778195937,120.1322466245,179.95694897969693,59.82470235519693,1428.5741274054342,173.87070613662684,126.71047218835595,179.88055634789006,53.17008415953411,1268.19450201575,705.3481752192408,12925.516054611062,440.91731819637806,7573.282026923982,143.4976774851481,118.03751456737518,1,6,-8437.515115511193,69,60.210656113641505,381.11975511408775,-250.46958368521413,19.357841651361316
fall,video,..\..\data\le2i\Home_01\Home_01\Videos\video (15).avi,24.0003840061441,9.916508,168.60374499701763,146.09147667860583,179.96839369123379,33.876917012627956,363.10044133559137,160.65260636976814,105.28494447545242,179.61335186198266,74.32840738653024,878.2499541848129,172.4798466693709,146.97612878535762,179.94151126386015,32.965382478502534,295.9814042694901,172.73288314961636,146.8928580394094,179.671630431305,32.778772391895615,328.89252655475866,170.67204700025195,26.553513544373256,179.72840457176196,153.1748910273887,2226.84506398021,171.5786992776969,1.8200125188948961,179.93636469273542,178.11635217384054,2942.746468921563,231.15948468456725,3809.442799631861,198.65969952051228,3203.4955847280653,109.2447001139323,104.40441438129969,1,6,-5242.42254133551,86,36.19492765035102,103.8979609342901,-145.98705258971648,3.180693899000105
fall,video,..\..\data\le2i\Home_01\Home_01\Videos\video (16).avi,24.0003840061441,10.999824,142.7323710789368,48.514971699595996,177.11581330088174,128.60084160128574,2163.559890878818,164.0913594694561,124.38940516458463,179.92059796999064,55.53119280540601,956.8010210283416,110.91872894320672,58.17992508431863,149.33274342548756,91.15281834116894,653.8770208390765,99.7481143633348,34.40343712786196,155.81054304257995,121.40710591471799,664.1149020246471,87.05875251737172,49.92261846557942,118.05648977951945,68.13387131394003,884.2569142991646,83.3305012899984,44.14134004853202,104.85441392346799,60.713073874935965,538.2999704550032,69.37446204217393,2062.4151178495513,67.69451461969106,2109.176272397634,2.834070841471359,-2.2734576861063687,1,6,-1702.6189364950646,192,32.37634906726187,117.82963788242431,-100.59389465856454,1.9315302941193742
fall,video,..\..\data\le2i\Home_01\Home_01\Videos\video (17).avi,24.0003840061441,9.999839999999999,89.84082955242835,13.906414709164498,178.76542102774147,164.85900631857697,2628.655818043945,141.9768901494547,80.05318982650768,179.75939386417178,99.70620403766411,1732.2396900371177,113.9538386041848,46.88978262784193,179.8261930455967,132.9364104177548,482.39237814274344,116.12776764627806,39.90822011898184,165.6802759511968,125.77205583221496,816.9829183149067,87.64871727623229,42.22512756569495,179.82780374690145,137.6026761812065,985.0725440617217,75.83133826212809,37.55328033796384,163.37328849604276,125.82000815807892,1420.1291517083594,52.08884611685037,2379.739871769805,56.37010358181356,2228.419087160632,-12.748283386230469,-13.181626383463538,1,6,-3332.1799687497155,2,27.550298190179795,27.42895536870843,-80.2551292969125,1.825794998547876
fall,video,..\..\data\le2i\Home_01\Home_01\Videos\video (18).avi,24.0003840061441,8.999856,129.9973977596792,19.520165293810855,170.54789904842877,151.0277337546179,3086.9597896241057,138.264422125392,24.256553252360884,179.85615685021145,155.59960359785057,3219.345377550907,159.76089654446844,113.05014051687347,177.40988435280343,64.35974383592996,1117.834715409396,159.88259295604786,128.89365947321906,176.80184209275004,47.908182619530976,948.269252292321,151.41349882657624,62.773283732076365,178.96024522965706,116.1869614975807,1668.2322655232754,153.1732819284995,73.71958871023634,179.34622043707773,105.6266317268414,1022.9603309728296,206.0817152761948,2934.8078779445586,110.92397843449592,1176.8057406456226,67.19819895426431,51.70304649203432,1,6,-4018.8087766332787,139,68.82130657689358,417.3551426482839,-149.5671879968828,7.618854397536654
fall,video,..\..\data\le2i\Home_01\Home_01\Videos\video (19).avi,24.0003840061441,7.999872,130.16098174241748,66.01294563730903,179.4804567552931,113.46751111798406,1578.1203462156016,128.1443976552374,78.05034244115335,179.98110550728504,101.93076306613169,1940.5769649758256,132.90806615546558,25.56487844000568,178.9444693294849,153.3795908894792,2881.1997555375765,136.38500867482188,42.335872455758214,178.29150064675753,135.9556281909993,2189.200360765501,102.09462460601634,60.11549812393839,178.45640260525465,118.34090448131627,1844.1101755434847,124.74297314874188,58.79235319602636,179.03714341458598,120.24479021855961,2814.935804446517,194.52667199706445,4509.668722307133,116.48760653416129,2833.3543629751616,54.16701761881511,33.23335151672363,1,6,-5665.19700751022,94,32.67908113987422,138.82075197318468,-248.62165372770966,17.27848491596504
fall,video,..\..\data\le2i\Home_01\Home_01\Videos\video (2).avi,24.0003840061441,9.999839999999999,116.97327155014608,22.346134606289027,179.83174172310356,157.48560711681455,2549.4586699620736,115.24036308335157,19.925280880907717,179.87320614075009,159.94792525984238,2990.3181597536804,165.2566501590114,6.295530133460176,179.78242190270882,173.48689176924864,2778.378197849269,167.26882614328417,75.07608819360965,179.5139278637655,104.43783967015585,1954.9076001632457,151.75996146567599,66.58123432670673,179.96290225140646,113.38166792469973,1964.873652562794,154.58024356592998,89.06855169565682,179.1971853046403,90.12863360898348,1898.364489903735,362.0177429674813,6322.9340705528575,198.76382437683887,3141.7188650287108,83.02771250406902,62.476865132649735,1,6,-6289.199104323798,127,68.93236670121064,811.7426311207892,-217.49212733497487,44.75164317510582
fall,video,..\..\data\le2i\Home_01\Home_01\Videos\video (20).avi,24.0003840061441,8.999856,103.43355264170536,9.23890518790537,179.41809698224995,170.17919179434458,1280.0061947174004,104.20105619307684,0.6264504602451918,176.75048832229848,176.12403786205329,3399.3559963828725,166.9620799937919,90.14148229916101,179.992404980844,89.85092268168297,1916.9780929450997,155.5606243704227,123.57340354360055,178.4804247811938,54.90702123759324,1098.5905353252192,127.55995787102982,60.541373299014424,179.45377743708974,118.91240413807532,1324.633781358732,139.1097620725266,73.62085502276756,177.88377202734853,104.26291700458097,1830.8032756082387,221.13567928414957,5348.3583042997125,143.21946619407603,2545.8923077458594,65.62155914306642,49.1146605355399,1,6,-5064.140371507979,151,43.71285092952841,291.77001306850315,-246.8481756450292,14.878031031657956
fall,video,..\..\data\le2i\Home_01\Home_01\Videos\video (21).avi,24.0003840061441,8.999856,103.43355264170536,9.23890518790537,179.41809698224995,170.17919179434458,1280.0061947174004,104.20105619307684,0.6264504602451918,176.75048832229848,176.12403786205329,3399.3559963828725,166.9620799937919,90.14148229916101,179.992404980844,89.85092268168297,1916.9780929450997,155.5606243704227,123.57340354360055,178.4804247811938,54.90702123759324,1098.5905353252192,127.55995787102982,60.541373299014424,179.45377743708974,118.91240413807532,1324.633781358732,139.1097620725266,73.62085502276756,177.88377202734853,104.26291700458097,1830.8032756082387,221.13567928414957,5348.3583042997125,143.21946619407603,2545.8923077458594,65.62155914306642,49.1146605355399,1,6,-5064.140371507979,151,43.71285092952841,291.77001306850315,-246.8481756450292,14.878031031657956
fall,video,..\..\data\le2i\Home_01\Home_01\Videos\video (22).avi,24.0003840061441,9.999839999999999,139.1295661266825,82.62962050778803,178.36634467695407,95.73672416916604,1171.5537216069079,128.126016620163,26.980754826158403,175.71770628182662,148.73695145566822,3149.9795826660516,162.8059567484087,87.62293844683484,179.4255288866544,91.80259043981957,1430.7422305322928,151.0259013562526,116.76756220835048,170.5890362719541,53.8214740636036,617.6877392256796,116.60706072811611,71.63897597881112,177.64134277346503,106.00236679465391,1493.3080097657853,127.24836583778287,70.68780081653277,179.93622259751055,109.24842178097778,2163.3357969060735,227.30043856482948,3326.129677485698,156.06300813396751,2704.382131053717,61.302825927734375,37.01575049375876,1,6,-30953.11988644362,132,28.937818773327834,93.678059193673,-389.66375415131654,8.824436024745426
fall,video,..\..\data\le2i\Home_01\Home_01\Videos\video (23).avi,24.0003840061441,9.999839999999999,129.0969690955632,19.62258236893505,156.12949525108067,136.50691288214563,2304.0730659079477,127.0676283203432,17.303656379335163,178.48983550682098,161.18617912748581,2944.8701799980945,147.91604644367672,76.71202669192968,176.67934549146614,99.96731879953646,1019.6010562351023,150.21401512517292,116.23549983806573,179.3702929923638,63.134793154298066,648.1759294269392,108.58107446320422,73.8424044963079,174.40003143716172,100.55762694085381,1350.2298441712378,142.3226827980311,52.86462513470619,179.95696971623326,127.09234458152707,2506.9639995158645,244.80761565231913,3099.752804577454,137.2953506737135,1540.2801644333763,64.83207702636719,54.19263763427733,1,6,-3080.321323400056,151,68.90045207983361,369.9253726989764,-249.33434823629057,25.906095763387633
fall,video,..\..\data\le2i\Home_01\Home_01\Videos\video (24).avi,24.0003840061441,7.999872,125.46125675011723,11.61150175353294,169.82377375318583,158.2122719996529,3156.2090575534276,147.35468382231747,19.847604839615066,179.1358173025017,159.28821246288663,2639.260546997667,165.0818640451417,96.8913328636576,179.98352885139028,83.09219598773268,1787.2016209025571,152.02846644854642,84.18890953351108,179.6678417468203,95.47893221330922,1716.3712563919298,137.37395846694392,27.87165452209209,179.105642832326,151.2339883102339,3543.3113044506986,140.92032420269666,54.627796600421036,179.91402614994055,125.28622954951952,1643.6494249878447,180.67715841265968,1748.830962143064,105.8756675737391,1374.587909103468,76.1608657836914,55.50367711385091,1,6,-2532.9135232874346,139,69.25775639785445,683.5288862702365,-164.99319164887888,22.234420267418574
fall,video,..\..\data\le2i\Home_01\Home_01\Videos\video (25).avi,24.0003840061441,8.874858,154.22334896609132,82.74608330208798,179.68070521563553,96.93462191354755,2279.4382130331037,151.68666510217213,105.22995413135402,179.4860242962207,74.25607016486668,731.1989600032895,158.83005938582002,131.05822730763336,179.13010626157245,48.07187895393909,881.8731812853503,157.7778589183281,117.2723107108307,178.49409672186016,61.221786011029465,814.9794239648797,145.90077071269678,98.76472720515349,179.26460453831334,80.49987733315984,541.4092552971754,141.61943395016206,100.49649873372068,174.22354847739737,73.72704974367669,787.7770573298991,288.06690155089376,3483.9988894163257,176.00156323483318,2835.6192390199885,79.24828084309895,62.63192015427809,1,6,-5373.42858896426,178,45.25100443446479,258.78763718141045,-198.55677798266655,17.73725108376628
fall,video,..\..\data\le2i\Home_01\Home_01\Videos\video (26).avi,24.0003840061441,8.999856,128.22593372229824,69.90330817171967,179.8974557527204,109.99414758100072,1441.029470803406,127.87546241476188,63.89443989073749,178.63161083533763,114.73717094460014,1338.7868570202995,140.56094703692636,79.40968295494046,179.4747608484259,100.06507789348542,1913.3782081906265,143.18287025688235,64.8128224066903,179.26219062547773,114.44936821878743,2369.988691976472,143.4363521317901,90.20496479264068,179.9271163496174,89.72215155697671,1200.1543913763614,156.90282325832644,86.0840897594081,179.94378076395648,93.85969100454838,1638.5596474371139,173.8604111611102,1635.8486358000598,131.3774496344089,1309.1417828081173,79.11064147949217,66.72802088810847,1,6,-2798.41235121323,135,42.892073043707875,402.6117909405703,-167.06509979940924,10.466019463531232
fall,video,..\..\data\le2i\Home_01\Home_01\Videos\video (27).avi,24.0003840061441,9.999839999999999,118.8509467592723,72.57515849026534,158.62908704035667,86.05392855009133,742.882397509188,120.93817164299567,65.25703041968485,178.76280782302962,113.50577740334477,1415.9819711497737,160.55874196026377,90.96690287774106,179.8066337222437,88.83973084450264,1208.9048478651303,160.81911914146463,62.21010916220412,179.93896391878752,117.7288547565834,1284.8189668141106,148.08180943807866,75.11313271446475,179.98710812115925,104.8739754066945,1086.9110037992048,159.76941423555886,91.45575244465843,179.97855403779963,88.5228015931412,1492.0350123347578,190.40650109386075,1063.284415454085,145.67337655757285,3265.9103130189965,72.9038569132487,67.73964226551546,1,6,-21993.101136887402,238,29.52920482215132,321.60424491508167,-248.1931800752562,7.9123042748078065
fall,video,..\..\data\le2i\Home_01\Home_01\Videos\video (28).avi,24.0003840061441,8.999856,129.47858512438467,4.780997478772473,174.90143178661643,170.12043430784396,3624.8424270433807,144.5605929822998,90.7429774320551,178.2265061440667,87.48352871201159,1078.2642067045374,154.48875499874356,13.390483646224547,179.74984177374603,166.3593581275215,2497.7526683962496,162.55278246832842,124.23752642893048,179.8837523935703,55.64622596463981,738.7275199841838,159.00359497674734,73.6862695407159,179.89925792450464,106.21298838378874,1565.6057412293007,146.82333631902836,68.78278959587989,179.92009851226211,111.13730891638222,1052.7994264050214,103.54090836351845,1418.743348642715,70.36995785902317,1247.2445661417287,19.457827250162765,7.029720179239902,1,6,-1174.3459772081317,192,81.50613726494085,568.0196442710851,-171.96129019900263,29.767696345328392
fall,video,..\..\data\le2i\Home_01\Home_01\Videos\video (29).avi,24.0003840061441,11.291485999999999,135.24356420725897,42.24381571677083,178.89038084796428,136.64656513119346,2441.26699788176,128.84666443873735,86.30412041453538,179.6983300263088,93.39420961177343,1388.6993367354637,149.1360116677251,99.25930658874763,179.1117807616899,79.85247417294225,810.8469508316474,154.41358531267787,85.73932916049405,179.78340456190074,94.04407540140669,1634.0433624628545,139.01271647305495,57.59995990356314,179.9440510934173,122.34409118985417,2847.444532902171,160.73018331882616,60.55789686206457,179.8704400238849,119.31254316182033,2723.340076149248,296.93374263910084,4929.505789798295,160.9240138188194,5791.107137655836,61.974009195963546,46.79014129638671,1,6,-7532.636354934997,164,38.517166918888904,120.07487868463657,-325.538350703455,8.92245120342208
fall,video,..\..\data\le2i\Home_01\Home_01\Videos\video (3).avi,24.0003840061441,9.999839999999999,116.97327155014608,22.346134606289027,179.83174172310356,157.48560711681455,2549.4586699620736,115.24036308335157,19.925280880907717,179.87320614075009,159.94792525984238,2990.3181597536804,165.2566501590114,6.295530133460176,179.78242190270882,173.48689176924864,2778.378197849269,167.26882614328417,75.07608819360965,179.5139278637655,104.43783967015585,1954.9076001632457,151.75996146567599,66.58123432670673,179.96290225140646,113.38166792469973,1964.873652562794,154.58024356592998,89.06855169565682,179.1971853046403,90.12863360898348,1898.364489903735,362.0177429674813,6322.9340705528575,198.76382437683887,3141.7188650287108,83.02771250406902,62.476865132649735,1,6,-6289.199104323798,127,68.93236670121064,811.7426311207892,-217.49212733497487,44.75164317510582
fall,video,..\..\data\le2i\Home_01\Home_01\Videos\video (30).avi,24.0003840061441,7.999872,110.0336687382117,18.286731778733948,171.5050644086121,153.21833262987815,2433.039781816159,136.6274627572973,0.18815104263365526,179.7844819294882,179.59633088685456,2975.5223399285387,138.3634068242078,94.81573145425007,179.54104290656397,84.7253114523139,1365.9290717182344,133.00819964083823,74.69529609128955,175.000907184684,100.30561109339445,1266.1451916358767,143.56594163484095,102.11766298470799,179.50267972548383,77.38501674077584,1165.5329990107034,135.9000760288248,91.40789134399442,177.88977095527062,86.4818796112762,1030.5097029908557,84.19781933307809,745.1510419082102,73.77191859438757,1003.346345965983,22.534568786621094,18.892104848225912,1,6,-2130.1994158359726,131,64.61723433506089,235.35761955709816,-110.38601910599314,7.784818650782808
fall,video,..\..\data\le2i\Home_01\Home_01\Videos\video (4).avi,24.0003840061441,9.999839999999999,125.9725604542195,32.60766426392222,178.25306983075942,145.6454055668372,1081.3666198841177,146.2957408929051,22.640572542364808,179.9867103264626,157.34613778409778,3515.826764827049,165.46855708373545,65.2809830207409,179.99782516467553,114.71684214393463,1378.9866116417875,163.4180454865462,37.057682438973956,179.85153671290973,142.79385427393578,2696.471215625205,157.49264913920626,95.78550100892993,179.50219866503053,83.7166976561006,1907.8509162158443,155.4964081286107,98.70349963530171,178.17328754634562,79.46978791104391,1674.552990889348,224.22342400056576,2833.8602140513817,162.5566426543297,1560.5782396365935,81.13948059082031,65.0379180908203,1,6,-3938.3366214667944,155,57.95381710418997,695.0965270511474,-190.08153251545775,29.227600729038805
fall,video,..\..\data\le2i\Home_01\Home_01\Videos\video (5).avi,24.0003840061441,7.999872,163.60408779104267,123.4403489056487,177.01367328878482,53.57332438313611,1034.372836738498,137.88680282588842,110.897438314226,179.95866880181862,69.06123048759262,624.6949745797898,102.60818326165635,71.03667080307365,177.41372053147495,106.3770497284013,1579.543470029232,111.89218928066973,79.29623067138789,173.87654160727402,94.58031093588613,843.7120596701843,100.82546813061835,66.4074377449701,162.4904445690859,96.0830068241158,1998.604772932516,111.53184531744456,68.30368598739305,151.07310932996907,82.76942334257602,945.6066678831048,29.831177982441538,738.2392484669607,308.6665963803857,9032.471536776848,4.8936614990234375,-12.494553120930988,1,6,-2716.3976662174114,86,99.78536984577514,3472.305981326099,-1082.0560091852094,406.3245887830513
fall,video,..\..\data\le2i\Home_01\Home_01\Videos\video (6).avi,24.0003840061441,7.999872,140.34852214226575,3.47469980667182,179.6252243131524,176.15052450648056,3062.880401670495,142.91290250790695,28.524102180091063,179.8932198616827,151.36911768159163,3439.631232228578,130.3380976030561,69.46130942208605,179.80427225821825,110.3429628361322,1707.7384841277828,123.69576297259472,34.78747827200372,179.65833453167406,144.87085625967035,2290.1889124202457,137.1032680668544,79.63642080986807,179.8466027874254,100.21018197755734,866.5646045493074,136.59528202327968,72.83098216239809,179.66928515249748,106.8383029900994,999.1643119745535,302.4368092037908,4195.050939774913,132.9535582689775,1929.6193112644987,49.87032063802084,33.16211175918579,1,6,-8590.803028497645,113,61.40760299341221,417.48302094320275,-189.71427200061743,4.631715364552075
fall,video,..\..\data\le2i\Home_01\Home_01\Videos\video (7).avi,24.0003840061441,8.999856,155.17327304573533,0.6911025172424783,179.98458326227095,179.29348074502846,4102.636424283985,151.00294759842237,68.25596233108101,179.2413646434943,110.9854023124133,2213.1057322620136,141.2418250129473,60.05768200523972,179.7382929486988,119.6806109434591,1337.9228944622803,138.18644700275348,62.86430800901675,179.9666614461782,117.10235343716144,927.2703074684698,132.6432936213398,64.31236657839578,179.79507865996393,115.48271208156815,1276.2883499584943,128.24196582042194,64.55043541852766,179.96794952771648,115.41751410918883,1872.839163854704,250.82605911538315,3773.94703487025,155.93249430955737,2118.9465838244014,52.495732625325516,43.62136003543168,1,6,-4694.05450541748,146,52.39752036520669,337.05582201327,-138.15246678712495,5.411751510076582
fall,video,..\..\data\le2i\Home_01\Home_01\Videos\video (8).avi,24.0003840061441,11.87481,162.95531141481828,3.715805495169329,179.99484497750421,176.2790394823349,3798.8999383873165,146.0648626782283,71.22923808605414,179.68288111649304,108.4536430304389,599.2933719798945,161.25923191133143,0.43738540355295963,179.92364809256307,179.48626268901012,2036.9111594249753,167.39485271284636,9.779475202571348,179.977189966938,170.19771476436665,2876.609378646823,151.25596301349677,6.981821559136438,179.8361478689374,172.85432630980094,2624.3492881189163,159.36733896811515,19.02678739768934,179.96307986757662,160.9362924698873,3341.6087092978564,210.0432898918573,1973.68522773453,288.55388037120093,2895.9976202617036,91.09226512908936,153.14349575042723,1,6,-6101.477618768694,2,59.65640332112313,318.63858445880055,-658.9166339747375,4.8657853028048805
fall,video,..\..\data\le2i\Home_01\Home_01\Videos\video (9).avi,24.0003840061441,13.999775999999999,164.07775852366802,9.070866812898679,179.98586859779564,170.91500178489696,2560.4373662885723,142.14293314014964,81.66208204723964,179.65599676329558,97.99391471605594,587.1618285936976,161.8367823060444,81.4920526346726,179.96097842866817,98.46892579399557,1279.3725492832095,165.88336383364387,73.16125812959568,179.5568056810003,106.39554755140462,2439.4916372757593,147.3749642733285,44.55351467578837,179.44584890048188,134.8923342246935,2061.2206111504834,163.58268140401802,70.24532621640849,179.9588957512921,109.7135695348836,2222.95708180775,224.37871212970634,2778.7233422637296,416.25178484545205,6620.2471001186905,90.62692642211914,149.7363855044047,1,6,-3943.58342022238,87,62.792582851753174,504.84988122754146,-691.1851312277247,4.06196172026995
fall,video,..\..\data\le2i\Home_02\Home_02\Videos\video (31).avi,24.0003840061441,12.999792,129.39574684037788,36.110121402183054,176.32412347084838,140.2140020686653,2223.543715141195,143.794172603109,1.9403637670870506,179.7276366630169,177.78727289592985,4227.582489027494,132.89082750796948,33.53250019289737,178.57952247911024,145.04702228621287,1081.9832391431023,129.23636790830523,19.583816359379707,178.66911238731714,159.08529602793743,1292.7131982378799,148.7037635868053,67.37610083276282,179.9629906812823,112.58688984851948,1623.1330928008672,158.13483844708213,61.93345219902345,179.88736606090671,117.95391386188327,920.3988509198666,103.64297908844647,2487.471297663478,117.57809462842017,2244.740781325672,21.94847997029622,19.355788675944012,1,6,-8403.824681957189,224,90.86613684303067,959.9321670814248,-293.70880090331445,123.73968022648738
fall,video,..\..\data\le2i\Home_02\Home_02\Videos\video (32).avi,24.0003840061441,7.999872,148.35726829962368,107.67372660681676,176.16150209993378,68.48777549311703,991.4484726518855,129.33691242685154,83.7838958640779,178.65164977115637,94.86775390707847,1167.189595739898,149.8463623898573,105.50062527321845,174.20741482029464,68.7067895470762,954.6283213159612,150.99691301188486,93.41395166094799,179.30034738356846,85.88639572262048,962.1489876057068,123.30523474052619,89.08831241310394,179.07882069763613,89.9905082845322,1077.0165044563873,144.6055847317375,65.76523422305395,179.9892906630352,114.22405643998125,1160.1339723870035,271.3205520663332,4626.576662550047,174.9227401700925,2155.3604609383374,75.5946273803711,49.86116197374133,1,6,-4527.112346904917,94,65.22143233479851,294.0815727723736,-144.77373971967893,14.36378338721258
fall,video,..\..\data\le2i\Home_02\Home_02\Videos\video (33).avi,24.0003840061441,7.999872,156.8658614389479,130.5176312461124,179.2308456843147,48.7132144382023,313.37477546674256,156.84246203921754,126.34317929271357,179.70888353356185,53.365704240848274,764.451368668811,154.52354160797634,81.02777369957005,179.95692733394785,98.9291536343778,1489.6656846733915,156.20211789062742,84.36632520841783,179.85055119391043,95.4842259854926,1463.7095646666721,139.60629968204296,42.4862908311203,179.73042325233868,137.24413242121838,1908.7882770186845,141.73218063844874,48.98336246953953,179.72953671185704,130.74617424231752,2092.329097292029,933.4896367619226,23390.831215454597,841.6220535993419,21695.482987084168,68.53969256083171,63.810925801595054,1,6,-8234.165297822217,122,28.805619289158457,210.26324828734678,-448.1808769487187,3.515897883100238
fall,video,..\..\data\le2i\Home_02\Home_02\Videos\video (34).avi,24.0003840061441,9.999839999999999,142.20900644223067,113.30263264700345,179.9484577482998,66.64582510129635,501.3231481375173,150.73399884096557,116.22523324560304,179.75328531754724,63.5280520719442,972.0945331414938,142.51445687396188,110.1685327569223,179.7855413748492,69.6170086179269,550.6309548827298,142.33809212061854,107.78407933596209,179.93703724450984,72.15295790854775,1155.2363870484558,141.6220815217199,41.871131043318364,179.75656056197076,137.8854295186524,866.4914729219646,138.9752368434783,41.52646778643477,179.8847106955681,138.3582429091333,950.307103891391,338.03061600938753,3825.1757249564603,299.6570815878029,2924.7172880630196,82.01222610473633,77.73690660794576,1,6,-3847.345379692266,157,16.36787567224811,168.33739370222756,-148.74490311180918,9.172536967206321
fall,video,..\..\data\le2i\Home_02\Home_02\Videos\video (35).avi,24.0003840061441,8.999856,152.62671135176254,118.16846409325355,168.43787318080254,50.26940908754899,376.8374298496664,146.68966796993885,21.96127529878356,166.85973498638006,144.8984596875965,2873.574015192364,165.95801652392765,136.0286907466561,179.9335193084911,43.90482856183499,244.1422449642857,171.48470317028784,156.21721549578606,179.9668313733427,23.749615877556636,199.29617537996452,161.52463909779925,135.02298795052846,179.91634336453487,44.89335541400641,628.9509954713955,163.57155520082483,100.90571126633266,179.67293946500396,78.7672281986713,1176.5135449083275,708.0616524727678,16384.267114618928,911.230952375902,22747.27547247895,79.0314343770345,85.84394847645478,1,6,-11089.63587136832,126,32.9404820502492,81.54665443233299,-283.9175553761986,2.1307242668648154
fall,video,..\..\data\le2i\Home_02\Home_02\Videos\video (36).avi,24.0003840061441,7.999872,166.01211211178912,146.7450534738371,179.95165754823978,33.20660407440269,418.2306612916863,156.22318045284356,116.79252881905985,171.42552564217772,54.632996823117864,523.7434436438417,168.8756474759182,92.51997223754678,179.98927498512006,87.46930274757328,842.8422852254009,169.70381533914767,87.50625980704169,179.95378474877685,92.44752494173517,1231.5314176507745,176.19639782670072,157.68307410578643,179.89432163503804,22.211247529251608,254.03503891121758,174.16437437540526,128.77071363092065,179.8760116548484,51.10529802392776,1079.8217924052508,189.60654932978912,907.9162112894553,219.4829269337401,4143.401470842992,54.32421938578287,32.98584340413412,1,6,-6364.12957825166,57,-20.815164185052012,147.3713185720019,-124.59757461588136,1.480846539977057
fall,video,..\..\data\le2i\Home_02\Home_02\Videos\video (37).avi,24.0003840061441,9.999839999999999,114.60121213946766,70.38171538199619,164.7696549652808,94.38793958328462,581.7203100045693,142.93053412763587,87.9550737495244,179.68818566095044,91.73311191142604,601.333095822668,138.03102472311534,103.10470991986023,179.71825424902528,76.61354432916505,1183.488337953776,121.03863764646357,56.990644206416235,179.17540691054876,122.18476270413252,925.4344601706346,144.5849649205456,111.84362891728337,179.9732715837669,68.12964266648352,748.4935096611246,138.87982701590406,84.71358974497315,178.96344621202263,94.24985646704948,1249.5041117569642,133.39640924489126,553.0480684903754,115.97964203686463,1017.1757639985304,62.9530792236328,54.80047302246095,1,6,-2063.536638112901,133,49.30419173324071,386.6999651666713,-122.96900851976115,7.077323738061287
fall,video,..\..\data\le2i\Home_02\Home_02\Videos\video (38).avi,24.0003840061441,7.999872,151.66208017379844,122.69330817228948,179.767550636094,57.074242463804524,451.0578875479003,139.5140641158081,113.13274290132692,179.8237620590299,66.69101915770297,428.7926705059877,143.59339691239722,95.04732491311204,179.99466186850344,84.9473369553914,288.1254306199447,142.5088965012168,92.67913411675791,179.95509951510272,87.27596539834481,321.7216379165486,144.80663524862703,102.19134154992562,179.95910935159566,77.76776780167003,200.66382594477014,145.66577846887114,99.10860806813199,179.97616713372034,80.86755906558835,313.0666391769433,47.7377236424455,579.2732729245666,34.516607414183,597.9852108131126,16.624521891276046,14.022552251815796,1,6,-4235.108373946282,126,27.893888895224055,2.2938309334977434,-84.48930959262543,0.6685796402658203
fall,video,..\..\data\le2i\Home_02\Home_02\Videos\video (39).avi,24.0003840061441,7.999872,153.36056127437908,101.1248772879018,179.3407141276788,78.21583683977701,557.9071946808864,144.8103590461164,114.95697679785339,179.19194885987721,64.23497206202383,334.0939276836274,157.69821323298171,115.89816526972935,179.61695557042836,63.71879030069901,474.5448200495157,163.09766520058736,133.24846731062897,179.62486652677364,46.37639921614468,611.5451928780044,154.5620424678531,108.87168666788347,179.73344334152054,70.86175667363707,308.49112865127296,160.6348030985432,132.69708638993515,179.57823412204408,46.88114773210893,546.9800920605056,82.88491990871859,729.0688866583546,63.07245229190994,1434.7211242524656,-31.04930623372396,-36.850130642161645,1,6,-5861.7328864517685,106,36.76347271250773,54.986457080221605,-93.95141777346576,1.223917775406541
fall,video,..\..\data\le2i\Home_02\Home_02\Videos\video (40).avi,24.0003840061441,9.999839999999999,160.35375156567196,132.59744288752174,179.3369670003715,46.73952411284975,330.74108081622876,146.63561629249742,111.70192764137866,178.72408783950036,67.0221601981217,521.3464776863487,159.3500728971343,129.0107969158805,179.95317882807862,50.94238191219813,387.8095382311095,165.1084330982089,141.62700151771557,179.92381507102544,38.296813553309875,405.74291129079245,162.64855557304278,129.1031253039296,179.98422375037316,50.88109844644356,370.02104948811365,170.77893464836404,141.94272865986952,179.93334893633968,37.99062027647017,403.54224271105187,116.20516738814696,1356.0518894070574,90.38513867819896,2597.069103035299,-40.05367533365885,-42.35783428117341,1,6,-8166.003497521424,158,56.09200462309432,196.8524164799077,-95.60279917603688,2.32450472839068
fall,video,..\..\data\le2i\Home_02\Home_02\Videos\video (41).avi,24.0003840061441,9.999839999999999,157.7461263937967,19.712800066629704,178.093632268097,158.38083220146729,3611.1040992132025,147.79141254921834,46.349166260214595,179.3165749483218,132.9674086881072,2399.3568405636306,163.65132727623921,83.76485120940167,179.84387882669512,96.07902761729345,603.5336596205398,164.67994515684646,75.34659630381822,179.9707105384429,104.62411423462467,539.264735224384,163.79729808310654,61.99358097801483,179.9905174362364,117.99693645822155,597.3075370680064,165.02645185966344,58.98356264165151,179.95613895774062,120.97257631608912,621.017734272014,196.10628711465623,3454.402532184198,144.5995281698655,4952.60412545396,24.02069854736328,20.734412613448555,1,6,-4509.382482678774,114,29.92763846685055,77.78374793045776,-459.9578964357178,6.555799665839026
fall,video,..\..\data\le2i\Home_02\Home_02\Videos\video (42).avi,24.0003840061441,6.999887999999999,148.28699539559122,109.8915792166513,171.41747522954688,61.525896012895586,375.02336333901485,161.15605705382768,142.67542085165783,179.8253770920515,37.149956240393664,307.34694977989375,147.9881133544509,111.20908986171362,179.9442750029514,68.73518514123778,210.59047875906916,146.68559145256253,104.85083270240311,179.8897384663146,75.0389057639115,330.40753230350526,150.8523675752636,119.9841542814724,179.46425103445057,59.48009675297817,242.19451550354114,152.92828928169124,116.39065178973193,179.70794237122288,63.31729058149095,267.2027873953486,50.84477713948105,236.0064779281262,46.37714681128924,655.7317917909035,40.94435119628906,39.020332972208664,1,6,-1191.5537544151036,2,15.24226212598759,105.67590606633391,-45.46878169972581,0.42438215332814677
fall,video,..\..\data\le2i\Home_02\Home_02\Videos\video (43).avi,24.0003840061441,6.999887999999999,167.98764775911465,160.47253217716775,174.97037644076923,14.497844263601479,133.84688331188585,154.38110374267148,132.79549693839652,171.16135009491435,38.36585315651783,198.55064950537152,165.12535304134587,141.18626307380052,179.8938570526293,38.70759397882878,251.09909302738617,171.43180864013942,157.69481503313463,179.93282276304058,22.238007729905945,122.53851581414648,166.43141241218495,138.88775882530416,179.97306284221122,41.08530401690706,133.66023257957843,177.11738742951655,170.26202030299643,179.93008496211112,9.668064659114691,133.49358351458085,75.01876011461486,570.3448378028643,50.586522490403006,428.50630098784546,44.63545608520508,45.776496999404,1,6,-642.2843712948326,97,8.467512072790873,63.437760767623175,-89.88782126178081,0.4497359710254917
fall,video,..\..\data\le2i\Home_02\Home_02\Videos\video (44).avi,24.0003840061441,13.083124,145.11501211015405,93.79867913974557,178.5115508320285,84.71287169228292,537.4677494345663,150.07801698887477,121.99343828849499,179.86855076491403,57.87511247641905,988.4570041377995,150.8552647537238,85.67233702996666,179.96717346480216,94.2948364348355,766.5554972492196,152.83287239327987,97.52357425629198,179.94681289204425,82.42323863575227,510.3671275051889,149.53583479210963,73.59339243310771,179.96297918137012,106.3695867482624,280.90521464083355,148.47503081981495,85.08728789522813,179.81160454742732,94.72431665219919,420.4770966415305,53.01014992021125,672.6317047064165,51.068296951149534,1383.343504057566,-22.130139668782547,-23.350857693541286,1,6,-4956.143946900028,177,29.99588749695156,55.82412472855095,-114.47904113731465,1.243120075318024
fall,video,..\..\data\le2i\Home_02\Home_02\Videos\video (45).avi,24.0003840061441,8.999856,148.94943917655343,107.1838464808412,178.63776577293484,71.45391929209364,604.1499289721307,135.64023053341,90.37489233864076,178.6248193885145,88.24992704987375,836.0588814171147,135.71362753247544,75.12453408576057,179.76669274634617,104.6421586605856,280.3001994009014,141.4825586784336,89.98929026094673,179.92230021433136,89.93300995338463,276.32915138295164,142.30888175402436,76.66115526414016,179.92787177688822,103.26671651274806,192.3878666854136,144.86647472066255,80.56361385294193,179.8939990770348,99.33038522409288,313.5334693826367,94.79293514399387,1017.9657533544317,91.09066990940262,1836.231416687664,-11.965260823567704,-11.058433532714844,1,6,-4888.06081122587,83,13.444910142912642,33.539401235304226,-119.1768335871499,0.6066359971395989
fall,video,..\..\data\le2i\Home_02\Home_02\Videos\video (46).avi,24.0003840061441,10.999824,138.11214546078955,7.160211492518128,179.94801267913195,172.78780118661382,3722.4073743799595,142.8135242744754,12.219944315200218,179.77878579069875,167.55884147549853,3244.026209993427,146.29483015594494,34.97954283600415,179.61182948511612,144.63228664911196,2985.150564542562,152.05097177492382,89.26322009930001,179.91636118258808,90.65314108328806,1006.6639381715219,149.37719544384825,74.09508334765047,179.77017466142775,105.67509131377727,958.6686354322196,142.36950692538096,69.88702648073468,179.92234602617276,110.03531954543809,877.0392554986104,81.37275582151493,1323.8661915042271,90.99941908108136,2426.413817383777,-15.772697448730469,-17.64735660552978,1,6,-2628.534112418686,36,61.45760913439018,172.74456177699358,-85.83612679599753,2.484343112825951
fall,video,..\..\data\le2i\Home_02\Home_02\Videos\video (47).avi,24.0003840061441,11.999808,156.2535699218864,99.01985593630542,179.99776205113264,80.97790611482722,1216.7150044735367,159.23209142787118,110.02452769767461,179.9568859204264,69.93235822275179,780.1598390634153,149.03447005200417,64.2426153836168,179.98774615700643,115.74513077338963,794.5060425039342,149.53940641882508,70.93414170702353,179.85124736507026,108.91710565804674,682.2225847787537,146.67358868599862,59.889368836501156,179.90797526341763,120.01860642691648,1058.5843626933688,143.48386917791666,63.274362849176995,179.97811761312448,116.70375476394749,767.0033852988189,76.3179203054746,455.92113232828405,76.49941688054348,1106.6531167334672,17.419151306152344,22.307502047220865,1,6,-1766.4603348722358,287,17.823838643155124,66.28614439511038,-138.83271448749457,1.3122315023097457
fall,video,..\..\data\le2i\Home_02\Home_02\Videos\video (48).avi,24.0003840061441,9.999839999999999,148.95838256396974,94.14192841786469,178.42181030622632,84.27988188836163,1595.21572809544,162.38151835596219,95.37640187352045,178.88119291959325,83.5047910460728,1418.173049335559,156.6605665823203,90.04541797913548,179.36418391343068,89.3187659342952,840.2355629274819,153.7453571840334,80.25827861090713,179.93762243535633,99.6793438244492,833.2438653530489,160.61556300627348,113.29750661515733,179.8586415604247,66.56113494526737,950.160903938214,151.95805443344292,88.81791547932609,179.90992168887965,91.09200620955356,589.352959605123,77.89030874493983,1075.6997297331623,62.56437917337739,1617.6635962512476,-44.18088150024414,-44.306834276984716,1,6,-4883.203819865884,158,30.091070396496004,31.715849129669593,-68.69403123340581,1.010171263028318
fall,video,..\..\data\le2i\Home_02\Home_02\Videos\video (49).avi,24.0003840061441,12.999792,148.1248243643417,2.1236576363076214,179.3926823579061,177.26902472159847,3993.1516416630493,151.09362510533524,96.9649766267088,172.38168730015556,75.41671067344676,971.3046502449937,163.74582891736634,114.15353051125273,179.89074197594798,65.73721146469525,929.3941137619188,174.15297044692275,139.62986206297458,179.9870909026043,40.35722883962973,786.1362951460171,158.92843438021723,74.87608180452719,179.9397587762187,105.0636769716915,1026.936482137211,167.07285318245468,67.91614467685653,179.936145207742,112.02000053088545,1789.016491799065,64.85982681972948,666.7572735620647,83.02279302063869,1311.5593735870923,32.15640258789062,33.088442858527685,1,6,-1331.8738696228747,256,50.34189365959748,182.26918597799164,-148.4197392177805,1.7278121064863166
fall,video,..\..\data\le2i\Home_02\Home_02\Videos\video (50).avi,24.0003840061441,12.999792,148.1248243643417,2.1236576363076214,179.3926823579061,177.26902472159847,3993.1516416630493,151.09362510533524,96.9649766267088,172.38168730015556,75.41671067344676,971.3046502449937,163.74582891736634,114.15353051125273,179.89074197594798,65.73721146469525,929.3941137619188,174.15297044692275,139.62986206297458,179.9870909026043,40.35722883962973,786.1362951460171,158.92843438021723,74.87608180452719,179.9397587762187,105.0636769716915,1026.936482137211,167.07285318245468,67.91614467685653,179.936145207742,112.02000053088545,1789.016491799065,64.85982681972948,666.7572735620647,83.02279302063869,1311.5593735870923,32.15640258789062,33.088442858527685,1,6,-1331.8738696228747,256,50.34189365959748,182.26918597799164,-148.4197392177805,1.7278121064863166
fall,video,..\..\data\le2i\Home_02\Home_02\Videos\video (51).avi,24.0003840061441,10.999824,152.33203905547214,48.22721266441643,179.98581742782383,131.7586047634074,3119.5092412710733,161.0368387751009,131.6145991910062,179.34432905076045,47.72972985975426,855.4772110610477,161.57287426661676,39.955640951271086,179.99936288918582,140.04372193791474,3280.129100483568,164.91300516487792,134.69279059856228,179.95944845187415,45.26665785331187,1048.934368758075,161.78879969335742,69.3690748911998,179.87628449095558,110.50720959975578,1003.4655907887641,151.36587331814158,66.20033285040543,179.7654131435516,113.56508029314617,722.7557428242748,67.91981230293415,1698.4018093606144,83.481547996641,1748.5279016264174,-34.6229502360026,-31.56507085164388,1,6,-1103.9824462962986,201,33.88279116298195,46.106260725522446,-81.1329143375667,1.0326570379677364
fall,video,..\..\data\le2i\Home_02\Home_02\Videos\video (52).avi,24.0003840061441,8.999856,141.41916066674688,72.49556327691292,179.9528752906761,107.45731201376319,2336.0722632872103,124.72707526941953,0.6067839345997976,179.96996551032672,179.3631815757269,4274.423561046994,136.63049244085485,68.40203874696671,179.57463424642802,111.17259549946131,1772.453943090066,143.3049203532013,90.61065243506563,179.8299469622879,89.21929452722226,1521.2968852271097,152.76990706016457,84.84889509821765,179.85603526872967,95.00714017051202,1801.2167135126651,147.8756617352924,93.75976393655208,179.9977662075096,86.23800227095754,1365.8921402705178,100.38458955187004,873.1523058846312,67.62490118612826,1571.989227317079,18.39248402913411,8.98751681191581,1,6,-4928.9848746916705,1,38.129708838389924,152.18839716753047,-108.5554478246652,3.1096929563248152
fall,video,..\..\data\le2i\Home_02\Home_02\Videos\video (53).avi,24.0003840061441,8.999856,139.51083887330083,63.926408823838585,179.29502584100848,115.3686170171699,1157.844454001398,152.6438344334719,102.95226952528625,177.73999905714805,74.7877295318618,1189.8357709684733,158.4993393282329,78.50090025550558,179.91854423830517,101.41764398279959,1280.628024708788,155.14477229904608,70.27402700609721,179.64032939697245,109.36630239087523,831.0410520880234,155.74096618141738,36.11087695710719,179.96114057094272,143.85026361383552,1717.8887185894198,148.26496534726644,39.74101458803597,179.5387272281973,139.79771264016134,1527.6170789861567,118.81659222758493,2476.286857733013,94.8372187766386,2337.4775011305596,5.635810852050781,-1.156405971061048,1,6,-13862.926959723178,142,47.229518191134964,136.85881444907074,-262.1960286325519,11.18014611577392
fall,video,..\..\data\le2i\Home_02\Home_02\Videos\video (54).avi,24.0003840061441,8.999856,142.94945196967166,82.74122505171755,179.7444190224108,97.00319397069325,410.4362332911847,151.07685909858174,121.18142057914727,177.34692747868058,56.16550689953331,691.587667793702,150.45157807973843,91.02419428028566,179.99328432584943,88.96909004556377,663.4686962091042,155.24419831031577,89.07972440816256,179.91730824821045,90.83758384004788,887.0800965521177,150.78283539260676,113.03058174772801,179.92374518597725,66.89316343824925,579.1282450181193,154.95769893225432,104.77583333559951,179.93605481174382,75.1602214761443,877.6603098324157,107.75254191176425,1596.9284694662626,120.38225041613704,4638.058888893798,-30.30895233154297,-33.351558110293226,1,6,-11887.04073382289,129,18.999998638688375,24.5409072157262,-263.2364505527401,2.904878494695481
fall,video,..\..\data\le2i\Home_02\Home_02\Videos\video (55).avi,24.0003840061441,8.999856,155.33745706492866,119.4937245799062,179.86327186186682,60.36954728196062,862.5578517925268,141.90090379850264,81.24749631357643,172.58487398050966,91.33737766693322,413.64675977694213,153.3472308712841,48.921304190589154,179.979686899241,131.05838270865183,2942.615231397823,159.01947149252803,89.97269576091927,179.9142156147368,89.94151985381754,1840.7658802527083,149.32684982601046,99.76342443807226,179.78336203515872,80.01993759708645,836.4069553620221,165.53197204067428,130.76655454592307,179.95866877863568,49.19211423271261,1018.3736389090805,106.60871257533877,880.4880386730903,71.23416881480115,1035.503658883673,37.069127400716155,39.88783101474537,1,6,-1935.7703425929026,2,52.348013500217306,219.8275829194442,-227.25077956716066,2.706359226679488
fall,video,..\..\data\le2i\Home_02\Home_02\Videos\video (56).avi,24.0003840061441,14.99976,143.02294573294947,13.143072506779012,179.306254918417,166.163182411638,3768.6005156100014,144.40995453976342,74.13547893139263,173.91763717113255,99.78215823973993,819.6150053362956,158.2684983495256,50.23917212197397,179.90427882950902,129.66510670753505,2166.8911663184767,163.93886962746237,68.7506638742176,179.8314428051125,111.0807789308949,1706.9738751144696,156.4784469422548,66.59106561772444,179.87006163021198,113.27899601248754,1777.8779900041084,161.83214028859325,61.8769102607956,179.96174228254688,118.08483202175128,1497.648852604011,143.35283685828063,1102.3112990700113,86.39044413675421,1569.6716055262075,46.84325281778972,60.316568346584546,1,6,-2932.7658204117106,265,35.737012888654014,32.113405872544426,-189.24871889747126,2.8348929382636117
fall,video,..\..\data\le2i\Home_02\Home_02\Videos\video (57).avi,24.0003840061441,9.999839999999999,165.43964076012654,130.24564934559749,179.88623005474386,49.64058070914638,408.08001968453715,143.3552153544228,56.042334323867394,178.072630491574,122.0302961677066,1854.1195402976202,160.02646793978786,86.75342022158016,179.28306670400204,92.52964648242188,610.1145810601965,162.6431263500372,85.47286970597797,179.55986955067561,94.08699984469764,573.3357097627907,163.79872751047648,96.82915089481914,179.9032954541825,83.07414455936338,343.85264633108375,168.76922404168744,95.17699339303533,179.95809455764012,84.78110116460479,355.14098192788066,71.12904333813077,1132.5593861416644,105.19869175216007,4371.849203569138,-14.501429239908859,-12.907036365606842,1,6,-3642.8709654695704,131,47.14244091641851,136.91566356239622,-477.5648676003815,2.7652786279893533
fall,video,..\..\data\le2i\Home_02\Home_02\Videos\video (58).avi,24.0003840061441,13.999775999999999,164.0191373938253,124.33797461621799,179.75621086214173,55.41823624592374,869.75906286236,151.22509517589074,20.23057414590848,179.4917094117097,159.26113526580122,2224.86858566216,165.9865739568209,144.57857287872073,179.9463162748323,35.367743396111564,422.29705705835505,169.1426776389924,132.41344882549117,179.98492655611196,47.571477730620785,379.53783581864025,167.35121065006982,136.53281876131575,179.92874709791468,43.39592833659893,498.9990090377589,171.69165026754902,126.33919436998795,179.99067862580725,53.6514842558193,388.2891417984361,85.89500224972367,861.3328358677417,86.97964785852544,1883.1379839683143,-38.909655253092446,-51.7453992507037,1,6,-7976.62478120098,244,55.81099089594904,233.7689825097874,-160.12785501443017,1.8235805712429562
fall,video,..\..\data\le2i\Home_02\Home_02\Videos\video (59).avi,24.0003840061441,8.999856,157.68009077401229,0.9739421741548729,179.9080375619699,178.93409538781503,4059.3760341952225,146.77177125482987,57.760750337253704,178.18719699758503,120.42644666033132,1735.0757137214669,161.98167725667395,10.44407695389871,179.96808142552248,169.52400447162378,3388.224825712047,166.54951871149362,51.96362949262415,179.99465715505417,128.03102766243,2555.729395615807,159.78542467756623,19.991507506476147,179.93974471028383,159.94823720380768,2691.9009342942563,167.28524051531173,56.846775590239496,179.97949900945923,123.13272341921973,2251.1335342344823,104.20629376554403,727.6337333119371,79.22257403665537,713.9566819741568,38.36785125732422,35.953260672038496,1,6,-1933.464458258322,178,67.25505835241651,383.4138739385749,-236.8659846799737,3.3477980658863196
fall,video,..\..\data\le2i\Home_02\Home_02\Videos\video (60).avi,24.0003840061441,12.999792,159.8193272766124,113.69440085844268,179.96764695045889,66.27324609201621,1088.7472413849928,151.8161236963784,116.12152717832846,179.87624502031767,63.754717841989205,602.611486059842,158.79759566857024,127.50307198707425,179.9889847579823,52.48591277090806,530.546536972677,161.03244843420438,123.06981814936717,179.93764490583675,56.86782675646958,1326.263489972519,158.8445363613531,120.05431557654168,179.97799211809934,59.923676541557654,790.0724760289485,163.4497294957156,123.47636969958909,179.96873265527847,56.49236295568939,558.1667368237779,54.39112904712737,541.0577189819342,71.50811861720265,1653.262820281666,-40.99094390869141,-44.36236983654547,1,6,-1860.5054341351063,2,55.22695239599307,229.86122505360603,-114.85038496944097,2.946991746284499
fall,video,..\..\data\le2i\Lecture_room\Lecture room\video (1).avi,25.0,11.4,147.57489067729335,8.14862998645993,178.54101916759126,170.39238918113134,3484.3352424934837,148.04326477482323,4.941361800423775,178.4553624517359,173.51400065131213,3974.047497270125,137.38837996470025,43.214771884794864,179.9114087109667,136.69663682617184,1029.8044003719306,137.50778398627264,53.07085107679265,179.9279455187243,126.85709444193165,1091.2844223185648,144.27314159978138,51.20078562718031,179.96918582383432,128.768400196654,883.9686338875538,140.64303454860757,55.192637595187925,179.90699306789267,124.71435547270474,1704.26128195557,93.42243194580178,1483.58885447184,137.43209838867188,1754.124959309884,-58.57189178466797,-38.19996770222983,1,6,-7483.633995056138,117,25.695307032614284,65.51205832357016,-149.40376281738315,4.179249263594132
fall,video,..\..\data\le2i\Lecture_room\Lecture room\video (10).avi,25.0,19.72,146.09126572020008,1.8666122804623508,179.9445338612526,178.07792158079025,3086.3849210379294,123.37402409901746,14.909944108463796,179.98575473826875,165.07581062980495,2260.5133498533924,145.46315598191646,35.16480856081361,179.64444480553294,144.47963624471933,1505.9891446028807,151.3258536106072,47.20664947330929,179.99536076102336,132.78871128771408,2355.0913878593497,140.7262742212176,36.72438725042223,179.9845325324323,143.26014528201006,1639.8049841007357,150.16429322470324,46.54153810880112,179.99831362089944,133.45677551209832,1214.9035621235137,297.39934285481695,4813.698450724253,193.05852906316758,3883.0526523101125,82.37266794840494,90.14840698242188,1,6,-6862.81299591065,302,-291.8954340346376,1768.0954500649168,-152.7068328857423,12.729462798246482
fall,video,..\..\data\le2i\Lecture_room\Lecture room\video (11).avi,25.0,14.52,72.91796741673959,0.9770714267952869,178.91289803401605,177.93582660722078,2316.76369538195,165.53667607005207,134.1192610242053,179.42602403605622,45.30676301185093,462.2074640044325,170.95881672229703,139.41373584426236,179.98817433401956,40.5744384897572,374.59626237399914,169.62446839355965,117.02121486537315,179.84486642325712,62.82365155788396,1141.3705573900809,167.4409947754438,146.257977810539,179.8135128512516,33.55553504071261,463.8278575422248,169.0081811801469,123.04258717913608,179.98160146575242,56.93901428661634,1000.212463646405,131.70345306396527,2923.145294189453,138.3563995361328,3458.9099884033203,-53.92063903808594,-27.171951293945312,1,4,-1559.3576431274591,156,-5.196127590696365,7.606739317481166,-143.4701538085939,2.0668520783190507
fall,video,..\..\data\le2i\Lecture_room\Lecture room\video (12).avi,25.0,27.0,148.52808322976554,54.22639298097959,179.9627458229344,125.73635284195481,2838.345573362531,140.2594347694206,3.367031188520581,179.98565809320243,176.61862690468186,1734.250761921918,145.74639002167925,13.960053785624163,179.95006101492393,165.99000722929978,3675.8699142175774,149.86856433138362,5.168571558799195,179.891410848716,174.7228392899168,4214.55287224457,137.641710158067,39.95175401544403,179.89836056462514,139.9466065491811,2525.9613511307125,154.153650480039,42.477676585159045,179.9628626046024,137.48518601944335,2499.082244475287,275.0128682454424,4040.8627192179124,282.0528666178383,7051.321665445957,-31.257095336914062,-29.458885701497394,1,6,-6089.27345275875,440,30.55728761599,134.8532551106515,-100.11775970458991,11.367611440064913
fall,video,..\..\data\le2i\Lecture_room\Lecture room\video (13).avi,25.0,16.6,138.50464604227906,8.812238958479892,177.68233426217688,168.87009530369698,3884.2505335513542,158.2076278829713,20.67717362551325,179.87128011295445,159.1941064874412,3668.120548534113,155.22314388532357,4.461685096873916,179.94515298111276,175.48346788423885,3063.38494021049,155.70854518234896,14.606988345235767,179.98411502124964,165.37712667601386,3370.7930963188837,152.4875267377106,42.17408176951002,179.87729705646308,137.70321528695305,2069.3557229797484,156.33579765987844,44.468571192604124,179.949636108374,135.48106491576988,2169.6523273839402,206.1159515380865,2192.437171936028,135.8947201645769,6134.972523103892,110.40342203776042,97.06334330454594,1,6,-4006.3695907592846,147,55.089184408899975,834.645016204224,-216.8781280517578,7.799625108534491
fall,video,..\..\data\le2i\Lecture_room\Lecture room\video (14).avi,25.0,17.12,140.22238270174583,5.827308662652938,178.78091632126544,172.9536076586125,2999.011796294182,142.59804122483774,7.996745163783599,179.55529128873016,171.55854612494656,3051.7929904716902,123.85324067201908,48.94523332100046,178.01129378717422,129.06606046617378,1847.3344691336777,119.41792492813502,29.7674730859615,179.8615470823689,150.0940739964074,2227.0909546727594,141.62783437429664,12.821931186192813,179.98462014578024,167.16268895958743,2547.294383209186,141.5227843619197,20.428121320947778,179.90898221869602,159.48086089774824,2577.9337075769,112.5469589233397,2608.288764953599,197.85507015415007,7305.379340698667,57.09279378255209,48.96928669856146,1,6,-11337.239027023306,281,64.29965400257987,427.2798366900827,-171.75155639648452,12.22966248295343
fall,video,..\..\data\le2i\Lecture_room\Lecture room\video (15).avi,25.0,23.72,140.48238642797997,51.0125570115161,179.89222082691822,128.87966381540213,2046.996410069102,131.13691617758082,2.5611249590884277,179.26251464830975,176.70138968922132,4142.498693177737,169.83926876809142,134.82675172265942,179.96923466940137,45.14248294674195,370.3093871799297,172.8890738413495,141.21138204995472,179.96466251742666,38.75328046747194,337.94918977603675,172.57734257846872,152.08993488139546,179.98213267848905,27.892197797093587,330.27447922179863,173.00278533191073,151.03790646824984,179.99894079959185,28.961034331342006,398.4725690291967,200.78601837158203,6694.471359252922,489.9920399983728,13614.131684736802,-46.667999267578125,-52.07968552907309,1,6,-2949.735641479485,2,32.09476646909358,4.387531874712435,-180.34648895263672,1.431967303641557
fall,video,..\..\data\le2i\Lecture_room\Lecture room\video (16).avi,25.0,34.8,136.2554565264882,7.247645670181519,179.8228870052209,172.57524133503938,3492.199726917314,118.39638132040389,1.5444989511753495,179.8688846126403,178.32438566146496,4242.8682317158655,170.52582851369368,140.91656771467396,179.98645100557886,39.0698832909049,314.10832023142774,172.49233137831465,139.6722269223013,179.98307286865708,40.310845946355784,455.0290262822429,174.16693274561496,156.4719603027417,179.99653898581244,23.52457868307073,385.4748059716819,174.6637408796824,153.20112326816908,179.99883228014133,26.797709011972245,317.94588607356,124.20692443847656,1153.9138158162386,121.37244088309131,1852.3132678790332,95.04970296223959,64.9416389465332,1,6,-3408.9202880858948,78,80.35478381344106,809.1557016557115,-216.36940002441403,7.407145925224601
fall,video,..\..\data\le2i\Lecture_room\Lecture room\video (17).avi,25.0,20.24,124.76635726823324,8.83716986639392,179.75390349168248,170.91673362528857,2615.397435454176,132.3740804624616,14.005857267062927,179.66024358847477,165.65438632141183,3821.1502162995935,167.00674897298842,141.58770560283048,179.98832823435924,38.40062263152876,390.7944886385685,170.37859231500278,137.94091020371133,179.9224863126633,41.98157610895197,386.8411118321177,166.5974683174304,35.75336629304931,179.91041739319334,144.15705110014403,1249.456913924192,169.98355547893556,46.33076181060046,179.973096791193,133.64233498059255,2566.302816835321,91.78924560546875,2053.401629130045,188.3193920470859,4741.680158363603,3.9634577433268277,25.774692317417674,1,6,-4254.838943481438,105,57.16358371300008,80.17650173577277,-89.69333648681683,0.810115054971372
fall,video,..\..\data\le2i\Lecture_room\Lecture room\video (18).avi,25.0,42.08,148.78938633721307,83.51490236924566,179.95694760738277,96.44204523813711,686.9740880559718,120.34402918718021,75.65788039731267,179.73088345769665,104.07300306038398,1070.3939249139032,135.8515303512514,106.1431442998073,179.997719609428,73.8545753096207,446.3705428888794,140.04841959392508,113.62678459197465,179.96872059395147,66.34193600197682,340.76455066542553,146.1740511840121,104.86521195811781,179.9881113625939,75.1228994044761,343.89831200800387,153.8678076323745,107.74608958636004,179.9080011134069,72.16191152704685,319.14753252728616,89.5744959513344,1286.1614227294815,156.39079411824568,3909.769852956142,-36.09747950236003,-21.825829188028962,1,6,-4131.361007690426,59,43.400908444368795,117.71899657240932,-145.30105590820312,1.1517338371211716
fall,video,..\..\data\le2i\Lecture_room\Lecture room\video (19).avi,25.0,32.72,140.25913831299724,43.75547708527984,179.4694257597408,135.71394867446097,2086.0138850366916,154.45057813942836,37.86449015902102,179.9841917184507,142.11970155942967,3315.3795533276393,148.2448967371481,81.44769293471234,179.9806109627353,98.53291802802298,392.33808539589813,150.20638562469222,82.28887350679572,179.96362773510953,97.6747542283138,416.15466924917325,145.233944593418,52.137991473459806,179.99846919718507,127.86047772372527,644.814511889949,144.65021030798948,64.51899550382274,179.99863667265151,115.47964116882878,688.6824498688409,67.49294281005866,960.3672027587784,516.492421286447,14835.064474741628,-45.367637634277344,-6.543576558430985,1,6,-5916.9769287109375,1,-448.08238645335285,-66.5051244512353,-591.7041778564453,7.240870599770299
fall,video,..\..\data\le2i\Lecture_room\Lecture room\video (2).avi,25.0,20.24,153.16298249229004,91.36713943664529,179.94659562482508,88.57945618817979,1064.6582708218154,150.8394798712895,18.476717092192853,179.90364002215196,161.42692292995912,3314.7467189396602,156.52033819393716,57.47432635243976,179.99156950927446,122.5172431568347,1866.0034893244467,161.39337669374987,52.738837368691634,179.9118918813629,127.17305451267126,2190.2034994809683,150.48975818865432,55.4764932056551,179.98437722739402,124.50788402173892,1653.2004470114714,156.06272199143012,47.13884341833531,179.98007382745334,132.84123040911803,2543.0127428398046,141.25371297200573,1998.5723495483398,97.9787284533181,1551.8522262573242,-37.77533467610678,-23.02914810180664,1,6,-5064.813613891568,326,60.65940131356301,259.8348070711249,-114.5905303955077,11.828005813648378
fall,video,..\..\data\le2i\Lecture_room\Lecture room\video (20).avi,25.0,11.92,157.51662049163153,60.45413217664879,179.94898175318212,119.49484957653334,1300.8091918864918,144.40567635968358,5.920068997857081,178.34599502791102,172.42592603005394,1956.7614310637616,169.02720647969906,139.86751335689652,179.97192646425765,40.104413107361125,394.58629673904466,170.9393001928641,147.4040067850178,179.9436761723106,32.539669387292804,327.4518930786421,173.0703094320548,158.03548134258824,179.96493300485687,21.929451662268633,204.02829531909248,173.64017451980607,161.21763575077048,179.92562697889724,18.707991228126758,212.55952312472033,47.11778004964202,1514.2863591512069,70.55658571647925,2418.6566452880243,24.088546752929673,33.30164962344699,1,6,-1741.0354614257883,245,29.542778095191814,41.949631675044365,-376.0792160034182,0.8337302809230187
fall,video,..\..\data\le2i\Lecture_room\Lecture room\video (21).avi,25.0,45.2,112.97477128951975,6.362103165875574,179.99974666505875,173.63764349918318,3536.2866731081353,123.01646739840295,2.0405518984389386,179.73629152862077,177.69573963018183,3904.0563026074133,171.25958402272553,144.246572418001,179.97585176064757,35.72927934264658,379.11663070870884,171.02742468455554,149.15547848658014,179.9791223148462,30.823643828266057,411.3300145450083,175.43867545816076,157.25286932456686,179.99458095991366,22.741711635346803,352.7979439087808,173.60557621197532,152.3962319516728,179.99369532164306,27.597463369970257,326.23794336797334,112.51881917317661,1034.236590067552,105.88397979736328,1631.192866262481,88.538579305013,60.35228656587145,1,6,-6250.373840332024,254,74.5271191015543,501.99597332927476,-181.02493286132812,3.9855212420613686
fall,video,..\..\data\le2i\Lecture_room\Lecture room\video (22).avi,25.0,39.48,149.95476113272355,3.814264269148531,179.99505551714407,176.18079124799553,3113.979997633659,151.65354417006597,67.1408374998178,179.99508465679736,112.85424715697955,1070.5822879599684,169.98965381386614,146.4898372371968,179.98843406373746,33.49859682654065,323.28503563771346,172.3045560464625,155.2204143628809,179.99878686696027,24.778372504079385,310.4231039924713,173.25087455459308,19.854974387797274,179.9869530542045,160.1319786664072,2872.696794508889,173.5040440492321,66.43141454814815,179.99788863607037,113.56647408792222,2506.823524977866,129.56703186035128,2350.0413894653425,123.19533030192034,1889.293099150935,142.5634256998698,119.34071604410806,1,6,-9197.635650634766,714,42.87442592472571,722.5057420859348,-197.74345397949222,3.06404318221801
fall,video,..\..\data\le2i\Lecture_room\Lecture room\video (23).avi,25.0,27.0,152.5657270519605,85.06198257633224,179.9965655509951,94.93458297466285,1214.6341854420132,145.36800315997198,88.23397963313269,179.68057864340156,91.44659901026887,1002.7012026264259,170.51578442640823,124.88773162973513,179.99497759214546,55.10724596241033,581.9818869010952,172.6305498654196,127.72436021008414,179.98904296151883,52.26468275143469,521.9367105992923,172.4257423455411,86.23270688093687,179.99767294004027,93.7649660591034,1889.538995682579,171.76374622425072,36.95897032754165,179.99189900101987,143.03292867347824,3235.1687346755043,103.45176696777258,1378.4914016723703,86.04409154256203,1747.073814196476,51.65469868977864,77.32844112620634,1,6,-6180.31311035157,286,10.674965080682316,150.28281872284907,-90.63682556152379,0.8425710271731821
fall,video,..\..\data\le2i\Lecture_room\Lecture room\video (24).avi,25.0,57.68,155.69811968074913,35.29171824103389,179.96984933008028,144.6781310890464,1964.7510062880656,147.79418298496188,18.04187512902175,179.99084989022006,161.94897476119831,1631.7528714539985,144.80059405485912,51.31283142102198,179.98908427596734,128.67625285494535,973.860048767861,141.0028748244947,35.32919451142761,179.9949501307449,144.6657556193173,886.7800659147889,137.37431178839856,28.7416900829555,179.99587599913474,151.25418591617924,558.5108532381873,137.3154479445049,21.39467106829226,179.98816257511405,158.59349150682178,843.9777008844501,102.89538065592438,957.8523635864223,229.72325007120773,9870.759191268537,-47.239065806070954,-57.596674601236984,1,6,-5552.9022216796875,443,81.27681242632765,316.8518063407943,-904.9888610839844,3.1356806056750064
fall,video,..\..\data\le2i\Lecture_room\Lecture room\video (25).avi,25.0,15.04,127.35054040249813,97.49269921090361,175.55465207380232,78.0619528628987,379.650413539558,161.60928851508663,110.27810887464948,179.89363812071704,69.61552924606757,507.0419999634687,175.7858953632089,167.45318076776383,179.83073960844615,12.377558840682326,177.20755609447565,177.09112973623485,166.77097174206887,179.98899234135848,13.218020599289616,285.48859886984485,176.32872122825174,168.12462787477202,179.98994883283976,11.865320958067741,122.7627520703308,173.83509634534624,159.58759434966376,179.96078291628015,20.373188566616392,225.19839033273428,129.97820536295492,1544.6605682372906,122.44786580403613,3806.3738491354825,145.1038080851237,123.7450279962449,1,6,-4176.312446594226,2,51.20902709879028,521.6805973916875,-294.62722778320335,4.411109216190656
fall,video,..\..\data\le2i\Lecture_room\Lecture room\video (26).avi,25.0,57.16,141.05832835338052,0.2695767564276431,179.8415814580364,179.57200470160873,3758.117618828088,154.9104280426583,104.61995222660933,179.98110304261823,75.3611508160089,1611.1339449655513,173.78342764368583,105.36175778930536,179.99053925851535,74.62878146921,1858.703206928402,174.73108182651424,148.4049514895375,179.9956486234418,31.590697133904314,290.28799969532173,173.8859730907085,87.4739407978533,179.99865638676144,92.52471558890814,990.7839542485685,173.64952211728635,90.21090394171769,179.99958063806542,89.78867669634774,1987.2185022846845,120.57952880859446,1793.558120727532,109.5693778991695,1786.8310610452909,-140.2471466064453,-102.8277325630188,1,6,-5247.747421264641,243,28.213736575874155,15.560801976549987,-157.6768875122072,2.7396800159047134
fall,video,..\..\data\le2i\Lecture_room\Lecture room\video (27).avi,25.0,10.36,135.0680278476593,67.25236596805767,179.79023869529237,112.5378727272347,1048.7472656181194,104.32049221122416,1.1327527035676541,179.8073745403996,178.67462183683193,3246.9766285584606,174.95643898807413,167.84157018250622,179.93259808212625,12.09102789962003,144.29834613411998,177.31271129094716,173.4007146021339,179.93335770050584,6.532643098371949,149.58189637480288,174.6952183957272,168.2308578619215,179.96708242962382,11.736224567702322,151.37996773817193,176.677292809081,171.0007548330757,179.9550887801981,8.954333947122421,157.3936149146249,88.35868835449219,1979.689915974916,81.10673777262392,2143.465781913072,118.93172454833984,83.7666394401999,1,6,-953.486442565925,2,72.80201197670077,636.2044185269324,-207.45094299316412,2.759251838484839
fall,video,..\..\data\le2i\Lecture_room\Lecture room\video (3).avi,25.0,24.92,143.80497861087593,1.9232057737269626,179.6055296861382,177.68232391241125,3402.7833593023906,150.59633011277032,31.28652319338194,179.75304700687676,148.4665238134948,2866.333764504322,168.50801905873237,40.79129626157159,179.99269941159932,139.20140315002772,2380.9879602487517,165.85814561238217,56.65126220353875,179.99755089378226,123.34628869024351,1725.9967992673933,163.3969666288444,57.75719153776436,179.99851489638823,122.24132335862387,2644.493344081345,153.62899992184097,70.92716065987096,179.96394047171052,109.03677981183955,1931.268647050652,148.31980387369796,1071.3984171549562,189.024225870768,4725.6056467692,-44.88779958089194,-26.342444326363335,1,6,-3815.0138854980396,310,60.63329375813466,351.7830183744261,-219.2423248291016,13.721782414647976
fall,video,..\..\data\le2i\Lecture_room\Lecture room\video (4).avi,25.0,16.08,165.73320329569904,129.85560252192823,179.9542349162557,50.09863239432747,1098.377908230588,165.1303531340579,106.72059413718311,179.8703610375269,73.14976690034378,1048.6216706644705,156.14788409092944,108.97441244948719,179.6947970509904,70.7203846015032,791.7120610022004,152.80688867267514,82.01802009610515,179.97190407814642,97.95388398204128,1205.8790429197306,162.655512036095,121.18090624936634,179.91362810999237,58.73272186062603,551.3741668926208,157.97740990416744,98.55604030395287,179.96476645506036,81.40872615110749,846.0055961051804,209.35521443684877,3740.0836944580183,190.04974365234375,4751.243591308594,-32.23407491048178,-13.46532036276426,1,6,-4750.738143920898,170,-1492.07852999486,-74.97136198895441,-120.3459167480469,70.47853077629263
fall,video,..\..\data\le2i\Lecture_room\Lecture room\video (5).avi,25.0,15.56,131.36989006509515,22.680815780105803,178.33392352946598,155.65310774936017,1993.095498438871,120.17401160043995,30.324310936208366,177.59098010591413,147.26666916970575,1816.6627915362224,138.73268559055032,89.11087762151449,179.96710271147245,90.85622508995796,626.0774890894144,138.7416585547196,78.11753925963319,179.95959007506806,101.84205081543487,656.6978585850918,145.6572936074633,82.80235245094076,179.95160081580195,97.1492483648612,733.0397037646368,149.86713837827742,90.22097253328985,179.935192903138,89.71422036984814,570.8490152197786,123.64214579264328,836.3304138183736,675.2900078183125,20182.217461722215,56.323221842447936,64.07004229227701,1,6,-4390.42472839354,131,-5.537243003680483,499.76139319086883,-294.36935424804676,9.760988356912703
fall,video,..\..\data\le2i\Lecture_room\Lecture room\video (6).avi,25.0,11.4,119.30049889489105,7.951535486267751,169.18374431896498,161.23220883269724,2613.6681449515154,157.63710895984227,21.701280352523355,179.90676498994577,158.20548463742242,3498.6546252439985,150.15209749994858,104.96334369737738,179.95678173210374,74.99343803472635,1253.2231069999182,152.44600959278284,118.85148594318528,179.72442951148383,60.87294356829855,893.5765468620651,152.61734555131412,85.36683218846143,179.96875831696866,94.60192612850723,2015.324487118271,157.8546416066461,118.63709125542916,179.8431898788363,61.20609862340716,1390.9764804216043,124.02165730794295,1153.1877517700195,109.57352774483766,3159.6854066515334,114.86554209391275,99.48463598743282,1,6,-1731.4462661743057,120,64.0201317587204,2909.5465517251882,-185.9330368041995,7.603937496974217
fall,video,..\..\data\le2i\Lecture_room\Lecture room\video (7).avi,25.0,13.48,143.89002208781028,25.915902663427595,179.96872505450307,154.05282239107547,3244.730501418212,161.69741844604363,128.47604920171736,179.95475725700942,51.47870805529206,574.3064955750299,157.44850136102806,84.10766817503979,179.99940940026744,95.89174122522765,1742.8514694446778,155.19449534955945,85.26618802983593,179.89595675486345,94.62976872502752,2079.9282371790687,160.46595201876627,63.18953540473896,179.92241376106588,116.73287835632692,2635.2658864006935,154.8650992318147,45.37763366036417,179.99218755843773,134.61455389807355,3340.6308152041206,178.08265686035156,2249.001502990735,154.20150861635307,5149.795783745059,116.53622182210286,99.44972309144606,1,6,-4116.337299346924,2,28.321991698036186,1283.8481785138692,-143.41941833496108,4.634467928495889
fall,video,..\..\data\le2i\Lecture_room\Lecture room\video (8).avi,25.0,28.88,120.87484161009584,0.1433617242250701,179.8870362485303,179.74367452430525,2279.697096958231,148.1287416494647,28.26482056865988,179.59541477441277,151.3305942057529,3501.388953072663,163.17214841622973,96.59810108525912,179.97774746277034,83.37964637751122,1278.2442614863526,164.5902862337318,107.86125815974758,179.98603345312353,72.12477529337595,934.6642303674471,164.08955420778923,114.582864781462,179.99310033361616,65.41023555215415,774.2617786572212,166.96013697739647,71.41032235376237,179.9988497428602,108.58852738909782,2295.0023377715743,152.63282775878864,776.4434814453125,130.20767798790587,4717.479628084345,67.68999226888022,46.925748238196746,1,6,-5769.751548767097,132,64.44549058684957,677.5644475300045,-266.91112518310547,7.249542894397609
fall,video,..\..\data\le2i\Lecture_room\Lecture room\video (9).avi,25.0,37.4,130.3622738159945,3.037401880023927,179.95056522521622,176.9131633451923,3202.513077703644,143.73798292206294,3.7328412560830486,179.96697477406866,176.2341335179856,3945.343525161067,145.6605728762435,50.104102044896635,179.96399963112947,129.85989758623282,2261.959242210549,144.54686594416196,33.79448441555461,179.97577155833528,146.18128714278066,3381.08636369282,147.22233693753762,46.23644376896316,179.9848988773151,133.74845510835192,2351.1540034435234,141.40223797608942,42.04378328308225,179.92572146041718,137.88193817733492,3432.3348514405325,150.6234741210939,1668.9348220825195,222.1440315246575,6837.742328643782,-41.28631083170572,-24.034215927124023,1,6,-2749.85599517823,684,15.476111579848196,4151.125019126972,-151.17630004882835,20.210674996632783
fall,video,..\..\data\le2i\Office\Office\video (1).avi,25.0,16.6,162.62138872373143,84.24874710870827,179.8824185097011,95.63367140099282,2381.521523815148,160.6196222039229,144.38037247730207,179.214895315226,34.83452283792391,625.4996498760328,166.7046492455182,4.183968751969335,179.96108218060306,175.77711342863373,1631.338610656538,167.73565361192072,10.699420428113958,179.99096519033276,169.2915447622188,1671.2155897118027,169.34961228039455,14.021224910557324,180.0,165.97877508944268,2379.5474307973655,168.02038952317167,11.908476058647091,179.94768046618887,168.03920440754177,2237.3542898361998,1110.3603998819985,28179.62328592936,1089.1340780560931,26417.290357181002,46.868988037109375,75.92572869194879,1,6,-24450.93631744383,210,-97.85503902532652,222.12065721175426,-376.2722778320313,1.0582359156745194
fall,video,..\..\data\le2i\Office\Office\video (10).avi,25.0,10.76,152.3811314775347,6.29382761245541,179.7511375121675,173.4573098997121,3134.524924131847,117.15725588113708,36.60361623413981,179.73999609560985,143.13637986147006,1273.7823923487265,145.41449614111477,78.83099746512347,179.663813667523,100.83281620239951,2021.9008415255391,145.92828018584393,79.41352722406864,179.87128392408042,100.45775670001177,970.383109244231,144.39665731316424,59.42163123433896,179.92261485709508,120.50098362275612,839.0966817715675,145.40163651143263,81.63920934488038,179.98030676975446,98.34109742487408,668.8822468298735,163.68000030517535,726.8435160319165,114.24184972589586,3636.256558554507,125.32489649454752,102.54102172851563,1,6,-2762.106895446781,171,68.28270837464672,1203.2282616958184,-244.37904357910156,4.57294869903197
fall,video,..\..\data\le2i\Office\Office\video (11).avi,25.0,7.72,155.0240209333074,91.52799991786769,177.86959680405576,86.34159688618807,2158.539922154702,171.31681599606827,133.040929907286,179.9309287403133,46.889998833027306,1036.8878223963086,124.65485375456049,98.28321759878244,142.54512111865333,44.261903519870884,743.2536026599699,138.80370323437427,134.95510950616637,144.64788003746222,9.69277053129585,242.31926328239624,127.84645948966978,88.81507341323335,156.4881671332103,67.67309371997696,807.2988734735457,121.56158353315958,107.39446577658889,142.7160513808421,35.3215856042532,706.0045310698367,120.26433308919238,2251.5233357747456,158.6470540364587,3966.176350911468,-25.116383870442718,0.2984720865885322,1,6,-4636.709213256829,25,-7.1403708464676825,-5.470367712743328,-154.1213989257816,1.832297797054172
fall,video,..\..\data\le2i\Office\Office\video (12).avi,25.0,11.92,157.07966340314826,76.51503599196522,179.86388596346623,103.34884997150101,1425.8925861845823,135.4641881544445,75.19140712691926,179.844579808308,104.65317268138874,2223.4718278343257,141.52919174584525,68.67215853494785,179.9272934594498,111.25513492450195,1933.5281294926024,147.5953385822392,62.04186092059077,179.93778427779267,117.8959233572019,2344.3263791569784,140.23757963185076,95.59560394184659,179.88987565570153,84.29427171385494,691.1952457702866,144.62819591254146,89.74192035094374,179.73209682924124,89.9901764782975,672.301719429063,186.15046183268262,1092.3638343810894,159.39724315296502,3984.9310788241255,115.37858835856119,62.77519581024657,1,6,-2617.078781127926,118,71.6787184433841,826.0164234245044,-209.66316223144509,4.6622375041427855
fall,video,..\..\data\le2i\Office\Office\video (13).avi,25.0,31.68,146.22229800936725,2.3895483612675124,179.9365031058912,177.5469547446237,3821.282618283639,115.97429514936194,6.421252344659562,179.09142481656696,172.6701724719074,3444.305546875152,131.7423074715888,57.41391334629266,179.94528183816075,122.5313684918681,1650.9155115837998,141.08945014561644,75.5958021355298,179.98361764843548,104.38781551290569,1574.9609767968664,135.18662803373547,59.67789522033149,179.703032789301,120.02513756896951,988.5479869400242,146.45232197540574,79.59036012193816,179.99578890734264,100.40542878540448,708.2013017629095,261.9413185119626,5146.703720092773,288.8939488728841,7222.348721822103,134.29509099324545,54.87684130887234,1,6,-9952.38494873048,574,68.47016812633112,995.0736577370535,-459.8621368408203,20.27735137851689
fall,video,..\..\data\le2i\Office\Office\video (14).avi,25.0,6.92,152.81934204915885,5.247870578204203,179.9309894524771,174.68311887427288,2267.1006350802018,142.1844572044115,98.73738445473452,179.9143153741872,81.17693091945267,1668.9212277141414,100.97868682194475,65.84370943022752,178.2183049570416,112.37459552681408,669.258859575595,105.58107539915571,56.16135592644494,179.88522177571747,123.72386584927253,729.6722447805233,128.7456882352423,62.80927362342694,179.71279276302468,116.90351913959773,635.1525088882678,139.62394227389615,86.59246814771363,178.91990709657327,92.32743894885964,687.0965769404784,158.50351333618207,2111.8545532226562,335.7414245605469,8393.535614013672,14.224166870117188,21.39600423177083,1,6,-2265.2330398559607,13,35.33975034535795,369.5815484382897,-284.97455596923834,10.674555409199083
fall,video,..\..\data\le2i\Office\Office\video (15).avi,25.0,12.72,147.7984748594358,20.198452629135677,178.5923909749127,158.393938345777,3843.468183002132,148.25956300621638,1.2467501258755898,179.98533897494204,178.73858884906645,4371.525274149476,155.591215218792,56.75406038859229,179.91488569727284,123.16082530868054,3020.6086771072196,160.74988021631788,12.891105363273406,179.9807900392335,167.08968467596011,4105.398224977912,152.45723848481177,90.10311679143173,179.88884660541666,89.78572981398493,1301.0713521957243,157.101305268114,109.48464092540203,179.93413605873587,70.44949513333384,880.8017187848637,440.9182230631508,9280.145963033026,295.9821380713038,2002.2621811065733,148.6099370320638,96.97761311250574,1,6,-25546.33331298831,238,37.75696116000673,54.018721639729605,-278.85192871093807,3.1805547393831457
fall,video,..\..\data\le2i\Office\Office\video (16).avi,25.0,17.12,111.5990655257289,0.41595077617755055,179.71307889928113,179.2971281231036,4180.000393061988,131.91816107257907,10.641437199649108,179.16922732550722,168.5277901258581,3656.7672296253845,89.77867090607934,60.678463506675456,171.8478064142705,111.16934290759505,2711.620318920408,97.16190298645661,54.84484051701947,179.36864593207778,124.52380541505832,2687.2518189342713,111.1943911060931,2.0918489332054087,174.11338075924374,172.02153182603834,3191.872764691461,116.78031972747183,91.4299951283343,176.53745021532964,85.10745508699534,1051.807514847512,629.1867828369142,12028.895378112797,350.83756801060275,7481.855425991864,132.64553578694662,101.85649337768555,1,6,-16129.01020050053,251,56.02418401881488,367.23321350740196,-420.6172943115238,5.606850528135471
fall,video,..\..\data\le2i\Office\Office\video (17).avi,25.0,8.68,99.58472375811773,7.83898565949575,156.80175046135292,148.96276480185716,3657.803876445893,121.53776284393166,19.78658524601768,179.80329936218752,160.01671411616985,3221.4842056581388,152.1866300934021,99.45144933111796,179.8941356545664,80.44268632344846,704.1382230608327,160.7852980241739,106.30594651132573,179.9843145824025,73.67836807107678,626.4404072025841,158.68331141767763,88.50305197846272,179.91874577509992,91.4156937966372,953.2678488681697,156.13090362878017,70.27994564653407,179.7996794473069,109.51973380077281,880.4111352309257,243.83010864257884,1687.64845530192,142.02584428053626,3161.7866516113227,119.67499542236328,60.42050361046424,1,6,-6037.997245788595,104,30.280401371103988,776.7550837451689,-222.52922058105503,3.3296219580990662
fall,video,..\..\data\le2i\Office\Office\video (18).avi,25.0,30.64,163.78431824623638,121.19161360083775,179.94149813404266,58.749884533204906,585.2471731375899,113.37992481927598,10.09735924868202,177.7715761538004,167.67421690511839,1637.1223976786484,145.97898577923647,99.12949403814804,179.96908920392633,80.83959516577829,654.7417410717514,157.91952902138556,128.501643068908,179.98708295825887,51.48543988935086,656.4804061375163,142.89883720006395,81.82934688092742,179.9360552492557,98.10670836832828,355.6613347276496,158.8372693054714,111.27076819404923,179.9661325892096,68.69536439516037,314.56848256459295,107.67532348632827,796.2493896484401,253.47062624417802,10568.525639558431,3.064683024088538,43.36004191388989,1,6,-2365.9229278564453,201,30.261873619730377,191.49692827151452,-372.39013671874943,0.8218344775106954
fall,video,..\..\data\le2i\Office\Office\video (19).avi,25.0,13.16,147.60831657425746,114.16290140264344,177.63543162161577,63.472530218972324,285.4382134494813,166.2179685064477,133.39269188010525,179.96245992778853,46.56976804768328,754.7146584024617,151.8624744429633,86.42802301172225,179.96176711357373,93.53374410185148,945.4827420767092,141.31917736373796,79.3524771611092,179.81448136731038,100.46200420620117,754.0768222136184,140.65851014654652,58.69356074499662,179.96862979275798,121.27506904776136,1130.2314390068414,126.98906955682928,63.62204133166676,179.80041968041365,116.17837834874689,510.4097898031338,354.92687225341797,10570.025444030762,223.32462241432935,7560.742616653435,66.85634053548176,78.6328479304458,1,6,-2548.130035400398,6,58.878312946048425,231.9260304798596,-342.59380340576195,0.8723088627495524
fall,video,..\..\data\le2i\Office\Office\video (2).avi,25.0,10.36,151.54423527562838,4.296880983747351,178.69771533890784,174.4008343551605,4334.50069909966,160.69828926994703,17.73502796679861,179.45918871473185,161.72416074793324,3903.431048063625,134.60202006276384,55.888885098185675,179.7698590539508,123.88097395576511,1197.6529653039584,143.51830986015707,86.21745239892697,179.6565616938453,93.43910929491834,1239.041873996782,146.11792463467776,82.15076247501044,179.98511113849807,97.83434866348763,955.952401080608,144.87384259013126,99.31738925069799,179.99872946719643,80.68134021649844,802.9934731702014,558.0499267578126,10262.086232503265,347.72944768269906,5943.601502312567,132.81915842692058,73.86088335937237,1,6,-11919.695854187023,93,80.22158129509637,463.4572154072962,-286.30386352539057,14.21072286566385
fall,video,..\..\data\le2i\Office\Office\video (20).avi,25.0,21.28,135.96896895312054,94.96610125158627,179.4850251533994,84.51892390181312,953.3518952230629,148.86488400974864,77.71385858122017,179.551607319183,101.83774873796284,1475.6868289643805,126.11145245560832,24.915041183573763,179.94412620750145,155.02908502392768,1423.6293472936816,139.33012770756105,47.89287911336085,179.20392846681102,131.3110493534502,1059.4571193707907,120.04520532399461,32.212225667968355,179.880625032377,147.66839936440863,1012.3456216363003,120.09920790558026,39.70701765409347,179.90065384035665,140.19363618626318,636.6624920568054,279.0520477294919,6976.301193237297,175.00826971871533,4496.4955647786555,-121.82045364379883,-26.52196502685547,1,6,-1993.3862686157156,22,2.1857169720752916,75.92716367379343,-401.9538497924804,6.5641202340052995
fall,video,..\..\data\le2i\Office\Office\video (21).avi,25.0,17.12,156.5522938163717,49.471818468608966,179.6663419868552,130.19452351824623,1935.9659370357797,114.20970624267696,24.480985743202734,175.86092288610277,151.37993714290005,1471.604885855974,153.0890932492427,104.00554413792975,179.99929336367984,75.9937492257501,309.51836288185143,158.20843037574085,117.96147564471342,179.95115020156064,61.98967455684722,346.8942116009998,154.45556740918337,101.20534774115849,179.8960674586554,78.69071971749692,364.24789428939096,156.20279831329964,109.00661990000818,179.986932306406,70.98031240639783,407.9552060814535,144.9371337890625,3623.4283447265625,663.4548187255859,24327.59714126588,35.289764404296875,14.549057006835938,1,6,-4974.296569824208,37,-18.962842363839844,128.12369710009267,-1233.6867523193362,0.6623923482941302
fall,video,..\..\data\le2i\Office\Office\video (22).avi,25.0,8.84,159.47093567951018,101.1820674711477,179.63981978810736,78.45775231695966,1488.957240055024,149.38640879003358,79.91900479767766,178.9885558130749,99.06955101539724,1504.1100782563337,148.31979735346485,71.66959374630544,179.96705253473306,108.29745878842762,502.94046351163894,146.86934907867936,47.35283430429988,179.94953866375434,132.59670435945446,477.5402591037057,155.52712349174843,69.99418257710181,179.81244257441116,109.81825999730935,771.4446016253121,153.88630899861718,52.48221441861982,179.9469395783891,127.46472515976929,483.47926139786637,106.10467274983755,1804.3963114420603,429.7213086214931,19393.476724624623,29.589727274576816,-38.391630554199224,1,6,-2537.1398925781464,11,-4.372732213229711,7.647143976085389,-838.8423538208008,6.963213315691248
fall,video,..\..\data\le2i\Office\Office\video (23).avi,25.0,45.84,127.9080224624758,0.09205278147938387,179.9949066916802,179.9028539102008,3559.379490731596,138.2800607819153,0.6320748815864814,179.94219069069456,179.31011580910808,2992.8064404468473,112.86779079692418,0.3377676455499906,179.87647508171733,179.53870743616733,3505.324711747787,119.50774183378539,5.764972391774403,179.89992984004257,174.13495744826818,2316.7249486952715,109.91977507966675,0.8677426605020094,179.99446132634947,179.12671866584745,3020.5370155464316,118.10724424152389,14.508964468320617,179.96203121756977,165.45306674924916,2449.922512563242,173.0388768513997,8224.406878153499,283.712809426444,8112.5351436554465,24.20857696533202,-21.253408751824907,1,6,-11240.140914916996,946,3.0583153466716007,119.61487376339055,-225.62927246093736,2.007362733671339
fall,video,..\..\data\le2i\Office\Office\video (24).avi,25.0,33.16,168.24073816798239,100.86317954761182,179.98915286786738,79.12597332025555,912.6097894517077,130.9401141926414,93.48698138012001,179.98639744901266,86.49941606889264,1181.671997833033,118.6163430205,57.57282906355492,179.9991405217135,122.4263114581586,440.55943898483997,129.78434480939927,76.05330582815806,179.90877491413366,103.8554690859756,407.5165713677201,127.46636808269324,77.91219542064151,179.8934902412655,101.981294820624,340.4318252464293,138.8831616439529,94.02609196101689,179.90279277264523,85.87670081162834,349.1255958707036,68.92492930094392,1200.7373968760148,413.77423604329454,18727.01009114584,-0.15717315673828125,85.808434009552,1,6,-4871.528625488306,753,80.3781466772665,5.40240520599372,-505.04325866699224,8.762954937029075
fall,video,..\..\data\le2i\Office\Office\video (25).avi,25.0,39.52,119.10849962072855,1.1430502746157774,179.1955312674792,178.05248099286342,3553.2977481499793,138.0768743305498,4.590787982252435,179.9966859661014,175.40589798384897,3392.5094458148287,136.62157163494146,53.406776794206145,179.9865879723124,126.57981117810627,736.0115407424495,137.58190175093503,57.249071493161296,179.9319026914082,122.6828311982469,922.0889224271865,136.4711528747684,45.01066666120198,179.98647088035756,134.97580421915558,1711.0472429048812,136.94054563603444,59.48139231089058,179.9909778850693,120.50958557417871,949.8870502352837,110.65222422281913,1687.401771545405,278.8126839531792,3962.049272325299,47.342647806803384,-34.842753410339355,1,6,-7798.020362854015,630,-19892.391574610163,20.046531554206798,-75.50312042236307,1.5102508561667145
fall,video,..\..\data\le2i\Office\Office\video (26).avi,25.0,19.96,144.16177736965201,73.56192774850847,179.44877259691478,105.88684484840631,1263.5530162267944,141.87760072531378,38.40170338379044,179.9134150728688,141.51171168907834,1899.018055033073,173.75082651336515,136.29490895258286,179.99217033676788,43.697261384185026,655.9159219219844,174.11985927062798,147.3043566388327,179.96595682601057,32.66160018717787,504.4748005490924,171.02517261203585,141.51839199879552,179.98157079385226,38.463178795056734,769.868139393376,170.61418997804913,141.87305614425117,179.99124322489925,38.118187080648084,867.993716743419,320.59992472330697,7709.66434478761,266.8311830000441,4768.3718363443895,-27.67123285929364,43.56834592672496,1,6,-7030.027389526339,305,85.00791410346395,547.6806392796252,-749.8235321044923,7.016810192970039
fall,video,..\..\data\le2i\Office\Office\video (27).avi,25.0,32.44,92.1594082846642,5.378724874490671,179.81501920792002,174.43629433342934,1759.112229299849,150.9822051781159,57.35324133671236,179.29384058729215,121.9405992505798,1401.882911181907,118.48333348170364,43.9653708591604,179.98467812826442,136.01930726910402,600.2222841272559,124.93958290647613,20.992482133385277,179.94817023426577,158.9556881008805,3036.9788746134277,119.46215339474084,40.476834972831234,179.99562187887625,139.51878690604502,521.749021445558,125.66276736944857,34.7298774444107,179.97712147372727,145.24724402931656,2606.1427424355047,76.84791564941395,819.4354375203394,373.64253997802734,7948.361237843838,25.236054992675776,62.6008430480957,1,6,-4861.808776855465,658,0.322813699014489,-32.9307365950842,-1019.8272705078125,14.900860987125814
fall,video,..\..\data\le2i\Office\Office\video (28).avi,25.0,20.2,112.11381173016795,27.06083065676521,179.95971295285833,152.89888229609312,2752.9236178143756,119.35683475213979,6.470121839231386,179.83849251455237,173.368370675321,2323.733936244502,169.65587952679007,141.4245671235188,179.98937154129504,38.56480441777623,523.2603829080894,172.76432710590777,126.481156939061,179.98482262594464,53.50366568688365,434.4387177324314,171.65912377896944,147.60663575403163,179.99334548450636,32.386709730474735,521.8207795354836,171.4241343097292,140.36123041278103,179.9446786369728,39.583448224191784,721.0416730903489,536.4334106445312,13410.835266113281,423.33012528852976,20975.079761851917,-100.57628631591797,-10.0130615234375,1,6,-12849.682807922385,66,20.031658609202324,1824.1387903375905,-1135.671615600586,10.06362083869061
fall,video,..\..\data\le2i\Office\Office\video (29).avi,25.0,48.84,119.27184613320527,16.394816666207944,179.81394566748176,163.4191290012738,3700.1996587263507,132.04645143631132,11.659331307088815,179.9745264849397,168.31519517785088,4080.0067040289646,169.76992884672907,139.5174463808555,179.97116306500638,40.45371668415089,363.4319725307257,173.75455848270798,148.1787371507773,179.99039073606843,31.81165358529114,384.3401759397857,172.5789685148156,157.11817304280729,179.99596854963949,22.8777955068322,258.32453157882185,173.8809932134352,158.4129755302052,179.98945074292723,21.576475212722045,174.67203835435754,71.24309539794922,1781.0773849487305,152.08236694335932,2060.8869552612323,-31.801719665527344,-4.788712183634431,1,6,-5668.725967407208,1107,84.61905752937527,158.27278261886727,-410.69847106933605,3.6713198289823126
fall,video,..\..\data\le2i\Office\Office\video (3).avi,25.0,18.68,169.1406207210825,12.73422241236189,179.96581254956965,167.23159013720775,2225.52357347453,123.51545814051019,92.37325666610231,169.9648115285788,77.59155486247649,549.5979518534022,102.88585422429658,21.376586737693955,178.1669148063817,156.79032806868776,1420.216828765242,125.10095495141768,14.797694792847663,167.45201259279304,152.65431779994537,1066.328854864475,113.18886910948717,11.961182635272138,179.70861784203024,167.7474352067581,1422.3301324038187,138.0280622130745,19.44863812993434,174.28863410009922,154.83999597016486,1183.3805356246291,527.6593907674155,11104.459126790349,377.0438461303712,3754.4579188029024,124.78522237141927,89.71453514966097,1,6,-2522.1271514892683,358,47.94009470292415,14.950961794981163,-218.31321716308594,1.5066104750393077
fall,video,..\..\data\le2i\Office\Office\video (30).avi,25.0,49.88,115.82828724104445,26.888720002884913,179.99282549858935,153.10410549570443,2555.6560734065724,135.60518106398587,9.211588727256741,179.86813457115156,170.6565458438948,2071.7561956973627,110.7080906139299,46.376843307512786,179.9589206823488,133.58207737483602,501.41872373570845,113.86400404455352,19.339349475303067,179.9804844396959,160.64113496439285,895.0124131674272,107.50203341561449,44.67060052762619,179.96515274600472,135.29455221837853,678.6245949619613,108.38181363729913,3.325633700518385,179.86176320238178,176.5361295018634,674.116759122777,68.89823913574205,1672.4910736083932,296.8685065375428,6849.1231070624535,68.3170166015625,45.69533874379607,1,6,-1511.0225677490164,13,43.27610024884253,372.6552250997656,-1434.68376159668,1.036771701621335
fall,video,..\..\data\le2i\Office\Office\video (31).avi,25.0,8.12,159.64265478961318,14.979790189888575,179.99370957839432,165.01391938850574,3539.897502282588,151.30706025951088,116.03145411440049,178.75643012379177,62.724976009391284,460.8392871090988,164.61335882898277,127.5849551107475,179.92176529007617,52.336810179328666,560.4430734314128,166.75041243223947,137.92835420118436,179.99034198038402,42.061987779199654,430.52288741129416,168.4500263194174,140.82816982237588,179.7120937191416,38.88392389676571,957.9934921038955,169.88943676198843,149.3117502793742,179.99188923006972,30.68013895069552,431.8495031700934,138.94783020019474,2406.827926635717,450.59070587158203,21089.072863260903,89.58845876057941,-32.1077880859375,1,6,-3063.833236694364,9,-408.9822912289776,268.55308764644604,-1013.5486602783203,1.0912414256853464
fall,video,..\..\data\le2i\Office\Office\video (32).avi,25.0,21.76,122.63450460871584,3.706451826398984,179.41279807624335,175.70634624984436,3315.674857377135,128.49071199444876,41.407216951610955,179.96262778208927,138.5554108304783,2618.9478584111494,96.42719651283313,0.46800343323934435,179.62086648771444,179.1528630544751,1696.9103663867102,97.91908360893005,0.4500283492360416,179.96517691127406,179.515148562038,1607.2857810052135,89.4933716768943,4.161193362090833,179.97958910781762,175.81839574572678,1969.25974176422,98.20113293529994,8.294120969452456,179.87357764956656,171.5794566801141,1507.7235775196773,290.10101318359386,7047.550201416018,271.1121796828053,3353.9371189418703,-52.45149612426758,11.470552847120473,1,6,-8453.789710998559,15,83.25403000771931,1241.4805462473284,-523.2519531249999,19.38245635146564
fall,video,..\..\data\le2i\Office\Office\video (33).avi,25.0,25.56,103.06851493029038,0.01726987914290445,179.93076220496687,179.91349232582397,2763.0438609332664,127.59301978389036,2.3720742721620365,179.92889383191533,177.5568195597533,4363.021872114507,90.65400540387184,36.738247700373535,179.73028805237834,142.9920403520048,1077.323284812563,85.93153490661965,0.26589641456999635,179.989517674688,179.723621260118,2137.699837797173,79.21896502365888,15.836506475428141,179.9036659616722,164.06715948624407,902.1241162674769,82.6746047233088,3.083303092604091,179.7543124196499,176.6710093270458,2050.8226715143483,216.6790008544922,5073.636054992683,269.21635945638013,6730.408986409503,-47.391141764322924,17.848536835275723,1,6,-11206.72607421877,525,83.00240573226776,207.3311927633439,-588.4837722778321,1.2276069083892394
fall,video,..\..\data\le2i\Office\Office\video (4).avi,25.0,12.8,144.411101003167,66.25882680586133,177.77992251716066,111.52109571129932,1998.393825592305,102.25009374378325,43.30686037659072,179.90429624514758,136.59743586855686,1728.819559796253,121.60397460303089,18.314537812634672,169.4596076421434,151.1450698295087,2260.184703177549,114.07562459213868,39.40131955252837,167.37353214618315,127.97221259365477,2005.1361446269375,130.04436580350958,0.16842156596904806,170.93253881384356,170.7641172478745,2633.3225597507894,117.61061660807918,17.91139423977873,173.9416468546232,156.03025261484447,3773.2903114335422,383.01633834838856,5251.413345336929,194.82454184329896,1913.671681375213,115.62026214599611,69.37807248620425,1,6,-17094.09523010253,239,68.81386507764604,271.89587833215336,-277.83554077148483,7.557258606308606
fall,video,..\..\data\le2i\Office\Office\video (5).avi,25.0,9.52,160.32393240926524,78.23149268137577,178.34939040561753,100.11789772424176,906.0795900408049,80.23975037579673,0.37399240474679024,177.42217355212063,177.04818114737384,2391.7340645369177,127.73792840719204,47.47615082961527,178.65604804280773,131.17989721319245,2168.395688275287,123.50495742725391,35.47134679260884,179.61519053676233,144.1438437441535,2821.1244469154694,155.60494998869805,65.85077587409161,179.55738260540124,113.70660673130963,1231.233773232555,146.6394454020477,63.406155332773345,179.83694079170624,116.43078545893289,701.2604167055179,327.16552734374955,2313.2311503092496,410.5393822987878,8975.895643234253,157.68592745463053,37.125304412841786,1,6,-4730.091094970739,67,-61.08436884808809,1275.585025245426,-237.32978820800776,10.422490851509808
fall,video,..\..\data\le2i\Office\Office\video (6).avi,25.0,16.6,149.2257704858418,29.47442502975771,179.9775273193885,150.50310228963082,2292.1062182571695,150.01611694997854,1.9178862688351905,179.94607073685944,178.02818446802425,3041.679874417953,122.76185385654082,37.25056861197106,178.26225731908744,141.01168870711638,2715.2305167285704,115.15101118382125,62.38634414272292,179.9357184880615,117.54937434533858,2006.7622678720336,134.4347735694308,17.043062795140564,179.54416817749706,162.50110538235649,1594.7898603013668,126.9205651514232,15.83894082299923,179.9609581515709,164.12201732857167,1723.2957525752042,234.020970662435,2250.1338322957486,233.9260898936882,5848.152247342205,151.22413368225097,65.07898686726887,1,6,-7815.046310424787,292,37.07774522126815,2979.9980665982525,-217.95036315917997,8.768278054477813
fall,video,..\..\data\le2i\Office\Office\video (7).avi,25.0,8.68,100.59916370989853,1.1215222264020013,179.8216820143475,178.7001597879455,3300.308829787765,91.21331597238841,61.62308733519737,177.92596692745653,116.30287959225916,2427.6345759109486,148.54183662301995,49.641315782305554,177.97578782607667,128.33447204377111,2447.2053563536615,153.87641062564666,89.48665798612657,179.95799428366507,90.4713362975385,1262.065270988358,148.3757923025183,89.33600009784888,179.94620750350288,90.610207405654,729.6110003196973,151.70134470244003,103.55731644253595,179.91746928404362,76.36015284150767,914.3781976136665,333.40229034423743,1815.8861796060855,272.55715290705353,2374.6692793709735,122.76067860921225,71.69771014319525,1,6,-5711.992263793988,126,84.2179786251361,2106.726377187773,-397.99663543701166,20.327200769852173
fall,video,..\..\data\le2i\Office\Office\video (8).avi,25.0,16.76,139.59019257088934,21.60548092230887,179.89058809177538,158.28510716946653,2280.69101541278,147.66482867255354,115.42562188802249,176.0689735669705,60.64335167894801,697.8109048557726,156.54047877355876,91.99916261620086,179.9993313246111,88.00016870841023,2161.6492876666157,161.00926015247842,105.10545793813225,179.82105858735002,74.71560064921778,1831.467647512251,156.13771841549436,99.87011672307841,179.97075392024772,80.1006371971693,953.4095764562867,157.98391661599695,90.37281116751824,179.96589271333636,89.59308154581812,1114.5300138156251,229.3229293823238,5733.073234558095,196.42524973551403,4910.631243387851,-7.6662445068359375,11.732128143310547,1,6,-3016.2906646728516,12,-4.48674651115179,177.87280854124745,-179.24613952636648,3.4625104534462574
fall,video,..\..\data\le2i\Office\Office\video (9).avi,25.0,8.24,152.41962845620827,12.179109443520355,179.9510144547883,167.77190501126793,2718.52588419731,139.09835519300734,58.097003579119054,179.40765216729525,121.3106485881762,1766.2669281650494,80.8815914011539,33.94393070287789,120.64093306103594,86.69700235815804,1576.3456793722962,84.78975907698369,47.092292486169875,133.9730016785785,86.88070919240863,678.893791698803,138.03404995910577,32.69942469280433,175.12256037439334,142.42313568158903,1802.7003818008893,131.00265367469123,56.5876145963296,177.28880156880052,120.70118697247092,682.1361869943498,383.7550735473627,9593.876838684067,133.78037568294658,2226.61423683169,-12.693089803059905,25.071996561686205,1,6,-2585.4835510254047,11,-40.38025104257814,7417.778190027977,-191.8246459960937,5.979970668432177
workout,video,..\..\data\workout_videos\barbell biceps curl\barbell biceps curl_1.mp4,29.97002997002997,3.8038,83.17426926472199,1.9536202243357539,164.17284900685146,162.2192287825157,883.3273331791111,113.41520175378177,31.35813610381297,179.9740334855134,148.61589738170042,688.3582181484581,0.0,0.0,0.0,0.0,0.0,0.0,0.0,0.0,0.0,0.0,170.85584953285417,167.67774478942906,178.16865393806515,10.490909148636092,157.33028895659425,175.88837431490632,170.11243494879298,179.38047941765177,9.26804446885879,93.83285349031354,65.2724045973552,3801.4786294460655,208.8667645971425,8421.39239568848,14.983403523763002,-3.1234363374256304,1,6,-7473.0804236893855,112,11.090234516879176,88.33593722527789,-1409.0363676850493,0.9995852136604286
workout,video,..\..\data\workout_videos\barbell biceps curl\barbell biceps curl_10.mp4,29.97002997002997,3.1364666666666667,95.21931301524866,26.276031524330133,164.43019515894372,138.15416363461358,294.24112313628586,114.36281869722296,46.15768753910208,173.91059032077828,127.7529027816762,316.23956453505383,0.0,0.0,0.0,0.0,0.0,0.0,0.0,0.0,0.0,0.0,0.0,0.0,0.0,0.0,0.0,0.0,0.0,0.0,0.0,0.0,126.23070289085754,4720.912950256835,90.73673213993357,2024.8922823398514,63.1563771565755,-41.90044021606445,1,4,-7040.836822627706,51,18.890396010031864,71.45215280935443,-385.9759930011436,0.43249011542932503
workout,video,..\..\data\workout_videos\barbell biceps curl\barbell biceps curl_11.mp4,29.97002997002997,2.5025,106.41425734294188,34.34402207382485,160.4821571019924,126.13813502816757,578.44437908224,75.16197885613357,10.832633709061488,157.72742951717666,146.89479580811516,1145.9486046643449,157.3939469142975,152.88824581912775,161.0502482982791,8.16200247915134,71.80399043026394,163.17747485812595,155.4953739778829,173.74824668780857,18.25287270992567,135.94990733064338,170.6481729874687,164.62037986559503,175.11560663145818,10.495226765863151,121.67503248930261,173.87899689254036,166.68636956573084,179.98888637244914,13.302516806718302,121.56831685345693,66.91407347535328,1551.9826784612278,205.28415599903008,4801.714985977513,-2.8011220296224053,-4.860570467435423,1,6,-5152.166101568262,1,-0.059457860302607746,64.18001940880342,-80.94514738191292,0.26623951140913543
workout,video,..\..\data\workout_videos\barbell biceps curl\barbell biceps curl_12.mp4,29.97002997002997,4.1041,105.13624560660966,27.013203722811248,179.57929994550744,152.5660962226962,4334.715264063459,93.91200662106846,5.783750808100494,179.32291081224108,173.53916000414057,2577.4101265373993,177.43411533662285,175.74007348778264,179.7842095477987,4.044136060016058,66.00597093220547,177.05261718072958,174.29108845858505,179.94828345098495,5.657194992399894,61.99898381524562,170.0675152158376,167.66792193796542,172.06700522904708,4.399083291081666,56.512183827156626,169.92738054232402,165.92867744190403,174.34162929794596,8.412951856041929,78.80493257683217,47.830282510458574,1363.8145861147384,92.20738726748782,1039.9931995383574,10.582616170247405,-17.86025462431064,1,6,-5099.56993049084,122,2.7781027533390534,9.338058016600044,-130.97528692011113,0.26951981886943766
workout,video,..\..\data\workout_videos\barbell biceps curl\barbell biceps curl_13.mp4,29.97002997002997,4.070733333333333,120.12913958864816,33.55651233555543,170.81012449904634,137.2536121634909,1593.0655090001044,118.98195101284276,58.821403368856494,171.2051296493437,112.3837262804872,274.37686934053056,158.60699027561756,156.66658887020023,160.44928316445396,3.78269429425373,111.20399396740756,150.9501444170537,145.12962157681966,157.90378839068273,12.774166813863076,208.07249080554973,176.1994848023641,170.5802318171198,179.80523255381493,9.225000736695137,127.47176246225106,176.20713909613266,167.25655147542545,179.93510860717566,12.67855713175021,121.9126602601383,66.34622091775503,1343.350468895409,715.5710243474423,22975.347883885664,-12.115880330403627,-34.94013570149741,1,6,-9975.586946223853,46,19.346145128876902,102.39876588283327,-1082.2942621343514,0.7007089052917271
workout,video,..\..\data\workout_videos\barbell biceps curl\barbell biceps curl_14.mp4,29.97002997002997,2.3023000000000002,85.98292128982771,5.816245326243664,160.3368661036471,154.52062077740345,599.7079889319898,110.40831864111851,44.022074576651,174.4320689425886,130.4099943659376,495.06702613539676,0.0,0.0,0.0,0.0,0.0,0.0,0.0,0.0,0.0,0.0,0.0,0.0,0.0,0.0,0.0,0.0,0.0,0.0,0.0,0.0,138.6474243529894,1790.3292942461394,418.89485026691636,12959.571011199614,10.711018880208314,-16.021245089444278,1,4,-4789.398347500341,2,11.846389974054137,37.39414063523418,-323.34742893824995,0.7410568114474358
workout,video,..\..\data\workout_videos\barbell biceps curl\barbell biceps curl_15.mp4,29.97002997002997,2.168833333333333,95.67406352331595,9.85856907308092,166.55255112483886,156.69398205175793,1185.7713953709967,106.71513470549834,35.61715663443092,174.07021744972837,138.45306081529745,856.6671001589687,0.0,0.0,0.0,0.0,0.0,0.0,0.0,0.0,0.0,0.0,0.0,0.0,0.0,0.0,0.0,0.0,0.0,0.0,0.0,0.0,48.93531761207588,1370.5558575728219,536.695378596014,12631.112107563227,8.287455240885379,13.950408935546875,1,4,-10300.7249193582,2,6.736747888623938,32.95283730705748,-1180.8453387432887,1.1395558401171546
workout,video,..\..\data\workout_videos\barbell biceps curl\barbell biceps curl_16.mp4,29.97002997002997,2.1021,97.97716538555743,14.327181175898511,163.74945726883203,149.42227609293352,2340.8069946115425,109.41010950997867,37.12639465982039,175.2435738547114,138.117179194891,863.4375362659143,0.0,0.0,0.0,0.0,0.0,0.0,0.0,0.0,0.0,0.0,0.0,0.0,0.0,0.0,0.0,0.0,0.0,0.0,0.0,0.0,80.77359652066501,1113.0992265336129,1465.7862736628597,40585.398115441305,-56.048197428385436,-16.964811151677964,1,4,-7662.358660359662,37,35.73861075614303,54.11940830523728,-3874.7240918261436,2.538214430909369
workout,video,..\..\data\workout_videos\barbell biceps curl\barbell biceps curl_17.mp4,29.97002997002997,2.0353666666666665,105.64952269987128,13.19636477604455,164.52935233801443,151.33298756196987,762.5669942728448,117.73484809675307,39.451113758307336,173.66915514949866,134.21804139119132,493.6563710804538,0.0,0.0,0.0,0.0,0.0,0.0,0.0,0.0,0.0,0.0,0.0,0.0,0.0,0.0,0.0,0.0,0.0,0.0,0.0,0.0,70.4435944914456,1372.019603421973,189.19891601318193,4423.7592942247065,-70.54019165039062,-51.898311614990234,1,4,-13218.513134124825,2,0.9051294249554094,5.7211446579214815,-297.03996564958544,0.718921703268536
workout,video,..\..\data\workout_videos\barbell biceps curl\barbell biceps curl_18.mp4,29.97002997002997,2.2355666666666667,99.07140356607462,22.881130243153418,159.02624207032412,136.1451118271707,1023.6065339202376,98.37650903745136,12.32393382501368,168.36759221800864,156.04365839299496,1242.553534871062,177.4236288633322,175.11908537264293,179.90644501198946,4.787359639346533,50.9923307789267,175.19312782829343,175.08552897235325,175.3007266842336,0.2151977118803643,6.449481874536392,168.70732611008435,166.04220412097587,170.85277025428798,4.810566133312108,72.6203899739139,178.5444661261596,175.95993040721368,179.983102154595,4.023171747381326,38.936945093386775,109.58590969577217,5325.535010693571,417.1361018132233,16509.932710339806,-24.19537353515625,51.712480789575864,1,6,-344876.6395342639,8,0.12387916408123267,29.433379744233925,-1071.132053981179,1.060807426940336
workout,video,..\..\data\workout_videos\barbell biceps curl\barbell biceps curl_19.mp4,29.97002997002997,2.0020000000000002,96.03170964701216,18.809995318403047,155.38634689285067,136.5763515744476,1545.9917326552506,94.06833302580017,25.67445385051161,168.52757860237708,142.85312475186547,1732.0175625196687,176.40820511402944,171.92187533088983,179.45299501214143,7.531119681251596,127.58051809234935,0.0,0.0,0.0,0.0,0.0,168.36024306458546,164.53232988299652,172.25314122024056,7.720811337244044,128.5667170545126,177.78308037072466,175.63564234562517,179.97402421764264,4.3383818720174645,67.9225054863611,77.89878578453025,2796.4343641342625,839.0196354271613,29089.37654141854,27.08454386393231,-32.767051696777344,1,6,-172198.40344496278,44,40.932563520936846,65.5468450727943,-1743.500091217375,1.256248937798084
workout,video,..\..\data\workout_videos\barbell biceps curl\barbell biceps curl_2.mp4,29.97002997002997,2.5692333333333335,82.15522763496313,19.10188760111485,171.14140926710542,152.03952166599058,3422.3009638389854,88.92959884387902,12.08247381531188,179.51695193477127,167.43447811945938,3648.3807641941676,0.0,0.0,0.0,0.0,0.0,0.0,0.0,0.0,0.0,0.0,171.57798920946507,168.43242106284484,175.18656100890175,6.75413994605691,153.7474800956413,173.99243869843002,166.1515635724626,179.61208221064433,13.460518638181725,203.01215017277448,68.55827278190627,2376.5101671204116,120.24062363417846,3546.787935063675,-22.982259114583314,-18.21265258789066,1,6,-12634.363414198751,76,-1.3561619965172724,0.8594986814986635,-108.55977518575243,0.2103249225810815
workout,video,..\..\data\workout_videos\barbell biceps curl\barbell biceps curl_20.mp4,29.97002997002997,1.8685333333333334,101.63592325072403,60.767604382501524,173.0023084156389,112.23470403313738,667.6523318875426,126.51410501406127,78.32518459669106,175.4428084807386,97.11762388404753,1102.6291020663573,0.0,0.0,0.0,0.0,0.0,0.0,0.0,0.0,0.0,0.0,0.0,0.0,0.0,0.0,0.0,0.0,0.0,0.0,0.0,0.0,488.2987953208906,17816.761760912686,1218.7835114104644,56116.87872330478,24.88909149169922,-50.08922140938898,1,2,-104878.5084658878,55,5.846961306271008,109.73846167284927,-2458.942272327282,3.5306355506288054
workout,video,..\..\data\workout_videos\barbell biceps curl\barbell biceps curl_21.mp4,29.97002997002997,1.9352666666666667,106.77148991249898,56.515991753136994,170.7807108776704,114.2647191245334,761.5280065790962,121.2026338976354,58.36008898078871,175.36617470491353,117.00608572412483,1385.2136637293777,0.0,0.0,0.0,0.0,0.0,0.0,0.0,0.0,0.0,0.0,0.0,0.0,0.0,0.0,0.0,0.0,0.0,0.0,0.0,0.0,528.420066261863,27373.062957321225,3130.3719778756395,129705.17930963181,73.73309326171875,-245.6388600667318,1,2,-16377.227337043909,9,40.16246171700662,253.61084820770913,-13758.695375669253,2.33725931696246
workout,video,..\..\data\workout_videos\barbell biceps curl\barbell biceps curl_22.mp4,29.97002997002997,1.9352666666666667,107.17382422323873,58.75409468330924,147.06037424885082,88.30627956554159,574.2005069545561,119.35478533451904,103.41084850332102,147.3574738459136,43.94662534259258,410.71396700622904,0.0,0.0,0.0,0.0,0.0,0.0,0.0,0.0,0.0,0.0,0.0,0.0,0.0,0.0,0.0,0.0,0.0,0.0,0.0,0.0,439.6626170460397,16312.614196297884,2902.998963316956,88450.20112709783,-5.5799560546875,-118.8538848876953,1,2,-8090.753761098958,43,44.372332182540845,235.3290333172417,-6501.3264933308865,2.8759600283205087
workout,video,..\..\data\workout_videos\barbell biceps curl\barbell biceps curl_23.mp4,29.97002997002997,2.3356666666666666,95.86468978291373,18.232555474581783,179.896553322933,161.66399784835122,2910.215872132281,88.56956747690586,11.344538920546368,179.99055464985574,168.64601572930937,1909.981334327567,0.0,0.0,0.0,0.0,0.0,0.0,0.0,0.0,0.0,0.0,0.0,0.0,0.0,0.0,0.0,0.0,0.0,0.0,0.0,0.0,65.51535622580272,2239.231456059543,184.4401420019269,3743.6529371013885,-1.752288818359375,8.726278451772828,1,4,-11226.409855246737,2,4.641785149337031,1.101046047585818,-332.4463622315212,1.2541562065749556
workout,video,..\..\data\workout_videos\barbell biceps curl\barbell biceps curl_24.mp4,29.97002997002997,2.8028,107.77336318260346,17.47439652275089,179.63428305281522,162.15988653006434,2515.4846737628595,107.14378238977109,11.69666812261312,179.8919973921203,168.19532926950717,1948.0810913754551,0.0,0.0,0.0,0.0,0.0,0.0,0.0,0.0,0.0,0.0,0.0,0.0,0.0,0.0,0.0,0.0,0.0,0.0,0.0,0.0,62.530913910307646,2142.2971257560257,189.645118628367,2585.2766904439427,-7.233530680338504,1.6470430814302972,1,4,-6698.649225555871,32,11.576608884841832,10.974150528886959,-404.09767234718475,0.8482991381404086
workout,video,..\..\data\workout_videos\barbell biceps curl\barbell biceps curl_25.mp4,29.97002997002997,2.6026000000000002,113.05760250654058,17.28531902795438,179.9497072519034,162.664388223949,2381.9473111229836,106.41247523242572,14.052926052006486,179.97781733695894,165.92489128495245,2208.162079339055,0.0,0.0,0.0,0.0,0.0,0.0,0.0,0.0,0.0,0.0,0.0,0.0,0.0,0.0,0.0,0.0,0.0,0.0,0.0,0.0,69.96830074222324,2843.1316942609924,158.9263303928631,3426.0538243953783,-32.394632975260436,-27.014634352463872,1,4,-8892.436946560598,17,8.15510639238117,9.145728097035246,-295.163271786809,0.36234116344957157
workout,video,..\..\data\workout_videos\barbell biceps curl\barbell biceps curl_26.mp4,29.97002997002997,2.6693333333333333,113.0374959804761,17.304206087263502,179.87043501301991,162.5662289257564,2554.2234161576343,107.33270971554184,14.743449251192393,179.90430520299682,165.16085595180442,2598.562150411935,0.0,0.0,0.0,0.0,0.0,0.0,0.0,0.0,0.0,0.0,0.0,0.0,0.0,0.0,0.0,0.0,0.0,0.0,0.0,0.0,145.34446266623945,5458.3777129542295,207.82659957605458,3454.045907939311,-46.90949503580731,-42.271155724158575,1,4,-11212.698887572758,79,6.527842346599087,6.62650978740195,-291.81249658544306,0.35939835753221355
workout,video,..\..\data\workout_videos\barbell biceps curl\barbell biceps curl_27.mp4,29.97002997002997,1.8351666666666666,103.20007691546941,50.79681379691027,172.11051851719532,121.31370472028505,664.0981285543932,130.15282991122183,100.8323449437991,173.5434944831327,72.71114953933359,1004.8134787560557,0.0,0.0,0.0,0.0,0.0,0.0,0.0,0.0,0.0,0.0,0.0,0.0,0.0,0.0,0.0,0.0,0.0,0.0,0.0,0.0,1138.094967776364,60705.72191173391,1747.0287906063647,76751.70438542313,73.88616943359375,-148.75869496663415,1,2,-39948.71070117605,50,38.90774515280248,170.3878783134752,-13044.193507908107,2.4140538194875933
workout,video,..\..\data\workout_videos\barbell biceps curl\barbell biceps curl_28.mp4,29.97002997002997,2.0353666666666665,110.39035460637211,61.067968530256856,157.87010705809556,96.80213852783871,2120.088708992,120.40978201162599,99.19508172039612,151.5236504061272,52.32856868573107,404.83459356978614,0.0,0.0,0.0,0.0,0.0,0.0,0.0,0.0,0.0,0.0,0.0,0.0,0.0,0.0,0.0,0.0,0.0,0.0,0.0,0.0,3086.4031903155446,91507.10515904157,5201.034431571847,187452.4171127714,-6.2380828857421875,-106.6282958984375,1,2,-15451.24088047461,48,57.86298517523544,343.44779258916014,-9018.988366369958,9.267405686886516
workout,video,..\..\data\workout_videos\barbell biceps curl\barbell biceps curl_29.mp4,29.97002997002997,1.9352666666666667,108.40400236561995,59.81872463643548,167.40585162623427,107.58712698979878,426.41693070676865,119.15950465205772,105.03036575377054,155.3524888735196,50.322123119749065,1035.01623216343,0.0,0.0,0.0,0.0,0.0,0.0,0.0,0.0,0.0,0.0,0.0,0.0,0.0,0.0,0.0,0.0,0.0,0.0,0.0,0.0,414.16312264395776,11924.975709055383,2089.856219220235,47422.45892464525,-28.35082244873047,98.23580245971675,1,2,-11664.135650500846,38,2.1320230869426937,553.4283458785131,-6465.045452594283,7.816357910240018
workout,video,..\..\data\workout_videos\barbell biceps curl\barbell biceps curl_3.mp4,29.97002997002997,2.435766666666667,104.6734119401105,24.36388401769556,178.58592315517518,154.2220391374796,1714.8500871266606,111.93523983029868,35.43908509013979,179.7270193289351,144.28793423879532,727.9705726881923,0.0,0.0,0.0,0.0,0.0,0.0,0.0,0.0,0.0,0.0,173.4748397639839,169.0608732078244,176.95818837625765,7.897315168433266,119.33869297766788,174.08052718604537,169.9736546191094,177.0886413128315,7.114986693722102,111.93719467227767,124.32388778213928,2781.4734561844875,124.33245465472028,3726.247392249359,-3.806340535481752,4.972627766927133,1,6,-4635.112956357141,1,1.404844535672182,7.2899304072973194,-223.87661776699863,0.25274260798497444
workout,video,..\..\data\workout_videos\barbell biceps curl\barbell biceps curl_30.mp4,29.97002997002997,1.6349666666666667,79.88474139185625,11.698179682424433,155.90121570994648,144.20303602752205,1250.8167271776958,92.06596687471689,33.86212890641663,167.27475349077585,133.4126245843592,691.0970506176902,0.0,0.0,0.0,0.0,0.0,0.0,0.0,0.0,0.0,0.0,0.0,0.0,0.0,0.0,0.0,0.0,0.0,0.0,0.0,0.0,80.79512040693659,3011.5775930019663,508.1733970375315,13724.29324341895,-58.03232828776038,-38.16523488362634,1,4,-25165.14625133541,48,3.6651664272626574,4.507132062095561,-1130.2063415100517,0.5326835240584102
workout,video,..\..\data\workout_videos\barbell biceps curl\barbell biceps curl_31.mp4,29.97002997002997,2.168833333333333,100.83407623360472,20.674987339727238,162.73038455345502,142.0553972137278,995.1824156564214,116.43805345991517,45.9588929725755,174.99271255673608,129.0338195841606,572.1547193324303,0.0,0.0,0.0,0.0,0.0,0.0,0.0,0.0,0.0,0.0,0.0,0.0,0.0,0.0,0.0,0.0,0.0,0.0,0.0,0.0,68.91381323754189,1916.9168129339364,170.66852672473897,5364.091054020603,-20.940083821614564,-23.966142018636106,1,4,-19948.471170710844,1,3.515761221007599,16.32642862148598,-239.62441976968344,0.41692931366540986
workout,video,..\..\data\workout_videos\barbell biceps curl\barbell biceps curl_32.mp4,29.97002997002997,2.168833333333333,98.70706716608848,17.138389636964657,164.74840514017225,147.6100155032076,1014.5998861535177,114.3958350620088,42.41540200297112,175.8022430229777,133.38684102000659,547.0449358247531,0.0,0.0,0.0,0.0,0.0,0.0,0.0,0.0,0.0,0.0,0.0,0.0,0.0,0.0,0.0,0.0,0.0,0.0,0.0,0.0,64.5396473643544,1965.6553466981284,151.85410445267738,2302.678031566521,-0.87762451171875,-2.995110829671262,1,4,-9779.713629940552,2,5.870367037097904,26.92533639364617,-347.7266142061064,0.7714056458608131
workout,video,..\..\data\workout_videos\barbell biceps curl\barbell biceps curl_33.mp4,29.97002997002997,2.0687333333333333,99.66747047208302,16.522488618910533,163.78500722801434,147.2625186091038,749.9923855392113,115.64390391192742,42.825026251737285,171.40677681062212,128.58175055888483,602.5945498933548,0.0,0.0,0.0,0.0,0.0,0.0,0.0,0.0,0.0,0.0,0.0,0.0,0.0,0.0,0.0,0.0,0.0,0.0,0.0,0.0,88.2006177416336,2454.2778328298596,152.19597906975721,2068.5200405687983,1.5058797200520644,4.679553985595703,1,4,-10477.810756145824,14,7.848726585703597,32.77623064288904,-422.02828909371743,0.9459661270780408
workout,video,..\..\data\workout_videos\barbell biceps curl\barbell biceps curl_34.mp4,29.97002997002997,2.1021,105.26670095300454,20.886101643655365,165.9198725153324,145.03377087167704,678.9601576176074,121.44831416970862,49.25567038897166,172.39318753179253,123.13751714282088,390.6731626629324,0.0,0.0,0.0,0.0,0.0,0.0,0.0,0.0,0.0,0.0,0.0,0.0,0.0,0.0,0.0,0.0,0.0,0.0,0.0,0.0,85.8425022243393,2572.702364365813,229.0320991874348,1991.060519857698,-33.131876627604186,-34.12784830729174,1,4,-4293.835403521655,49,4.35411935856486,28.105239202549537,-323.74537693751427,0.7363649382629867
workout,video,..\..\data\workout_videos\barbell biceps curl\barbell biceps curl_35.mp4,29.97002997002997,1.9352666666666667,98.5265936362083,9.366182415691782,165.13453236027104,155.76834994457926,803.5365680287604,115.2806194488732,45.26533940531015,176.21510258282393,130.94976317751377,721.9181281551333,0.0,0.0,0.0,0.0,0.0,0.0,0.0,0.0,0.0,0.0,0.0,0.0,0.0,0.0,0.0,0.0,0.0,0.0,0.0,0.0,64.93079674232132,1333.793177020689,284.14056845817174,6296.157597800211,4.076161702473939,7.026457468668696,1,4,-9225.40349300115,16,3.5276230181668407,26.106398739978147,-270.03675645643557,0.9495015322751128
workout,video,..\..\data\workout_videos\barbell biceps curl\barbell biceps curl_36.mp4,29.97002997002997,1.6683333333333334,100.41350094908842,25.4256203341445,169.74499730910227,144.31937697495778,753.9738425798338,117.718730328639,52.28712162421859,179.5438301552664,127.25670853104779,445.93051926611093,0.0,0.0,0.0,0.0,0.0,0.0,0.0,0.0,0.0,0.0,0.0,0.0,0.0,0.0,0.0,0.0,0.0,0.0,0.0,0.0,74.8585520924379,3497.1227407941965,196.37157581188387,1729.8447025763164,-10.231465657552064,-8.120803833007812,1,4,-6892.00621470506,12,5.620385192391223,30.696152627810203,-396.4910211858454,0.9482560452266154
workout,video,..\..\data\workout_videos\barbell biceps curl\barbell biceps curl_37.mp4,29.97002997002997,1.9686333333333335,104.3786667246415,15.824937935339001,179.60946370284256,163.78452576750357,4289.785791146084,101.3225054710131,14.362304310648677,179.5860912667791,165.22378695613043,2290.504800634802,0.0,0.0,0.0,0.0,0.0,0.0,0.0,0.0,0.0,0.0,0.0,0.0,0.0,0.0,0.0,0.0,0.0,0.0,0.0,0.0,88.76481184830863,3255.2757440174064,225.2617565352307,4406.445997832346,-46.585789998372434,-44.90100215031555,1,4,-18359.594239037266,12,13.142939343941931,17.59709905230903,-532.3850039121055,0.8138317662560761
workout,video,..\..\data\workout_videos\barbell biceps curl\barbell biceps curl_38.mp4,29.97002997002997,1.9686333333333335,120.62368368615613,15.746202790800128,179.9624480977555,164.21624530695536,2395.2221832061587,114.40083800821401,16.41294371253322,179.86509145685872,163.4521477443255,1655.0174006572215,0.0,0.0,0.0,0.0,0.0,0.0,0.0,0.0,0.0,0.0,0.0,0.0,0.0,0.0,0.0,0.0,0.0,0.0,0.0,0.0,177.46169845779107,6110.580650481603,151.32059384425648,2775.7082964308815,0.18199666341149623,5.579593365009032,1,4,-18459.293422611336,2,8.608724674516894,13.855098039906208,-340.90387761652477,0.566694161621317
workout,video,..\..\data\workout_videos\barbell biceps curl\barbell biceps curl_39.mp4,29.97002997002997,1.8018,116.46498182313438,18.031144521205142,179.94966067883468,161.91851615762954,1777.5153044930635,113.91859630545868,17.4477954925644,179.18086124099878,161.73306574843437,1942.4059457993058,0.0,0.0,0.0,0.0,0.0,0.0,0.0,0.0,0.0,0.0,0.0,0.0,0.0,0.0,0.0,0.0,0.0,0.0,0.0,0.0,79.16634756844809,2726.7401430713976,255.71318236301067,3368.8791777533625,-15.36724853515625,-11.902266282301753,1,4,-14390.162194628318,22,14.558807158890291,23.04369031467949,-484.3108551604625,0.8762723048293065
workout,video,..\..\data\workout_videos\barbell biceps curl\barbell biceps curl_4.mp4,29.97002997002997,1.7684333333333333,100.52669882042471,31.698135972070727,147.22709654580746,115.52896057373673,499.39534349853585,91.25181509097608,14.919032905090077,152.56734826594118,137.6483153608511,1379.8866563314539,0.0,0.0,0.0,0.0,0.0,0.0,0.0,0.0,0.0,0.0,173.5994153771071,167.36311879348088,177.81398922857795,10.450870435097073,134.69544155786758,178.02104677024087,174.730248136752,179.93123602373527,5.200987886983256,155.1736343870016,40.51368553321678,682.3796754568699,802.7476439200826,29116.29855177227,12.19854736328125,-22.04359553410461,1,6,-8122.391503780623,52,2.7152216531258055,20.595915502298485,-184.26885614385273,0.5821359658176283
workout,video,..\..\data\workout_videos\barbell biceps curl\barbell biceps curl_40.mp4,30.0,6.7,106.62752649759045,29.948840130062145,168.54795477268564,138.5991146426235,463.75751299629894,91.66938351252665,8.547467124488081,170.92446268651054,162.37699556202244,785.9807358329242,0.0,0.0,0.0,0.0,0.0,0.0,0.0,0.0,0.0,0.0,176.015565443533,170.48224906495344,179.98299448897927,9.500745424025837,108.78276674419197,177.40720582670713,172.1761204949076,179.99004069011235,7.813920195204759,107.30951700923896,59.427337646484375,1782.8201293945312,102.61792210170313,1167.3870195661038,32.142857869466155,38.41915457589289,1,6,-3138.7280273436886,200,3.5296448773501807,20.798276762765596,-114.10244750976801,0.8069121552570713
workout,video,..\..\data\workout_videos\barbell biceps curl\barbell biceps curl_41.mp4,30.0,6.7,97.93168995363658,63.59484771835317,110.3145649485883,46.719717230235126,1222.344850622722,106.97474329623465,58.13846720504947,166.6620407764869,108.52357357143742,2277.6935492558996,0.0,0.0,0.0,0.0,0.0,0.0,0.0,0.0,0.0,0.0,0.0,0.0,0.0,0.0,0.0,0.0,0.0,0.0,0.0,0.0,1148.1707153320326,34445.12145996094,2645.0655822753906,53252.96493530278,227.46826171875,-134.71571095784506,1,2,-49671.644897460996,22,97.43151663157835,465.2075478857719,-2755.3276977539067,145.42665434485386
workout,video,..\..\data\workout_videos\barbell biceps curl\barbell biceps curl_42.mp4,30.0,4.7,75.10279733776066,1.6203232446555522,167.16895448968302,165.54863124502745,1242.2092941749108,69.7676271309445,0.18044548947136244,162.13826711889553,161.95782162942416,2449.7191567942914,179.0735801976908,178.20195673755015,179.94371939534207,1.7417626577919236,19.236396276871517,177.28811405291418,174.9711651809828,179.10823328139654,4.137068100413728,33.77362531167137,174.49773628342643,173.4433673784807,175.58267497310388,2.139307594623176,22.04392695577866,173.7099299154715,171.62746431096338,175.43702328657835,3.8095589756149764,27.010047154957988,9.842407226562386,170.12145996094432,28.969568589154733,388.3691226734925,-3.14923095703125,-1.1859346277573763,1,6,-612.539978027354,2,1.036443887806177,15.976273272866385,-22.630828857422216,0.09062700015630976
workout,video,..\..\data\workout_videos\barbell biceps curl\barbell biceps curl_43.mp4,30.0,4.4,85.78395620571123,35.77044826741312,155.71036934792326,119.93992108051015,303.0478088495728,99.64895201268533,54.39551055786741,163.38444574122633,108.98893518335892,579.4282019434319,0.0,0.0,0.0,0.0,0.0,0.0,0.0,0.0,0.0,0.0,0.0,0.0,0.0,0.0,0.0,0.0,0.0,0.0,0.0,0.0,55.3292541503896,963.8031005858863,455.6397308349608,10144.64813232418,-2.6168924967448106,-32.433039771185975,1,4,-6377.887573242106,104,30.88258701732635,133.42596304475722,-695.5285034179684,1.4614885674911526
workout,video,..\..\data\workout_videos\barbell biceps curl\barbell biceps curl_44.mp4,30.0,7.633333333333334,90.03887711743403,1.0556474148840405,166.15485353329856,165.09920611841451,2151.9909905380587,87.72750278364757,0.1291314573333552,162.95589415793583,162.82676270060247,4235.9737608771065,178.85692200420723,177.3133455274942,179.9982169500014,2.6848714225072,63.34397028292187,176.88755302561563,174.49357159667252,178.86762462074125,4.374053024068729,43.51240952538433,175.0107162739125,173.5043671484837,176.74024301037852,3.2358758618948116,24.841190781558566,173.00256447098337,171.28433426129334,174.95824268006348,3.6739084187701394,34.421874554440706,18.313507080078182,589.1079711914045,41.68469238281148,933.8606710994668,2.759470621744782,5.529621797449465,1,6,-1999.286499023458,2,0.9709493474199326,20.69722587894411,-42.86801147461176,0.17594329241861828
workout,video,..\..\data\workout_videos\barbell biceps curl\barbell biceps curl_45.mp4,29.97002997002997,14.047366666666667,101.97963131324013,8.829145469969497,179.3288784188022,170.4997329488327,4207.505723141917,103.83452525511767,14.31928585977193,178.68626272275304,164.36697686298112,3969.100113486773,178.66119086327762,177.0213366975911,179.99752772787204,2.976191030280944,48.213797066019985,175.6559494130694,172.80667165821808,178.59224521336188,5.785573555143799,61.02697704778802,170.22503266987118,169.12383816036166,171.5242655151299,2.4004273547682544,34.815151115329265,167.56673262460902,165.58562583619278,169.7239679885958,4.138342152403027,59.34619820064628,15.297934487387158,408.93422505705337,39.49093329694123,488.88788882708184,0.46343994140625,-0.923380234662261,1,6,-765.0703515507554,326,3.032485136526791,7.248862599867212,-49.87374076119398,0.11093148908331922
workout,video,..\..\data\workout_videos\barbell biceps curl\barbell biceps curl_46.mp4,23.976043137696813,3.9205802000000003,104.86070703590673,18.081861369981745,179.34735391211802,161.2654925421363,593.9474279291458,90.51084910935023,6.810047696716372,167.35563208449068,160.5455843877743,823.270445895552,178.7647198809486,176.99400077480706,179.9772794474415,2.983278672634441,60.88535160480131,179.3193509572024,177.63289669138493,179.9764298479429,2.3435331565579816,56.18865205625694,165.22802209649524,163.4599078811736,167.54609891842634,4.086191037252746,75.56559813385913,160.9743800545779,158.1795540471771,163.65130449839978,5.471750451222675,61.141628224408166,12.714322216429162,408.61212313702805,39.594206425741156,1103.0877555689856,2.910247802734375,-13.06140046961167,1,6,-877.1226495648081,18,1.4352254106935614,0.8015398248191518,-36.08625706506559,0.10129972800383746
workout,video,..\..\data\workout_videos\barbell biceps curl\barbell biceps curl_47.mp4,23.976043137696813,5.004996,103.00623570864857,4.119245627104012,179.96228680614985,175.84304117904583,3757.4287994132565,101.97737104244365,9.653972948972164,179.98849614016402,170.33452319119186,2153.0465236226105,0.0,0.0,0.0,0.0,0.0,0.0,0.0,0.0,0.0,0.0,0.0,0.0,0.0,0.0,0.0,0.0,0.0,0.0,0.0,0.0,30.929885873660584,564.4692526415755,105.28307488955122,1295.8091162532808,4.519632975260407,9.4036865234375,1,4,-2860.5415752493905,109,2.031189817362506,6.231901599477835,-197.69333396133084,0.21711583965935188
workout,video,..\..\data\workout_videos\barbell biceps curl\barbell biceps curl_48.mp4,23.976043137696813,2.919581,130.31998125001897,9.382450249871487,179.92329481730417,170.54084456743269,755.9236224192111,118.27856953828585,1.8134719681515723,178.92794892171665,177.1144769535651,1187.5588276357357,178.52467601427574,177.15178566955876,179.99149443756784,2.839708768009075,56.45504782102817,178.79762927654963,175.34521602318185,179.95355505633137,4.6083390331495195,78.66454122968663,165.49979617511775,163.35396422137947,168.36538884948513,5.011424628105658,86.03531646555273,160.47908921873116,157.95766308653398,163.26181032527236,5.304147238738381,66.21318652625662,1640.8242823224157,39345.99983492097,1341.056115229909,32157.291955228648,-114.900146484375,-93.00000055235432,1,6,-113124.80185054481,2,0.013189633514778563,0.048905775347498334,-34.67043542591969,0.07108389327906796
workout,video,..\..\data\workout_videos\barbell biceps curl\barbell biceps curl_49.mp4,29.97002997002997,3.003,102.6786006333978,30.7755910158859,160.38585710389486,129.61026608800896,255.2817014268999,103.14473361080238,38.29387531330834,169.83303256481787,131.53915725150952,218.69389008263008,0.0,0.0,0.0,0.0,0.0,0.0,0.0,0.0,0.0,0.0,176.1590840449389,174.13145368309665,179.7896065572103,5.658152874113654,73.12183133468817,175.50029600355052,170.5829752298834,179.99947250743764,9.416497277554242,53.70137103368138,31.03451724057153,575.3014585002909,241.69595428609887,6390.57958961733,-6.590672810872405,-16.917694483047853,1,6,-2730.724784549804,2,1.7549559352996802,8.005225455018882,-111.93542785339456,0.2734522477376858
workout,video,..\..\data\workout_videos\barbell biceps curl\barbell biceps curl_5.mp4,29.97002997002997,2.736066666666667,74.38673252592113,11.128332181384918,157.6052331872049,146.47690100582,2546.54461613566,70.75399250303285,0.2124010952466626,179.77295166398886,179.5605505687422,2459.671903630393,0.0,0.0,0.0,0.0,0.0,0.0,0.0,0.0,0.0,0.0,0.0,0.0,0.0,0.0,0.0,0.0,0.0,0.0,0.0,0.0,284.57275756470204,6397.145905281911,1503.0864729087502,87644.89548837756,9.476445515950559,-152.06362348614323,1,4,-11788.99262322187,2,14.757633381160385,36.727625396869335,-5569.342614172936,7.016911889067534
workout,video,..\..\data\workout_videos\barbell biceps curl\barbell biceps curl_50.mp4,29.97002997002997,5.005,94.49082919325502,31.762843719145344,153.27414769587241,121.51130397672708,539.7141211834828,111.02917189586083,37.67567460487697,176.80086198792603,139.12518738304905,272.9985139133068,0.0,0.0,0.0,0.0,0.0,0.0,0.0,0.0,0.0,0.0,176.8540089853896,172.5081615882663,179.9550118820761,7.446850293809803,100.08893744966699,176.23631430948717,169.08896811796356,179.9832406167672,10.894272498803645,62.03987036103752,31.087808675698845,856.5480712352531,339.9391722497755,8455.346950284082,-6.544164021809905,-10.916597571739828,1,6,-2631.9137164345825,39,1.443554464011602,73.65988849276856,-93.04949810931257,0.4250854130821366
workout,video,..\..\data\workout_videos\barbell biceps curl\barbell biceps curl_51.mp4,29.97002997002997,9.4094,119.93008433324896,13.502786736845236,179.96664851033893,166.4638617734937,2675.226513519861,121.1724383812006,18.11479079841565,179.86285258705377,161.74806178863813,3490.992217623998,0.0,0.0,0.0,0.0,0.0,0.0,0.0,0.0,0.0,0.0,0.0,0.0,0.0,0.0,0.0,0.0,0.0,0.0,0.0,0.0,116.29910616726966,3200.1047690680166,1075.091589553399,35230.19227494377,10.10589599609375,-86.84957396678436,1,4,-3469.09959148319,142,21.249366303320908,57.46869741324512,-989.8932244513279,1.7900919269051587
workout,video,..\..\data\workout_videos\barbell biceps curl\barbell biceps curl_52.mp4,29.97002997002997,12.4124,74.63027468107315,0.05649716325082298,179.88528790306222,179.8287907398114,5139.403840638181,75.85179401094275,0.23229871898237012,167.3104197776886,167.07812105870622,4064.6022530352657,0.0,0.0,0.0,0.0,0.0,0.0,0.0,0.0,0.0,0.0,0.0,0.0,0.0,0.0,0.0,0.0,0.0,0.0,0.0,0.0,5214.581012249469,156351.48576974813,3925.156070625043,125196.94075625249,-131.36456298828125,233.2272164481027,1,4,-96668.2017549485,371,94.77222240097036,2.138934746337231,-10497.681639649412,14.707946702765133
workout,video,..\..\data\workout_videos\barbell biceps curl\barbell biceps curl_53.mp4,29.97002997002997,5.872533333333333,103.5556034237267,15.994025772660796,179.60908397182305,163.61505819916226,4707.554299053448,111.56588467619578,18.412179540028287,178.5458951579275,160.1337156178992,4799.212256280695,0.0,0.0,0.0,0.0,0.0,0.0,0.0,0.0,0.0,0.0,0.0,0.0,0.0,0.0,0.0,0.0,0.0,0.0,0.0,0.0,472.4319259841715,24918.616547019872,947.5307064456553,31037.466597958526,21.544644673665374,155.49902089436847,1,4,-11563.647030962919,145,52.37296710540061,172.52016689162474,-1410.6456287852773,4.506801960733434
workout,video,..\..\data\workout_videos\barbell biceps curl\barbell biceps curl_54.mp4,29.97002997002997,4.4044,127.09325221648449,24.568592582283962,179.84165599018172,155.27306340789775,3170.692949819517,122.45376947453175,14.711695394363486,179.8814973359199,165.16980194155641,4081.759196625796,0.0,0.0,0.0,0.0,0.0,0.0,0.0,0.0,0.0,0.0,0.0,0.0,0.0,0.0,0.0,0.0,0.0,0.0,0.0,0.0,86.29002223362586,2078.2587017012024,910.3129815944137,23006.309916072234,8.797643025716127,-36.184536912706164,1,4,-7421.525869508632,74,16.288389697093034,36.71667545404338,-1172.6586401879342,1.857605980979951
workout,video,..\..\data\workout_videos\barbell biceps curl\barbell biceps curl_55.mp4,29.97002997002997,4.9049000000000005,121.70104400244499,22.868227880891602,179.96842323300268,157.1001953521111,3833.9244849239894,107.6757403105701,10.17775559998704,179.00914281955798,168.83138721957093,3937.418385587158,0.0,0.0,0.0,0.0,0.0,0.0,0.0,0.0,0.0,0.0,0.0,0.0,0.0,0.0,0.0,0.0,0.0,0.0,0.0,0.0,42.03273533107392,776.2704742848674,138.98289023176358,2307.5377682927824,-2.247456868489593,-3.5388840895432736,1,4,-6586.423228253057,146,1.7793762666607749,4.892854405650493,-155.30343679757945,0.27909160198969873
workout,video,..\..\data\workout_videos\barbell biceps curl\barbell biceps curl_56.mp4,29.97002997002997,7.1071,89.76850865706598,26.342951929868303,128.85120270540236,102.50825077553405,2048.361672816689,107.26761032848516,34.033970419047186,164.42043227236758,130.38646185332038,1063.3971035582022,0.0,0.0,0.0,0.0,0.0,0.0,0.0,0.0,0.0,0.0,0.0,0.0,0.0,0.0,0.0,0.0,0.0,0.0,0.0,0.0,5439.916071477352,162985.21759278045,2252.2341693578383,67468.39060802282,-318.5645650227865,-138.75799724033902,1,2,-133137.96410277567,2,14.719234530357598,-0.06434608802331138,-2602.2833977545897,4.992674774776966
workout,video,..\..\data\workout_videos\barbell biceps curl\barbell biceps curl_57.mp4,29.97002997002997,7.8078,25.305651316081082,13.83232400601458,90.38625761992982,76.55393361391523,1895.0070864884428,26.80153812227175,1.6077892153810576,168.21571678525882,166.60792756987777,4914.291477193398,0.0,0.0,0.0,0.0,0.0,0.0,0.0,0.0,0.0,0.0,0.0,0.0,0.0,0.0,0.0,0.0,0.0,0.0,0.0,0.0,86.9226446161264,2505.686195165681,676.637757239039,17488.280704426015,12.865280151367188,-27.35394044906377,1,2,-8324.240411732711,67,41.41002590836912,68.59712289771328,-1663.110296685736,3.1828901720365486
workout,video,..\..\data\workout_videos\barbell biceps curl\barbell biceps curl_58.mp4,29.97002997002997,5.4054,0.0,0.0,0.0,0.0,0.0,0.0,0.0,0.0,0.0,0.0,0.0,0.0,0.0,0.0,0.0,0.0,0.0,0.0,0.0,0.0,0.0,0.0,0.0,0.0,0.0,0.0,0.0,0.0,0.0,0.0,297.12337833065374,12823.04683279933,3181.023688225837,95335.3752715036,3.4030609130859375,-1.6045939127604072,0,0,0.0,0,0.8669102568824386,7.913076067773618,-2098.9372565910658,7.018795393928905
workout,video,..\..\data\workout_videos\barbell biceps curl\barbell biceps curl_59.mp4,29.97002997002997,6.473133333333333,16.738773523027184,0.9243765459063413,72.3095916506568,71.38521510475046,1965.6668944761236,14.781747841258781,0.8648735431179916,110.02327466325201,109.15840112013402,3179.2919941764712,0.0,0.0,0.0,0.0,0.0,0.0,0.0,0.0,0.0,0.0,0.0,0.0,0.0,0.0,0.0,0.0,0.0,0.0,0.0,0.0,418.3973680128465,22237.55313225655,2901.945420912096,78611.80346364228,-17.325759887695312,-229.01296997070315,0,0,0.0,0,68.15045243986305,15475.838238299784,-4507.817012089473,6579.089015052998
workout,video,..\..\data\workout_videos\barbell biceps curl\barbell biceps curl_6.mp4,29.97002997002997,4.1041,107.20452000453467,76.79592624581936,136.6902291725761,59.89430292675674,253.24919732104314,124.21818167048374,40.09605940554703,179.97467290726678,139.87861350171974,524.6368372247342,174.70030951137156,174.34032099304653,175.06029802969658,0.7199770366500502,21.57773336613537,162.50954679798178,156.11450033025034,170.1565863906758,14.042086060425476,95.0660540999269,176.00281631886918,170.09856230530622,179.98065646486106,9.882094159554839,116.2278600027751,173.18781838638606,167.83327152568506,179.9715707524468,12.138299226761745,117.1159995100999,321.1673580325934,9435.823811572594,471.2950512732986,13585.988517991016,5.0202789306640625,26.126577203924057,1,6,-2516.688958908726,45,-0.3690228076513475,11.319550314338608,-876.7943177428061,0.5073726919170267
workout,video,..\..\data\workout_videos\barbell biceps curl\barbell biceps curl_60.mp4,29.97002997002997,8.2082,48.38954574089235,46.970905077603504,49.8081864041812,2.8372813265776955,85.03340639093993,13.591561410639796,1.5243492051114753,150.74364177935865,149.2192925742472,4360.539009021874,0.0,0.0,0.0,0.0,0.0,0.0,0.0,0.0,0.0,0.0,0.0,0.0,0.0,0.0,0.0,0.0,0.0,0.0,0.0,0.0,187.48097605519482,5675.71564689681,475.5796680474948,14038.049920354313,1.9084625244140625,9.190994262695312,0,0,0.0,0,24.834327672706454,25.470801293730617,-592.2560105909719,1.0334017393500636
workout,video,..\..\data\workout_videos\barbell biceps curl\barbell biceps curl_61.mp4,23.976043137696813,2.919581,106.31986924149207,37.972340999993534,165.84308438640184,127.87074338640831,381.3041169300215,75.88939972742665,26.452834566889177,137.81031404311818,111.357479476229,722.4931691060063,158.20332883593207,153.0786400080972,163.96778309199067,10.889143083893458,87.4485273382925,163.9601999905919,158.1514595703572,170.1337809028806,11.982321332523412,117.6076584948256,172.20140790153178,166.28755851172437,176.56585047333058,10.278291961606214,124.61887074391024,175.50592276098732,169.2917757762582,179.42482393246027,10.13304815620208,153.6863786092893,30.200634073309267,432.12741139479107,98.46409214307248,1978.6989547341727,-5.686314900716155,1.1099841778095083,1,6,-1244.595152193182,33,1.7598465388088784,72.83997270908542,-56.62145118972286,0.26744110783973013
workout,video,..\..\data\workout_videos\barbell biceps curl\barbell biceps curl_62.mp4,23.976043137696813,4.0874134,105.57045755272307,34.52292234363479,167.69457681503397,133.17165447139917,312.80231882893435,100.16532105689777,35.79099084702741,161.44027452727093,125.64928368024351,381.47206983325873,156.21165699172275,156.20603825071632,156.2172757327292,0.011237482012887767,0.2694303535000891,160.21623924921386,160.20732575818454,160.22515274024317,0.01782698205863653,0.4274204908528166,169.92466674984482,163.4601616019571,173.99227108869567,10.532109486738563,175.89823450350235,170.43089784907875,170.42428345271253,170.43751224544496,0.013228792732434158,0.31717410521249145,227.54323206424007,4784.399801345393,196.20069820571305,4896.056808410359,-3.0201619466145644,5.098162333170592,1,6,-34495.35075399795,3,38.82924687640752,175.9438091722175,-1520.2925935623869,0.8202607487326364
workout,video,..\..\data\workout_videos\barbell biceps curl\barbell biceps curl_7.mp4,29.97002997002997,4.6046000000000005,92.58479056546498,22.543267226842204,179.9423406177446,157.3990733909024,2667.4042385199477,89.15830601937571,10.366776777968363,178.86651212683458,168.4997353488662,2043.4877788045544,0.0,0.0,0.0,0.0,0.0,0.0,0.0,0.0,0.0,0.0,169.68424464243705,166.69984204884975,172.515637115514,5.815795066664265,135.45947206392458,166.79699743509946,163.22500339306728,171.80559065097432,8.580587257907041,141.2004054627614,105.45859779868535,3627.560587202484,430.738658314341,14022.578620125267,90.9863026936849,-13.997968937800465,1,6,-10098.179772743368,2,27.15063285927427,57.03301252640897,-1591.8112039327825,1.2833290233133925
workout,video,..\..\data\workout_videos\barbell biceps curl\barbell biceps curl_8.mp4,29.97002997002997,3.2699333333333334,58.341305578799805,0.7147602053041546,162.2542139731968,161.53945376789267,717.9176710139233,90.44401110293298,30.634763548647005,178.20630116473018,147.57153761608316,346.98399103328245,0.0,0.0,0.0,0.0,0.0,0.0,0.0,0.0,0.0,0.0,172.73197184074442,169.96774429244462,178.57492338246942,8.6071790900248,191.81057034108954,167.22947034233974,162.84273406311232,171.27027939651137,8.427545333399053,104.90380045668131,36.348417207792664,788.2152617300317,650.5607414603649,21660.142521032703,-13.424657185872377,-28.600435529436368,1,6,-3321.97942814869,91,1.2225891104650184,6.4833228054659315,-224.89458173662274,0.3785022458324483
workout,video,..\..\data\workout_videos\barbell biceps curl\barbell biceps curl_9.mp4,29.97002997002997,2.4024,92.1072986280679,37.7967107177151,159.19884736855366,121.40213665083856,268.6178075326022,83.91619000575415,11.534689044096334,179.43177431909442,167.8970852749981,4532.576578418793,0.0,0.0,0.0,0.0,0.0,0.0,0.0,0.0,0.0,0.0,173.67372103628165,168.55370970930642,176.8986934524659,8.344983743159474,195.98384715134887,0.0,0.0,0.0,0.0,0.0,356.4670802830001,10100.360772332919,684.3931647169559,17275.86655316095,3.0689595540364962,8.98420206705731,1,4,-5973.546810761339,71,23.641720280307908,67.12561357052675,-2373.6404586624312,1.058615466109693
workout,video,..\..\data\workout_videos\bench press\bench press_1.mp4,29.97002997002997,1.9352666666666667,112.54179647053537,32.71325269134737,164.3840680436163,131.67081535226893,3750.419263924389,144.750185661862,34.51006228704514,176.7366003406951,142.22653805364996,3966.7884697172644,168.54240485845585,104.05165897318706,179.93098011549515,75.87932114230809,2053.904912056537,166.7691836345798,99.9726787342681,179.85906431145523,79.88638557718713,1542.395211228556,166.4375493042445,96.49768806465987,179.7174914296511,83.21980336499122,2215.325179305054,162.2209966338329,69.25257238265758,179.72373081382227,110.4711584311647,2605.2639668504517,17061.437174275918,618654.6967686604,8033.15790648795,290474.61796837224,-492.87093353271484,-227.4685857560899,1,6,-473355.3263679143,57,31.38790105993462,24.547169117652196,-1965.5483981350667,15.675314223564243
workout,video,..\..\data\workout_videos\bench press\bench press_10.mp4,29.97002997002997,1.7684333333333333,142.6371009766934,22.49655434673246,175.47663281258698,152.98007846585452,3213.6988664895116,117.62445093145277,6.133335307298813,173.04748811565855,166.91415280835974,4332.270528105651,132.73791833970802,95.95966008982299,166.37969490692834,70.42003481710535,1481.2943666520423,140.4202320309906,88.67371847203658,169.1268416537879,80.45312318175131,1979.699802024091,104.30759081852428,3.7639182777384033,136.73823953634343,132.97432125860502,3919.730686888927,109.19491350945817,0.18200090353998388,143.92073523392077,143.7387343303808,3744.1977100422714,719.7388792847779,24372.523305475104,493.62598855647974,13706.571572758896,-20.38739013671875,-5.219500373391611,1,6,-125869.97256380618,28,35.415517209993524,58.48513901153197,-1114.3222622104486,6.710246674156009
workout,video,..\..\data\workout_videos\bench press\bench press_11.mp4,29.97002997002997,1.3013000000000001,119.72514160886466,19.06189944241006,176.67014682678195,157.60824738437188,3358.1047184004633,113.61207864070016,6.637959523046569,173.35613212266566,166.7181725996191,4031.468796446673,129.9643766720412,119.51205589998584,153.2311191049487,33.719063204962865,959.4953709950764,139.91057741741182,128.04698895601481,162.61188837002055,34.56489941400574,811.7191531404845,120.79618003535114,5.489806869311207,139.56981945735083,134.08001258803964,3605.2216269789733,122.64181038903982,2.325029466216336,143.78861061896995,141.46358115275362,3689.0655134992166,456.364314396541,8560.639934880819,689.7694599532489,14787.213060929014,18.359822591145758,39.89991490981163,1,6,-14050.73214123547,20,20.991485208533646,23.133348567824083,-1297.5698617788457,5.776184999300765
workout,video,..\..\data\workout_videos\bench press\bench press_12.mp4,29.97002997002997,5.005,41.941338824093776,28.790558074971422,66.35201379622092,37.561455721249494,580.3858782414459,64.72833876427627,43.49416194010028,95.22196688402157,51.72780494392129,947.5287661723746,100.34523488906919,84.09675607794419,139.7967488014112,55.69999272346702,778.5758872839585,111.02326879712159,103.72466739537568,122.4755803994824,18.75091300410672,348.14409439925515,162.67531511544507,148.48970424814985,171.17329249749383,22.683588249343984,267.5997704632628,162.18719894886692,150.75866202482996,168.70350470847688,17.944842683646925,244.7312558932167,249.58269269792888,10994.726846502044,195.0986972586249,6221.497186735206,2.3052164713542425,-9.778004365808897,1,6,-12646.588707246636,125,31.46821167456013,52.70592242911274,-1132.2810490290938,6.551018968103229
workout,video,..\..\data\workout_videos\bench press\bench press_13.mp4,29.97002997002997,2.6026000000000002,99.41233237223928,22.464786270632782,164.7441183496981,142.27933207906534,3137.532460641481,109.06581209515281,51.278384377285434,169.65926740538163,118.38088302809619,2115.422302809053,0.0,0.0,0.0,0.0,0.0,0.0,0.0,0.0,0.0,0.0,155.3145593024774,135.39907550735805,178.10018448361055,42.7011089762525,794.4471239001969,142.79626965172213,131.62156949367912,153.6424304354207,22.020860941741574,584.8922391407604,349.75235945694635,11055.074840166659,687.848906464632,32661.02860750654,43.2095947265625,-0.5803266252789854,1,6,-48328.184219392686,62,26.208643335975847,98.28789644273856,-1359.970138504074,18.362031159819516
workout,video,..\..\data\workout_videos\bench press\bench press_14.mp4,29.97002997002997,1.8018,127.66553786366366,54.289242962274855,179.7126203009231,125.42337733864825,1642.1493152162006,116.51546016756438,36.95323755696114,176.7625743205337,139.80933676357256,3453.6882059285863,106.95777254737409,83.34521153739018,139.46782702842978,56.122615491039596,719.90487852632,99.22465583504592,89.27256822606032,139.9339652864257,50.661397060365374,729.5187710469189,150.78503101098707,104.72114427054933,172.60729133545024,67.88614706490091,719.630725833039,151.82881636203442,126.38974834395282,173.37835894102054,46.98861059706772,587.7512455759745,693.7277505209636,20639.476165029606,304.41928500904925,9663.194245227867,-6.707489013671875,32.372154235839844,1,6,-21675.82832767278,21,16.820208586735315,7.568511381177986,-513.5283417754093,1.8144458900965248
workout,video,..\..\data\workout_videos\bench press\bench press_15.mp4,29.97002997002997,3.3033,157.37548589741573,82.57203967438723,174.0109183660528,91.43887869166558,2649.682815416767,148.52842844477064,8.104027978990635,177.32419161379096,169.22016363480031,4758.254176429448,0.0,0.0,0.0,0.0,0.0,0.0,0.0,0.0,0.0,0.0,0.0,0.0,0.0,0.0,0.0,0.0,0.0,0.0,0.0,0.0,74.27124877076004,2436.195728986854,225.85299034649194,4213.65578322117,26.872406005859375,47.97620567908655,1,4,-10374.570075123385,82,9.831732387700901,4.879127205574217,-314.37215128621517,2.644119666806636
workout,video,..\..\data\workout_videos\bench press\bench press_16.mp4,29.97002997002997,2.4024,105.6903044021671,14.13638187899559,179.2742157630942,165.1378338840986,2719.8527582131783,128.72997436206563,32.58996647651033,177.35932362464362,144.76935714813328,3420.216267842317,169.66142672537953,134.56168779278514,179.77412033995412,45.21243254716899,1278.4938433062282,170.02379604409933,137.68877418469026,179.06621082582157,41.37743664113131,1240.0830162177215,126.46405317083295,89.92563690770626,159.50845617416255,69.58281926645628,1548.1194105916961,137.406441327768,94.2580223935153,178.94140223123625,84.68337983772095,1766.1073805634114,1139.5619761098233,54923.26017747848,2936.9859772385153,134985.75422591486,-42.52486165364587,-293.6815304226345,1,6,-240776.3132865665,17,24.093570240316293,13.790912797806332,-3398.7511207054686,17.0541855641273
workout,video,..\..\data\workout_videos\bench press\bench press_17.mp4,29.97002997002997,3.4701333333333335,149.494215718064,18.198983900865013,179.42432377563597,161.22533987477095,4415.180001084751,132.78200848590774,20.947886711833913,175.784005669196,154.8361189573621,3506.5598805608843,0.0,0.0,0.0,0.0,0.0,0.0,0.0,0.0,0.0,0.0,16.252200261771595,3.4826738819948724,29.021726641548316,25.539052759553442,765.4061766099933,47.10236521060423,47.10236521060423,47.10236521060423,0.0,0.0,2647.5454019857107,78381.82952893678,2986.079868617712,105242.39239469326,-46.73036702473962,58.55378858778215,1,4,-62589.9616493374,100,76.235011096385,139.84164956897195,-4113.295152113511,33.00749504404358
workout,video,..\..\data\workout_videos\bench press\bench press_18.mp4,29.97002997002997,2.7027,144.6503906646206,122.05307072434815,168.60419050377416,46.55111977942602,1091.0102082338312,152.97201046326407,28.22628273001792,179.13372283432696,150.90744010430905,3938.400669555111,168.77104692358392,143.84507214661534,179.95724657192147,36.11217442530614,992.667447858633,161.80160321249886,118.07424503945336,179.94279670625247,61.86855166679911,1419.8359467619741,162.9103910220694,134.77844290532406,178.94007373601764,44.16163083069358,984.7522656729709,143.64063748450073,109.72723951130614,174.5547991896729,64.82755967836677,1446.2890851301995,4777.704679048979,145885.57365924655,2607.526528037394,83247.55028565002,-15.231536865234375,24.084723063877618,1,6,-164688.3535021033,52,25.053420939964138,17.780142497603247,-839.5286964012508,3.7900884955912755
workout,video,..\..\data\workout_videos\bench press\bench press_19.mp4,29.97002997002997,2.3690333333333333,121.82149134395462,62.474843978378175,171.39878065776182,108.92393667938364,1740.847957051863,119.89542672112182,2.0969013443750883,175.75779892315907,173.660897578784,2180.681431774002,84.01170627879463,6.545049817295895,113.19367945662017,106.64862963932428,3021.563751894286,85.28849456085752,5.028030739068133,123.28785645495503,118.2598257158869,3544.2505209556516,173.0755524865756,117.28023363029725,179.95251437715612,62.672280746858874,1826.7311632666401,173.50504507709843,122.4219921489718,179.85268654269524,57.43069439372344,1691.8202885067637,527.2879586234044,14054.48561685847,985.4752333847779,34319.664425215604,64.91996256510413,-19.81043243408203,1,6,-102209.27197139476,13,58.301866546908265,39.733694840205146,-1709.340769094187,7.733890800103735
workout,video,..\..\data\workout_videos\bench press\bench press_2.mp4,29.97002997002997,1.9352666666666667,102.33539957433591,28.846234051408356,148.60222947188672,119.75599542047836,2233.6602290801634,126.5358077376546,32.34099280809827,177.45591732813037,145.1149245200321,4328.460306686016,168.27260473253583,134.1894302613745,179.62278196945346,45.43335170807896,1132.8096409839402,169.37801027098763,132.9234349957528,179.77392463627058,46.850489640517765,1386.635099129517,136.16791919638726,24.514217286199024,178.70027462943787,154.18605734323884,2697.19070056602,118.31476622895195,7.914514711287645,176.6301767557712,168.71566204448357,2035.3954534019451,4292.284040422466,244214.74274264296,3365.848992445614,196435.33756787135,-62.686370849609375,-97.56125159630403,1,6,-229594.13377405997,30,55.23352819008487,66.3125841281765,-1474.7812002450667,14.929902642852836
workout,video,..\..\data\workout_videos\bench press\bench press_20.mp4,29.97002997002997,2.168833333333333,159.46342187572426,113.22177879092386,179.4562897905997,66.23451099967583,1288.7036972829671,143.59218363733717,103.79149174591981,179.50171830886683,75.71022656294701,1698.310638916732,127.44853086257606,127.44853086257606,127.44853086257606,0.0,0.0,124.46917744181644,123.42189180330428,125.51646308032862,2.094571277024343,62.77436394678351,173.56134457238727,141.43290656405748,179.45785920740792,38.024952643350446,1075.7685018397922,173.93053486958908,135.7724957496034,179.8157699867322,44.0432742371288,1163.6525975086902,503.6220493373825,19404.675882231488,880.2226437890928,20707.691866432848,60.325571695963504,37.139210094105124,1,6,-180569.08043996143,36,50.55977220170558,55.88635041177149,-1166.9441398445294,3.6142549391161625
workout,video,..\..\data\workout_videos\bench press\bench press_21.mp4,29.97002997002997,2.736066666666667,133.2641691615547,17.03620557610226,161.19158349828479,144.15537792218254,1619.3398810625931,143.8075648935105,91.35886769511481,159.96279504761978,68.60392735250497,1423.6752524707952,0.0,0.0,0.0,0.0,0.0,0.0,0.0,0.0,0.0,0.0,32.35945106214217,21.28142647566453,60.016443689775954,38.73501721411142,842.1941430635904,66.86453446092536,27.981814312273645,105.73406446579743,77.75225015352379,1653.4090431472712,858.1130783279234,21721.49500529139,694.7209273967545,21225.488825912136,-47.65814208984375,-34.18218180338533,1,4,-8975.278382994711,70,55.630545412342045,192.31734511621502,-1358.3493532834339,45.797002400783185
workout,video,..\..\data\workout_videos\bench press\bench press_22.mp4,29.97002997002997,2.0687333333333333,93.96065472263325,28.694342027069204,149.56910786138292,120.8747658343137,743.219248069874,129.35483989450825,50.53966491098063,173.72837625619152,123.18871134521089,1620.998453304226,135.11469399444172,16.335334843034346,179.8791853216308,163.54385047859648,3946.038891987559,136.78157018446657,71.09208551242565,176.99168295676074,105.89959744433509,2624.7335111515295,94.05733556674257,16.696236226436504,132.04702053082767,115.35078430439117,2860.4001340283444,102.85021639942607,53.454286493744114,152.01869637832374,98.56440988457962,1289.2153614752276,165.69124235139859,7002.366438584462,344.1771388863956,16656.542336278195,-6.122019449869754,0.3953175264246056,1,6,-33781.33543256506,1,43.45146049023415,133.6503979235531,-1111.683604481457,6.514969006744671
workout,video,..\..\data\workout_videos\bench press\bench press_23.mp4,29.97002997002997,2.135466666666667,96.4443776417231,18.268977279228096,143.86675781984414,125.59778054061604,1908.583466407445,134.0657948192975,48.79398460170084,175.15877014901378,126.36478554731293,2201.1003708131016,143.7830367978649,100.7071611652955,177.52721148280133,76.82005031750583,2302.29921031486,140.03244480853996,112.52801301347955,178.7502672415918,66.22225422811226,953.5875283171149,108.88173356687706,28.02943128940285,172.86891207890852,144.83948078950567,2834.669551349726,116.06060642230604,77.12329404401325,162.4566357466198,85.33334170260656,1251.3183871915278,5903.272813612169,178444.1652961652,1582.8428825341716,48865.33599182752,472.5355351765951,142.3282098481149,1,6,-81588.80714212352,6,66.56738988883848,377.883854889024,-3838.146167797045,4.496673141960111
workout,video,..\..\data\workout_videos\bench press\bench press_24.mp4,29.97002997002997,2.3356666666666666,129.45549817497005,41.39416113191744,178.31550856102234,136.9213474291049,2202.922423785465,143.0452381601769,44.536798860622774,179.9997328875305,135.46293402690773,1445.7834860616363,124.38278125357029,2.934194156435359,179.40010600044474,176.46591184400938,3905.2136892782587,149.7600583953995,3.914924793345833,179.7236825441697,175.80875775082384,3607.056204980347,107.30688240514195,5.224305518017662,178.5129713211681,173.28866580315042,4481.159695971675,130.0785307848186,42.52816370958961,175.0966205008781,132.56845679128847,2380.217486071771,1248.9464880822309,44753.108331985466,1276.4225848895676,61658.91515095698,-11.5345458984375,-25.866409301757812,1,4,-132531.40865518712,48,65.49070730866516,151.71475986382697,-1502.6040853677587,9.3471680394372
workout,video,..\..\data\workout_videos\bench press\bench press_25.mp4,29.97002997002997,1.7017,109.95392878341694,58.9046567827021,156.334503609534,97.42984682683192,1376.7965363187059,144.42465752649562,85.71688745877451,179.79420378750882,94.07731632873431,1388.2711154130218,140.01072888617503,60.98864548679929,174.7019228900621,113.7132774032628,3378.008871095235,164.4625018619153,137.16267526317608,177.96378720703316,40.80111194385708,1057.0558769026009,139.28756769405024,40.503418257420805,176.85612805767573,136.35270980025493,4086.4947992084394,152.25212314402594,124.32460058858162,175.3618475813235,51.037246992741885,696.5269145420361,1076.5827800129543,34170.75213259979,2773.588017671968,73776.2057519878,-87.140625,-34.968943277994754,1,4,-144555.55040443173,19,63.56842320085286,135.38606993602633,-2341.439413857626,9.45299671495931
workout,video,..\..\data\workout_videos\bench press\bench press_26.mp4,29.97002997002997,2.0687333333333333,54.97178494501298,33.39588899909264,98.79405402869021,65.39816502959758,1959.9849659220054,109.00971663370005,58.80845525926207,137.8723093075293,79.06385404826722,2369.546075372644,150.39996694468323,97.50761663806912,179.21189396154486,81.70427732347574,2350.4099807796947,151.66183772497584,96.11719611308426,179.8551059555033,83.73790984241903,2488.420117037489,103.1646084676067,52.29458922644051,111.16476985029014,58.870180623849635,1685.1298274772485,100.59341885319212,32.215620757749626,168.31147905254608,136.09585829479644,4078.7969518920013,3071.9073178408507,91537.0792842107,8896.271841866628,426299.6576431127,133.81697591145837,-352.12763704572404,1,6,-1114101.3428504074,2,51.22079946486333,27.22655190420784,-8654.800552230972,9.306128493245495
workout,video,..\..\data\workout_videos\bench press\bench press_27.mp4,29.97002997002997,2.0687333333333333,30.73372077017043,19.815773123606032,39.860690478937926,20.044917355331894,327.80619922351826,0.0,0.0,0.0,0.0,0.0,169.05650113345465,162.2007277754377,175.19883869305784,12.998110917620124,213.3904356518016,172.55946710463007,167.54907231314124,177.51692579187542,9.967853478734185,190.34793160777417,173.0277580778177,167.199679867292,176.56607477617987,9.366394908887884,165.59868334331748,0.0,0.0,0.0,0.0,0.0,61.43604625355105,1706.890070220461,641.9568539777291,18503.96221715711,14.604375457763673,-112.19381120469836,1,4,-2382.2545929345583,2,7.937360074751146,110.98915452665597,-1099.766177730961,0.2788230083744076
workout,video,..\..\data\workout_videos\bench press\bench press_28.mp4,29.97002997002997,3.4367666666666667,112.45891881254349,53.07319881782792,175.58365441260483,122.51045559477691,2762.0420051157994,75.58468159471875,5.818836031220368,176.147630475344,170.32879444412362,5104.7590742494585,98.7647118469869,42.08660562182018,125.85163977479408,83.7650341529739,2328.8631034197992,99.96281813129069,8.605948973732955,129.94793864552003,121.34198967178708,2848.1597301282427,154.15209024468092,122.32315013994952,177.34522190642434,55.022071766474824,782.970630014729,150.5115240651828,38.66613173669669,178.69781674878047,140.03168501208378,1746.9947410938328,1389.440332616602,47275.20547546475,533.9392635285542,23796.399746270872,160.67325846354169,-40.001739501953125,1,6,-34230.42581637897,68,62.49819900250962,188.08209563439615,-2062.8556014298215,6.082641979963001
workout,video,..\..\data\workout_videos\bench press\bench press_29.mp4,24.0,8.666666666666666,95.96163137877224,2.0233742297403015,158.20687880151047,156.18350457177016,2494.825037645461,114.57541574382563,2.515452225900456,156.58176569527154,154.0663134693711,3075.9975961194095,168.56657840446186,142.80318697975113,179.88650649822253,37.0833195184714,413.8712049406638,157.5848761170334,127.9924404975475,177.31382496070563,49.321384463158125,1057.788847213189,116.7374153580923,94.59674946127208,146.10837450086177,51.51162503958969,386.5296292679225,135.8507030916683,87.56812475578002,179.72290785540778,92.15478309962776,1388.8157764277983,1564.1016113281248,74023.17890625,1235.6657177734364,54670.35157661507,1.5816141764322538,-3.946832095875436,1,6,-115126.39863281255,57,79.24244316944464,108.30763534929493,-2546.1509033203133,11.255090411071198
workout,video,..\..\data\workout_videos\bench press\bench press_3.mp4,29.97002997002997,2.8695333333333335,101.60321512583486,1.4268790717833923,179.52035023912603,178.09347116734264,3052.7963985636106,59.69705904363415,0.5919643921670559,177.27843434449755,176.6864699523305,5125.265901264089,96.8491985837976,87.30024085810489,120.27824446187945,32.97800360377457,639.6035470907358,137.28861252356202,108.34250268649619,160.68556167833117,52.34305899183498,795.9318680221149,172.6671860179772,139.16301811923333,179.97539247286093,40.812374353627604,1078.6447978178749,137.01567672607246,101.29380394223196,172.77397172369197,71.48016778146001,1016.7220075383373,296.1440110182762,17074.88588771357,253.74238188569072,4379.480648433306,46.08823649088538,26.70018357496997,1,6,-34580.781882796255,85,30.143568266119715,53.735196059468116,-603.9206155172952,1.475432504988507
workout,video,..\..\data\workout_videos\bench press\bench press_30.mp4,24.0,2.7083333333333335,100.77286879413617,70.34610106665716,154.22123431028297,83.87513324362581,559.8456770810906,99.19605134454405,71.21234208017601,147.0195591943546,75.80721711417858,614.1431116130028,140.89208878909199,140.89208878909199,140.89208878909199,0.0,0.0,65.19644680399949,65.19644680399949,65.19644680399949,0.0,0.0,112.88687153402367,5.069674126689336,134.3678600968321,129.29818597014275,2809.0708467445916,120.03684412575973,1.7753758849679961,150.97323333691634,149.19785745194835,1696.1951544378142,57.56206054687527,2048.144531250022,125.3458413461517,4039.8879266826552,-1.2457478841145644,-6.809059651692678,1,6,-10331.511328124921,46,48.71828264423145,94.07041051614394,-499.4249999999997,4.507972673963835
workout,video,..\..\data\workout_videos\bench press\bench press_31.mp4,24.0,3.2083333333333335,117.05097076910623,9.732016708111061,166.02425671821516,156.29224001010408,1905.4250629471862,130.4920209744322,16.251244390871822,157.95356850290074,141.70232411202892,2961.075440545548,163.4109144235375,143.00495206258591,177.49443906462415,34.48948700203823,461.15410609476703,141.5467188039482,125.28090922177292,175.2059035970841,49.924994375311186,930.5839391379898,122.09603070495619,111.20798017624901,137.01539229978314,25.807412123534135,319.4764541334206,163.0247887449032,102.24010827622956,179.9781471376076,77.73803886137804,1558.2916207355024,115.42998046875027,2904.2472656250065,127.64542451746365,2146.2947000558343,0.53814697265625,-1.712760476505082,1,6,-11331.4833984375,2,27.519486643645543,17.80325000174469,-308.69970703125273,1.4041807364732888
workout,video,..\..\data\workout_videos\bench press\bench press_32.mp4,24.0,4.791666666666667,78.1684369624794,1.3024802725393612,135.57326659836068,134.27078632582132,2125.2515972936153,115.23524063034039,13.991960742370592,170.91406702676406,156.92210628439346,3290.6990593875876,159.7040700596463,132.88399647227047,179.26136461338527,46.3773681411148,1113.0568353867552,154.66058075158324,135.0760954227089,169.21056853925134,34.13447311654244,819.2273547970185,169.426656565812,154.1077021488402,179.74692102053208,25.639218871691895,594.4053174025225,172.89510678289722,163.8711483426658,179.96852035617667,16.097372013510864,341.5077530814483,550.0011230468754,13541.787890625015,529.9829014369416,19306.216070140777,-8.601359049479186,-4.4534245808919195,1,6,-23543.90507812496,41,12.499798466995662,30.061398273469464,-673.821533203125,6.101562364369435
workout,video,..\..\data\workout_videos\bench press\bench press_33.mp4,24.0,2.9166666666666665,122.34300050531203,7.431840349674446,147.49032176414192,140.05848141446748,2021.3194825339501,128.96206211142527,40.72394249410605,140.34685404765568,99.62291155354964,1864.2450489664343,131.80148916741254,126.04452018667286,142.02323440775655,15.978714221083692,383.4891413060086,0.0,0.0,0.0,0.0,0.0,147.39045450137183,133.6927440269155,152.56675406134443,18.87401003442892,452.9762408262941,169.14189181384643,166.97958455027086,176.14719473956407,9.167610189293214,217.03151441070167,85.13374023437518,1851.577734374987,2360.4709075927726,56177.29709472655,2.823638916015625,16.743590100606298,1,6,-2650.1519531250196,47,92.04143454370292,161.4814366088184,-4739.849523925781,29.275620286968355
workout,video,..\..\data\workout_videos\bench press\bench press_34.mp4,24.0,6.083333333333333,108.78901649957386,9.177068815595996,156.9314140248324,147.75434520923642,1990.7283128981367,126.46077081769043,13.239438910209314,152.91731316079137,139.67787425058205,3088.367097984982,163.59552837269214,138.12450538824567,177.6312006074837,39.506695219238026,948.1606852617126,141.91683183909228,118.5032935247177,179.9704774929407,61.46718396822298,1000.6355801397422,123.14455710412774,103.2044828051758,136.72079692129253,33.51631411611673,540.4957203560161,157.14511387842796,96.17509215893452,179.84402279115324,83.66893063221872,1757.4317206915634,1297.6873168945306,31481.17060546873,1338.6806262207028,30916.640455250494,2.422882080078125,-0.5572384105009291,1,6,-11450.4521484375,104,51.69428172197526,53.65966878353934,-2031.2218505859378,12.404066849611265
workout,video,..\..\data\workout_videos\bench press\bench press_35.mp4,24.0,2.75,100.09506471132558,70.56427334773086,148.31012837843485,77.74585503070399,486.5758590781977,99.3073412088833,73.00515843863917,145.88729679953116,72.88213836089199,221.65137755955914,0.0,0.0,0.0,0.0,0.0,0.0,0.0,0.0,0.0,0.0,120.97178797957075,33.44286371683939,132.82143718230535,99.37857346546596,2027.1904643921932,128.50353514451263,7.772562979504972,161.8592844584598,154.08672147895481,2207.673838008677,95.93247070312282,2649.928124999904,394.01602608816984,10435.036707589246,-1.41009521484375,10.332387724376872,1,6,-14409.682031250079,47,46.396862144716586,89.1319648609992,-477.1420898437507,3.854364684585196
workout,video,..\..\data\workout_videos\bench press\bench press_36.mp4,24.0,5.791666666666667,108.9978356912859,6.927233313544278,167.8852406918848,160.95800737834054,1949.764288611892,123.3435210817246,5.123127777422981,155.18568435066143,150.06255657323845,2699.814245641616,161.99764982337715,139.24388651200357,178.76601793959753,39.52213142759396,424.8277148416903,140.66938040610873,121.59632137424752,179.32176669677273,57.7254453225252,989.4563619608962,123.98819705543232,107.51472590803263,131.79825243771884,24.283526529686213,353.50678891990606,158.96510133546838,99.66374578773517,179.93997473754166,80.2762289498065,1501.8769006120317,197.939208984375,7674.645703124996,147.01972943474266,4515.572990866276,3.2655843098958712,2.2667577406938904,1,6,-18180.595898437474,138,25.16640063782556,6.573000606422684,-391.57104492187636,1.8939509186388852
workout,video,..\..\data\workout_videos\bench press\bench press_37.mp4,24.0,16.166666666666668,72.97195359294427,0.03867262304262436,140.78666819099993,140.7479955679573,3177.079055848851,114.96095583610852,2.9994233215145716,178.20360838403585,175.20418506252128,4167.191449554901,145.29443119769664,44.592785221208786,179.99654906181277,135.40376384060397,2825.313697744701,144.16116625026172,117.01345099695395,176.52142797479536,59.50797697784141,1307.6499272702113,158.58542845258185,1.077450687985862,179.92806062791348,178.8506099399276,3938.8858841042193,163.46852904203854,1.8378327467890532,179.97506709393951,178.13723434715047,3768.9512167023104,1086.6877197265612,46622.776171875004,340.1222135416674,9853.601729910763,3.5044148763020644,-3.9264656318413245,1,6,-69236.69765624995,303,46.674528875955104,83.3460039719711,-1183.6070800781258,15.381694539007311
workout,video,..\..\data\workout_videos\bench press\bench press_38.mp4,24.0,2.5,97.42359065067538,28.600353298297936,144.53920331731302,115.93885001901509,1213.0914876184504,104.24400236327104,5.30250984152946,142.544674314747,137.24216447321754,2315.1280642667607,158.11456051696086,119.1744039876136,178.54326553222634,59.36886154461274,758.2918268185972,135.9606514005116,115.54567729012587,178.26559807548904,62.71992078536317,677.0140493292099,127.9041580619533,110.19796524662385,167.40699839262123,57.20903314599738,1070.8933810685355,165.65094560184565,102.07276247886351,179.83897347719218,77.76621099832867,881.6833900556508,81.20449218750082,2355.713671875037,4876.8565171185655,141909.30997817096,4.575612386067746,5.83664748247935,1,6,-8023.357617187539,21,95.98513145194289,585.7656933704301,-12065.137573242188,64.13611699967676
workout,video,..\..\data\workout_videos\bench press\bench press_39.mp4,25.0,30.2,90.43250463119092,1.6651589884651135,177.6207250270127,175.95556603854757,3355.217597917474,113.45657783357579,2.905504167112814,179.73045552970817,176.82495136259536,3443.912163752711,124.61862919438539,6.79382238585902,176.51429637419267,169.72047398833365,3434.7377747548007,120.05045627566861,21.91429004118699,176.99951123175921,155.0852211905722,3685.925624551708,100.20533618647468,1.7280583392431852,179.96362019911442,178.23556185987124,4009.2422893845173,106.78244300450758,2.201360258596808,179.03345782274255,176.83209756414573,3855.0235728316197,1301.8014272054054,31547.503789266022,1335.2311420440672,37013.125022252396,-19.27878824869788,-63.43694966634115,1,6,-128309.49020385738,195,76.68093721939351,131.50832177375014,-1486.8280029296884,7.699616827701805
workout,video,..\..\data\workout_videos\bench press\bench press_4.mp4,29.97002997002997,2.0020000000000002,164.0343300844787,145.09921233647643,175.49263547927404,30.393423142797616,503.6307549984771,165.9113251970836,156.66233211674282,175.1603182774244,18.49798616068159,554.3851996208269,0.0,0.0,0.0,0.0,0.0,0.0,0.0,0.0,0.0,0.0,0.0,0.0,0.0,0.0,0.0,0.0,0.0,0.0,0.0,0.0,1153.2640943041313,44253.2254189832,7425.877650181848,308109.1863324797,9.503814697265625,-139.70667521158856,1,2,-20654.879303311052,6,61.82045898471769,63.548686324726724,-10063.886309003496,27.73729786957421
workout,video,..\..\data\workout_videos\bench press\bench press_40.mp4,25.0,9.0,71.27617407414974,4.004055217817587,177.17232953429306,173.16827431647548,2754.1503977826214,96.37847324096464,0.21402659609593375,168.23634495873455,168.02231836263863,3560.6170626452736,144.38404906842166,87.68471393269972,175.03997290588055,87.35525897318082,2183.8814743295206,149.55578231279083,107.07768163776785,175.43966645519157,68.36198481742372,993.9184871253495,145.89272393551005,42.626020362309255,179.97032840273204,137.3443080404228,3064.3472383109042,149.07608556605823,27.073417104834615,178.8003885109635,151.72697140612888,3427.1984556682087,1142.9788208007822,42478.01335652671,874.419291569636,23791.96137229165,23.0465087890625,-14.755444208780943,1,6,-172453.60374450684,2,51.65233588227447,110.42067092624886,-999.5903015136719,12.476243928199803
workout,video,..\..\data\workout_videos\bench press\bench press_41.mp4,25.0,2.72,59.68619117988224,1.3258028117601528,135.62176688325036,134.2959640714902,2322.9110887599395,87.36649620045745,0.4718757959576072,155.3677541112222,154.8958783152646,2602.145974733962,149.35977001904493,133.79396254788924,179.37497558039112,45.581013032501886,858.2560515141622,144.23565184743853,135.69765318644576,157.7278448964983,22.03019171005255,318.06371923257615,144.2163538449959,121.51535475265418,159.6660454978879,38.15069074523372,585.8998733445854,151.26939375848002,115.98852549184775,162.38716550959188,46.39864001774413,831.0022347314451,425.45766194661496,9593.257904052734,465.09564130734304,11207.476763164372,12.017130533854186,19.18080385993511,1,6,-37889.91928100586,1,51.91850992442344,65.12188659030333,-2100.5836486816406,8.548490756640081
workout,video,..\..\data\workout_videos\bench press\bench press_42.mp4,25.0,5.0,64.65381704766159,6.468411649492975,140.79610536424974,134.32769371475678,2724.4131389719905,55.70719557535295,0.20219718200674952,177.10405111516403,176.90185393315727,4082.595856174329,144.9764428875135,110.42464757344749,171.5683678862333,61.1437203127858,912.660278046625,152.42559963648537,112.71866616351136,175.69573804558726,62.977071882075904,1392.0180723028,93.2106953791416,6.002257195975372,154.2255507949755,148.22329359900013,3487.0539439812987,65.52017857815713,4.095149638597288,174.0735062914957,169.9783566528984,3213.2417454070974,2437.068277994793,103434.33920542398,2288.335064619015,95814.88036061384,19.571044921875,124.94501287286931,1,6,-79612.60414123537,77,63.4880060037452,139.3235757791128,-2528.875732421875,30.070650389380294
workout,video,..\..\data\workout_videos\bench press\bench press_43.mp4,25.0,2.52,117.34407893487872,42.593286319258105,160.46880211871493,117.87551579945682,1688.070200039695,136.25990807797496,109.58589828526212,177.95677273204382,68.3708744467817,997.0102761971887,0.0,0.0,0.0,0.0,0.0,0.0,0.0,0.0,0.0,0.0,0.0,0.0,0.0,0.0,0.0,0.0,0.0,0.0,0.0,0.0,337.6134236653627,9744.33644612624,2218.9732564290366,55474.331410725914,4.695139567057254,288.6876307896206,1,2,-4163.154602050696,58,89.78257971637173,463.7034137374921,-2299.7154235839853,3.798250176159762
workout,video,..\..\data\workout_videos\bench press\bench press_44.mp4,25.0,5.0,102.40230398894296,0.32778476159210707,154.47289642042202,154.1451116588299,3658.7098060194066,57.20232639122269,0.9167066859344488,143.42516800929988,142.50846132336542,2324.1190838144,99.2878174212865,48.68203030960913,154.51786971164262,105.83583940203349,1248.4487166568788,99.70792330154477,63.82148838074544,155.88726990947015,92.0657815287247,1545.7428285236651,143.99702518292517,122.50125921967876,179.9983318829442,57.49707266326544,1305.5089210968704,137.38822140636893,110.08569903023377,178.60256006646907,68.5168610362353,1231.230696389322,553.9510345458986,12623.950004577633,343.5037082820742,9882.002521347245,21.69804890950519,-17.38603432973224,1,6,-28398.117065429677,27,34.86429096047338,30.399523165402474,-908.7756347656239,4.693506485036555
workout,video,..\..\data\workout_videos\bench press\bench press_45.mp4,25.0,3.6,91.88717685500083,0.1799694014075492,179.9725741846867,179.79260478327913,3162.2041281758598,96.73149528476823,1.828643332411436,179.69900477304074,177.8703614406293,2987.577339654856,114.27669968075821,48.83005641914456,172.1586143900284,123.32855797088382,1172.352408632267,134.15278436600815,99.67360318380227,179.71197147102237,80.0383682872201,1001.9950469967214,96.95680447941096,5.489859118903564,176.25219521594838,170.76233609704482,3187.078530843088,129.1748798038525,12.774957397985835,179.33537294201201,166.56041554402617,4064.963416651728,672.0130157470692,15091.056823730469,973.6172739664723,15961.905034383113,35.14483642578125,37.75657145182288,1,4,-38205.65986633294,19,69.21749721424743,344.1488090613077,-1748.2234191894534,16.357469780122674
workout,video,..\..\data\workout_videos\bench press\bench press_46.mp4,25.0,1.8,116.0278884917779,84.22805925635164,135.26785361079243,51.03979435444079,1176.1695007875119,86.31942508379029,3.88498493882546,135.72635019785383,131.84136525902838,2824.4027889450113,0.0,0.0,0.0,0.0,0.0,176.34941971828582,176.34941971828582,176.34941971828582,0.0,0.0,0.0,0.0,0.0,0.0,0.0,109.3261831152414,94.13940084782217,128.60496914853394,34.465568300711766,861.6392075177941,178.63240559895956,7020.970662434926,640.0707489404922,16055.578531918825,-3.051605224609375,-25.39032647548578,1,4,-23859.474182128935,31,39.11922372636841,83.41212594018963,-4302.741241455078,19.033816535832454
workout,video,..\..\data\workout_videos\bench press\bench press_47.mp4,25.0,2.6,107.21688318679078,78.84921003247736,142.77046656077272,63.92125652829536,1598.031413207384,115.81072868738217,115.81072868738217,115.81072868738217,0.0,0.0,138.48525794152212,130.82122244623457,150.64845195482363,19.827229508589056,495.68073771472643,147.66328606056888,135.08893436583395,166.8620635854452,31.773129219611263,645.5800838754428,119.92809708760859,64.99308306792828,152.47058858935293,87.47750552142465,1933.1884134404067,153.13291230402703,147.54661758123405,158.71920702682002,11.17258944558597,279.31473613964926,668.7629699707031,17016.166687011704,576.0051600138326,18235.254764556856,-4.712554931640625,-22.827533721923828,1,4,-106560.50491333005,13,27.304152451912717,38.579149175550874,-2750.6454467773438,3.5418777956700147
workout,video,..\..\data\workout_videos\bench press\bench press_48.mp4,25.0,6.4,114.55317313274651,29.428854015557604,176.94904431958125,147.52019030402363,3308.0910230286718,111.37439460449968,24.797393770617703,175.00207946274955,150.20468569213185,2044.335819980959,113.07991261435636,77.41202122743623,178.8574629128298,101.44544168539356,1703.0012306950564,106.50519844067522,73.93518360562433,168.832506044545,94.89732243892067,1300.9263719752216,95.24578479422826,4.490405735244014,179.68315426904599,175.19274853380196,3774.3114760809235,104.93991433234882,0.04857184509064596,179.85109847115157,179.80252662606094,4120.0651143213945,606.8290710449219,15963.41896057126,235.11267979939845,4137.933384288388,41.13005065917969,21.370342254638672,1,4,-14228.008270263785,100,40.28514490092145,48.02594930473814,-601.2741851806638,3.169395195730301
workout,video,..\..\data\workout_videos\bench press\bench press_49.mp4,25.0,3.0,84.24458321557758,0.8174257179661747,177.15735199776378,176.3399262797976,3232.1619925483988,79.74880279228138,1.8227929109987207,140.06133649931368,138.23854358831497,1604.8216591498328,147.88741535164843,112.57514715062774,176.0290507901554,63.45390363952765,1119.0255288145718,142.9602618455298,100.92312937758699,162.23615637872442,61.31302700113743,1098.3315422857888,110.26073342197142,0.7123680936192153,176.0266288110949,175.3142607174757,3728.4589135279048,120.27684669394463,3.6147783579946795,177.1816970789414,173.56691872094672,3963.6030178391616,466.93756103515653,12379.514694213825,439.29063706170837,9712.678813934268,-37.68424987792969,-6.597614288330078,1,4,-40021.38137817383,33,70.91081572697728,208.7988410996816,-1836.3847351074214,12.202321861827931
workout,video,..\..\data\workout_videos\bench press\bench press_5.mp4,29.97002997002997,1.5348666666666666,171.52801314633408,163.012160033429,177.89176109861614,14.879601065187131,319.7190291766642,0.0,0.0,0.0,0.0,0.0,0.0,0.0,0.0,0.0,0.0,0.0,0.0,0.0,0.0,0.0,0.0,0.0,0.0,0.0,0.0,0.0,0.0,0.0,0.0,0.0,1198.9786336710165,53088.89972688082,1432.1212539901503,83716.99306087085,35.29656982421875,-210.2629229227702,1,2,-13430.334153312244,2,73.81118518336166,386.4289379137573,-1868.8219739245158,204.1595190844731
workout,video,..\..\data\workout_videos\bench press\bench press_50.mp4,25.0,2.0,0.0,0.0,0.0,0.0,0.0,0.0,0.0,0.0,0.0,0.0,74.21973952303235,69.12630457612525,78.98124661032153,9.854942034196284,111.82436251475245,85.08330870191776,84.15809011836502,86.19327449452413,2.0351843761591084,31.410812077377415,0.0,0.0,0.0,0.0,0.0,0.0,0.0,0.0,0.0,0.0,0.0,0.0,262.07322438557696,8131.22119903575,0.0,0.8119018554687045,1,4,-5390.616416931167,32,16.184588307535297,19.1957839650552,-310.98129272460824,1.7202532131590842
workout,video,..\..\data\workout_videos\bench press\bench press_52.mp4,25.0,1.4,80.79686676399433,6.7729045614171834,133.37789336315842,126.60498880174124,2338.9370729168872,106.55267551482237,24.07605019232454,163.52812655951502,139.45207636719047,1998.6205627764946,123.9816752205985,109.24418347678976,138.62264659966442,29.378463122874663,602.515750984173,131.51210290582014,120.05890299208826,141.74428566032935,21.68538266824109,412.3673075367485,152.99214419450516,143.02488853132817,164.9153994175536,21.890510886225428,328.9193200260605,159.21341061524785,149.9107883820389,172.17824516044467,22.267456778405773,283.1370396781516,564.6058909098301,19016.30401611328,1931.707922617595,65557.90496483831,97.76834106445312,88.74497535011983,1,4,-84985.40496826166,10,30.12515400531602,35.76023909120678,-1527.8726196289072,13.962065772196908
workout,video,..\..\data\workout_videos\bench press\bench press_53.mp4,25.0,1.72,98.45690051176635,70.43379503392599,128.90970836203488,58.47591332810889,1073.4132412725608,61.07947279853424,20.385495808508086,113.43618906838168,93.0506932598736,1323.6205721781878,124.39963901120068,96.3828068802359,168.53304924057946,72.15024236034355,1022.7395460091329,143.77606672411704,105.23076306783032,176.921279073281,71.69051600545068,1461.7540802845037,138.68060658713023,31.682827879311894,177.08778196582017,145.40495408650827,3432.248458389064,108.92846385287818,37.75074229807312,179.71057238631772,141.9598300882446,3548.9957522061145,709.9117279052734,25533.09631347652,279.23208063299114,6568.744659423835,15.471847534179688,15.436902549050103,1,4,-19839.305877685474,10,34.75397198931404,64.3323903425201,-1592.0242309570312,7.075280004397111
workout,video,..\..\data\workout_videos\bench press\bench press_54.mp4,25.0,3.28,95.88224301553112,52.01047150504235,145.35060034779465,93.3401288427523,456.1767660808684,102.66841439848436,51.131606584090584,157.54633823902725,106.41473165493667,383.72219603493676,0.0,0.0,0.0,0.0,0.0,0.0,0.0,0.0,0.0,0.0,139.37053072187996,133.88073942355064,144.80315523296827,10.922415809417629,235.43638637164364,140.84284989713774,125.18142452154851,153.67173992594434,28.49031540439583,333.949754514029,43.46074422200559,1215.7643636068017,383.78742008418953,10062.101825253008,-0.5302836100260606,-6.615314190204344,1,6,-4433.9447021482665,24,15.56594369178639,20.028710043282867,-1940.2546691894543,3.8119698176497128
workout,video,..\..\data\workout_videos\bench press\bench press_55.mp4,25.0,1.2,88.88308316769128,1.3068489107791863,164.8345008308213,163.5276519200421,4088.1912980010525,44.080464411619126,3.4977419691316984,94.71229429894686,91.21455232981516,2280.363808245379,150.35121543112407,109.92646145276655,176.83803733495594,66.9115758821894,1672.789397054735,127.8777090556668,90.75181080158977,173.33499949329016,82.58318869170039,1141.849477510497,114.73672656119581,46.190662262887116,164.06035988342117,117.86969762053405,2651.3642798715923,86.29805448620255,24.033717330567846,173.8588286611507,149.82511133058287,3745.627783264572,524.8996734619141,9035.909652709968,853.9366912841799,29395.16357075085,-8.975860595703125,-47.908363342285156,1,4,-27148.971557617188,1,-19.120316462052006,-1.9238123863767327,-786.0086059570314,1.8737783836818622
workout,video,..\..\data\workout_videos\bench press\bench press_56.mp4,25.0,4.28,152.03130243906443,138.48641233853266,163.19684310606686,24.710430767534206,234.37969438772868,171.52576604309394,160.41737404031812,179.29754714993538,18.88017310961726,222.21576128720102,151.30155100767539,145.7189843051287,155.5946478908429,9.875663585714193,171.80091304814624,166.75180514745117,161.34079169302726,170.49617875923354,9.155387066206288,176.94133242663597,177.20523421591201,172.5367270991974,179.92581417750912,7.389087078311718,93.58971025635228,174.64433136353256,168.31745941772553,179.9925555093893,11.675096091663761,198.03253923799602,120.17784118652344,5330.972671508791,508.8799133300782,20654.115327199317,5.7866668701171875,0.6899795532226562,1,4,-7619.338989257898,21,28.619122022102477,34.07011806737037,-949.2692565917963,1.233349670489961
workout,video,..\..\data\workout_videos\bench press\bench press_57.mp4,25.0,4.0,152.69280421371673,39.247104794777826,179.73777822489185,140.49067343011404,2585.351757202259,135.04399557800215,0.23641803921772664,165.9948216747881,165.75840363557037,4101.587842303478,141.16521849022732,101.40718306295604,166.83571942226612,65.42853635931009,1635.713408982752,143.97824839274577,109.4697052131214,159.5659902166881,50.096285003566706,1252.4071250891677,106.62846598233723,59.706224870448715,164.6976806736543,104.99145580320558,1673.1383730018158,94.25670103258331,63.89322448209975,162.30586619071235,98.4126417086126,2355.302310328731,2900.1678466796875,69071.2893803915,1906.8802159627276,48984.698490869436,8.303853352864564,-3.149273067325737,1,6,-205315.50884246826,98,52.28102572965098,75.86209364437802,-1309.6752929687498,8.394960444470076
workout,video,..\..\data\workout_videos\bench press\bench press_58.mp4,23.976043137696813,1.9185818000000001,114.61003239620358,32.55898532787919,178.14545460334404,145.58646927546485,3085.3377889699727,83.39787014231825,7.198639288274377,168.2270227869308,161.02838349865644,2269.0297710213295,108.87969216189894,30.492423906235125,179.02534553062415,148.53292162438902,2504.6064224013585,99.38944418332423,31.818127719936076,174.1898772444525,142.37174952451642,3209.313846712024,86.74063809841233,50.2748373301828,148.46746750110862,98.19263017092581,2314.6752079986986,81.01006748873645,13.260444012148843,134.51191245562475,121.25146844347591,1299.7895272690444,389.1572722176618,10257.575395160451,294.6722073480256,8888.1553004049,-20.68370564778644,-48.684025691105774,1,6,-29259.420636176375,31,-0.4890136609144451,86.5360749411767,-1315.1709885700957,10.062895195961177
workout,video,..\..\data\workout_videos\bench press\bench press_59.mp4,29.97002997002997,5.005,99.77304449904202,3.417659363277107,179.26857071052996,175.85091134725286,3694.675050388759,92.80571403225203,0.02687778069651108,178.49858339415297,178.47170561345646,4627.806306339316,88.37297015266914,37.21541028792154,117.39294568955295,80.1775354016314,839.6774825862659,98.71012596591511,71.478999695474,114.98425674006175,43.50525704458775,775.8468987575088,167.02233609413238,122.44054771016694,179.84817776261517,57.407630052448226,1005.1164816886401,161.67903691280074,126.49498933729663,179.5033604518934,53.00837111459677,904.0653134208425,748.5739358297952,33358.33206981345,293.7790663925902,4956.032933296641,-9.515767415364564,-0.7335856511042493,1,6,-33492.199028688825,149,31.62272762711259,50.70551834328319,-394.6334427291458,2.853317316221962
workout,video,..\..\data\workout_videos\bench press\bench press_6.mp4,29.97002997002997,2.1021,130.28959380124883,62.62434201317304,164.2585352349945,101.63419322182145,2314.2784321359973,139.99400159882842,53.61518947263417,179.85047339734905,126.23528392471488,2719.4249725604923,168.17549010222996,155.22730604910183,179.52872968357846,24.301423634476635,367.77529274942407,165.50331087552647,149.10554101540615,175.19334011099033,26.087799095584188,293.1900089064134,174.21553026238894,166.12551884222927,178.8581790482486,12.732660206019318,225.18671626363948,167.94966908516432,155.9065562607515,179.24654598982892,23.339989729077416,193.9028404918762,4788.322669761879,270074.8018790572,4112.192592563684,192170.73649786922,41.6402587890625,-59.269775390625,1,6,-122337.47687868756,25,38.6599243719191,104.60184627558672,-1582.1377109218909,29.48155841879539
workout,video,..\..\data\workout_videos\bench press\bench press_60.mp4,29.97002997002997,4.7047,104.02251806129604,1.6271076502718949,174.55035004049157,172.92324239021968,3971.3766806135773,96.0013258492396,2.5808726212655366,176.93031075898713,174.3494381377216,4652.700016657141,131.29119426271916,107.48149883949517,154.32395890259664,46.84246006310147,932.6191517687387,115.57901168855688,88.44100981932944,141.0572872905475,52.616277471218055,553.7953503967541,135.56623686616138,1.235900857217741,179.46721400809696,178.23131315087923,3206.1131358885127,137.8283427719217,18.46454554261437,179.29983272634308,160.83528718372872,3467.6530912659696,1224.8387141423027,37148.37164422856,540.399572351476,15543.206017060933,134.11904398600262,72.7970041128305,1,6,-30919.224382011675,36,33.403630930908875,107.95624460338755,-654.8286918159955,2.7980321147084757
workout,video,..\..\data\workout_videos\bench press\bench press_61.mp4,29.97002997002997,3.5035000000000003,75.31270352525289,2.360274047697392,178.91689501746575,176.55662096976835,4928.151516970316,81.82604050614242,10.91786304971198,172.6233830391932,161.70551998948122,4685.212722098937,112.04110721142987,94.32563540908778,139.97279477199706,45.64715936290928,1058.066651143553,99.64784220134328,87.06635597245945,121.12065574332684,34.05429977086739,585.2160519127833,158.67755329385932,53.63039119511139,179.83721496684348,126.20682377173208,3537.047998678912,142.08863585883577,15.769881427262819,179.84947645727388,164.07959503001106,4583.917284120997,1570.4601642254215,43054.00503334035,470.4656915350262,16571.784505013926,26.323959350585938,24.30222349900464,1,6,-17272.23939642872,38,29.459008486214554,51.01266765838307,-459.96980924349396,3.9991569401231772
workout,video,..\..\data\workout_videos\bench press\bench press_7.mp4,29.97002997002997,2.769433333333333,96.14489459237302,61.66978467095742,125.64820807001739,63.97842339905997,1482.5811794296787,101.75313544764664,1.542029330647357,129.01214232770073,127.47011299705338,2399.2911100081596,0.0,0.0,0.0,0.0,0.0,0.0,0.0,0.0,0.0,0.0,0.0,0.0,0.0,0.0,0.0,0.0,0.0,0.0,0.0,0.0,233.4758747112265,3627.5496228140905,454.4974900365967,8076.039551887921,24.106831868489508,15.635894775390625,1,2,-5172.461184466921,35,22.96508600162398,27.86146796977129,-817.9012149959412,8.018177159329982
workout,video,..\..\data\workout_videos\bench press\bench press_8.mp4,29.97002997002997,2.769433333333333,81.14775249373297,54.55272131823943,121.67744416805577,67.12472284981635,1212.1406417896508,115.22617768983737,99.41717727278196,128.07550948804288,28.658332215260927,420.43825732182097,172.01851156280114,129.88612147961297,179.9852768589888,50.099155379375844,1424.8612565028886,172.83682552545937,132.14309011020487,179.88917268688354,47.746082576678674,1257.5708588799487,143.29745430087905,132.92355243507797,150.05755325672106,17.1340008216431,372.30672433702927,149.1441319639144,132.41387573752252,157.6485216855265,25.234645948003987,374.0848415152313,196.33278098854544,6093.524630651627,811.8080098706126,26390.30670009416,1.792816162109375,-162.88523960113525,1,6,-201682.5946271747,18,48.342516291037484,28.339469803878348,-3213.4989644144925,4.982963396436279
workout,video,..\..\data\workout_videos\bench press\bench press_9.mp4,29.97002997002997,1.5682333333333334,88.72321293620743,75.54287988846616,101.9035459839487,26.360666095482543,790.0299529115647,50.7550002022724,40.278353427203434,56.656078815681454,16.37772538847802,348.70738909717153,119.94945493039866,39.17196939320174,151.2155268710153,112.04355747781355,3357.9487755588475,147.7868216879038,45.35257315009667,177.02347850946595,131.67090535936927,3531.963995680328,38.22670314811692,3.291812178349874,69.6938469953236,66.40203481697372,1578.1325558411265,53.196013135061335,14.811856666812078,166.70134681134402,151.88949014453195,3958.429998791716,673.5242906507527,12161.288430795292,821.215019518244,18038.32852240015,-22.2647705078125,11.123382568359375,1,4,-123283.09507265802,20,69.12069815502231,321.27966487181976,-2953.155548065216,66.85875880613285
workout,video,..\..\data\workout_videos\chest fly machine\chest fly machine_1.mp4,29.97002997002997,5.005,94.42495284362857,0.3812198419230302,166.05541870875848,165.67419886683544,3217.2504840883507,105.60586293888329,3.231145445720433,168.94764251116734,165.7164970654469,1909.6402109907092,0.0,0.0,0.0,0.0,0.0,0.0,0.0,0.0,0.0,0.0,0.0,0.0,0.0,0.0,0.0,0.0,0.0,0.0,0.0,0.0,221.234332074174,4166.445657083905,165.30769598490338,5654.278159070088,-20.488657633463504,-17.491166334885747,1,4,-7321.245573350037,47,7.28315782612568,0.6699718925353724,-388.4140761582168,1.7314610966163007
workout,video,..\..\data\workout_videos\chest fly machine\chest fly machine_10.mp4,29.97002997002997,3.4034,165.0260508249049,120.17386476743617,179.47028820407476,59.29642343663859,1401.8018627059687,141.45440658901788,9.385930445422407,179.96550117072601,170.5795707253036,5112.274846912195,0.0,0.0,0.0,0.0,0.0,0.0,0.0,0.0,0.0,0.0,133.0796884402285,124.76141473234863,136.5233537362024,11.761939003853783,292.7206875007613,171.17484942607007,162.85335511453218,179.7552833127729,16.90192819824071,506.55129465256874,144.5004275509652,3680.958986029912,627.1967604103489,32494.902670111456,-5.057337443033873,45.879968203031126,1,6,-6398.959597860388,34,-0.259877282791743,6.411743579117292,-1306.790530026612,3.7034051546238276
workout,video,..\..\data\workout_videos\chest fly machine\chest fly machine_11.mp4,29.97002997002997,3.6036,162.19579703078202,109.86021116171341,177.75785648827056,67.89764532655715,858.1902439297227,134.55283565538855,16.850210649554423,179.9809527144832,163.1307420649288,3748.3890732748964,0.0,0.0,0.0,0.0,0.0,0.0,0.0,0.0,0.0,0.0,132.7770515736688,128.05598833447777,137.9556067036025,9.899618369124738,133.22228323585693,173.93809589390784,164.57319186510213,179.46469914301895,14.891507277916816,391.1267030464732,86.98982292121735,2292.354831478295,655.0526865042356,27408.10940736151,0.1250152587890625,-1.25079345703125,1,6,-4208.214494632076,35,0.6593778644207742,5.115448268205858,-1418.5413890308896,3.1059868557408272
workout,video,..\..\data\workout_videos\chest fly machine\chest fly machine_12.mp4,29.97002997002997,3.5368666666666666,165.61923457153623,112.2127144411305,178.76544755354877,66.55273311241827,831.5447603139284,140.1156359302889,11.700030272045845,179.73363076273586,168.03360049069002,4253.624514756258,0.0,0.0,0.0,0.0,0.0,0.0,0.0,0.0,0.0,0.0,132.91193063114696,128.31362261920967,136.43425956732418,8.120636948114509,191.95312373241322,172.2846358899237,163.03525627467022,179.0007035436813,15.965447269011094,302.3765069602606,96.67496200088826,3129.502331167396,571.7183642947451,21993.18360824519,4.849706013997377,1.3537190755208144,1,6,-5626.880261035128,59,1.419650561894058,8.818358125846796,-1363.4528008612488,3.7756989425354957
workout,video,..\..\data\workout_videos\chest fly machine\chest fly machine_13.mp4,29.97002997002997,3.1031,164.8467198734975,107.03735581856913,178.8259409018339,71.78858508326476,1033.664121424579,139.34149161465487,0.15965535552955482,179.68587249910954,179.52621714357997,2418.123153760715,0.0,0.0,0.0,0.0,0.0,0.0,0.0,0.0,0.0,0.0,132.9923613262217,129.80107960076242,137.3816589699227,7.58057936916029,210.32756536646497,171.76460784116742,167.71866540752663,178.790116420071,11.071451012544372,196.63931801516839,119.49677519745924,3834.8560550846355,584.0939858916873,25669.372161588555,2.8732147216796875,2.005315144856752,1,6,-5193.649865018495,29,1.0673515408268595,7.226195778179148,-1261.9970056798663,3.851823219585663
workout,video,..\..\data\workout_videos\chest fly machine\chest fly machine_14.mp4,29.97002997002997,3.6703333333333332,128.39273722295624,4.56581995979205,153.59588249347954,149.0300625336875,2355.3557302322965,133.74357989560633,28.725641206771606,149.6061929514652,120.8805517446936,1082.1384728675666,0.0,0.0,0.0,0.0,0.0,0.0,0.0,0.0,0.0,0.0,0.0,0.0,0.0,0.0,0.0,0.0,0.0,0.0,0.0,0.0,87.87519853193636,2792.2916527232474,355.4733921677283,10888.774915885519,4.832651774088561,-19.146487426757858,1,4,-8904.179806519653,1,50.878590662363834,100.53947648333066,-2390.442077453799,5.366006840928362
workout,video,..\..\data\workout_videos\chest fly machine\chest fly machine_15.mp4,29.97002997002997,4.938266666666666,154.2138210667248,60.327288387015216,179.66562011105464,119.33833172403942,3521.6218152530387,135.7551564381885,74.55404754489005,165.90558975326726,91.35154220837721,716.8431498674455,0.0,0.0,0.0,0.0,0.0,0.0,0.0,0.0,0.0,0.0,0.0,0.0,0.0,0.0,0.0,0.0,0.0,0.0,0.0,0.0,427.54645257086753,18144.913341879557,1945.856860076307,112379.40962192061,36.8037109375,109.33071487668968,1,2,-57704.31515950635,108,25.41481144029064,148.54780080103512,-4190.466515905969,3.9089343788986666
workout,video,..\..\data\workout_videos\chest fly machine\chest fly machine_16.mp4,29.97002997002997,2.6693333333333333,106.67035758673767,29.41061576349223,150.17842183964777,120.76780607615554,1431.2827721341673,59.43038702334366,8.574666864421019,75.82695703533737,67.25229017091635,1341.5409096719688,0.0,0.0,0.0,0.0,0.0,0.0,0.0,0.0,0.0,0.0,0.0,0.0,0.0,0.0,0.0,0.0,0.0,0.0,0.0,0.0,216.91199425574368,10813.97707659627,482.26870582217066,17572.01941941517,5.814097086588561,-106.12020416259764,1,2,-7960.376218826507,21,35.13914401255342,175.63774798686953,-792.5050718324644,3.009445034025276
workout,video,..\..\data\workout_videos\chest fly machine\chest fly machine_17.mp4,29.97002997002997,4.371033333333333,122.35760441905781,14.219023713152616,177.0865023315941,162.86747861844148,3187.342561950736,126.92610211305096,3.208856470472953,170.4584406245722,167.24958415409924,3843.9137593393116,126.47443667182604,126.47443667182604,126.47443667182604,0.0,0.0,129.01729096088218,129.01729096088218,129.01729096088218,0.0,0.0,126.45816320942698,126.45816320942698,126.45816320942698,0.0,0.0,132.62566669371765,132.62566669371765,132.62566669371765,0.0,0.0,235.40826848932068,7524.583810724333,1223.562072286438,64758.60942878303,-52.629608154296875,-20.17511664496527,1,2,-16665.996433909226,86,0.08457869535343543,18.416017769940503,-5154.122153481284,18.212303937355667
workout,video,..\..\data\workout_videos\chest fly machine\chest fly machine_18.mp4,29.97002997002997,4.4044,130.25059290353317,31.634764546430823,170.6779334062572,139.04316885982638,2815.36244113413,120.06839384246882,0.3087702202111838,162.49029760802202,162.18152738781083,3379.1904438210595,0.0,0.0,0.0,0.0,0.0,0.0,0.0,0.0,0.0,0.0,0.0,0.0,0.0,0.0,0.0,0.0,0.0,0.0,0.0,0.0,242.59334415584382,11400.339775577688,838.331980519482,25471.79113880235,-14.840006510416629,-10.994981384277366,1,2,-22772.672848427497,30,24.567716307385957,81.82067269808667,-864.7109116469454,3.971047873417871
workout,video,..\..\data\workout_videos\chest fly machine\chest fly machine_19.mp4,29.97002997002997,10.410400000000001,141.04006640478633,92.69039071441912,164.69385328412974,72.00346256971062,1272.4834618186096,108.60559303997317,0.11416650781913841,145.39201148475865,145.27784497693952,1062.4924815314764,137.18532187337703,131.99364796608737,146.01287895468778,14.019230988600413,241.48804041956836,149.243240790472,144.8565009479924,156.23800155271906,11.381500604726654,211.06052786776203,136.55507451434562,131.06897890445686,143.49461417144067,12.425635266983818,240.2240324342703,170.2137502304335,165.91301317201217,176.9779190290758,11.064905857063621,217.74781649635318,84.83347097238722,3548.662675790441,109.76691003088638,3344.240916997607,0.5512135823567519,-13.61645535861743,1,6,-6096.230093485269,72,2.114619838676531,0.2943917250031111,-185.27200338723844,0.4157718646528914
workout,video,..\..\data\workout_videos\chest fly machine\chest fly machine_2.mp4,29.97002997002997,3.4701333333333335,155.72662546687823,123.31700697096885,170.27969947486324,46.96269250389439,353.97489368311705,123.42479786246865,0.45055647281327027,170.68442088138443,170.23386440857115,3893.9633105224925,0.0,0.0,0.0,0.0,0.0,0.0,0.0,0.0,0.0,0.0,0.0,0.0,0.0,0.0,0.0,0.0,0.0,0.0,0.0,0.0,160.34624555132368,4376.60191663517,337.6776604742931,9991.363421929495,1.9019266764322538,-0.584246317545535,1,4,-8074.065961978422,34,2.4310696839617236,5.358351933078284,-152.28823300722647,1.095324151074097
workout,video,..\..\data\workout_videos\chest fly machine\chest fly machine_20.mp4,29.97002997002997,6.8068,145.54462573689946,113.41214615982094,160.21532572437013,46.8031795645492,553.3348529084685,94.97191886847581,1.204573429075076,150.1610503215048,148.95647689242972,1769.8803008735003,136.39132812971818,129.26847350859342,146.57039326106627,17.301919752472855,359.5535048804005,149.23899736699892,143.83086913627696,155.64042912028938,11.809559984012424,207.73125430968145,135.691891506695,127.72150776370081,141.8055625196226,14.084054755921798,224.10032827242145,170.25562532979106,165.9387220031616,175.52642730216556,9.587705299003972,180.919667615034,36.82075370918212,994.698451172556,101.25209225284104,3013.0080573640134,0.4392140706380019,-1.7624278349035194,1,6,-15447.304665044972,203,0.8582736478475586,-0.27277452676321534,-79.29006418386301,0.41214220993829337
workout,video,..\..\data\workout_videos\chest fly machine\chest fly machine_21.mp4,29.97002997002997,7.1738333333333335,155.22504479574835,141.61158047037728,167.1592795182423,25.547699047865024,313.2680522423979,114.26120138410386,0.2120429410483649,160.68716909387308,160.4751261528247,1258.5168152678234,138.05227202133506,134.59748536130817,144.5004333341305,9.902947972822318,168.94732337195617,153.2384442951533,148.16762130224444,157.36435382024158,9.196732517997134,109.79702706573254,135.3714859494844,130.6438789318971,138.70115024141882,8.057271309521724,105.4895900232618,175.3914417705778,171.42711147170496,179.9756655046874,8.548554032982452,166.55874926827252,40.619597687469465,995.1233212224809,110.26654581685334,2975.8280447791326,0.18332417805987689,-13.991974325741012,1,6,-5236.789251114851,137,0.7673315667703154,0.15377291554380193,-110.76920516007429,0.558665244071103
workout,video,..\..\data\workout_videos\chest fly machine\chest fly machine_22.mp4,29.97002997002997,15.1151,118.37540705506723,1.7867950329127555,175.58215191978834,173.7953568868756,4697.903167481742,131.125026542296,65.47304641054883,156.5992222331245,91.12617582257566,673.7147616257221,163.896492754312,155.79351034677748,168.20549710866433,12.411986761886851,204.0110327175571,149.19740819179697,146.4212082829286,151.21583189296015,4.79462361003155,108.71420410295032,173.79511450277542,168.42729729018993,179.94325413937756,11.515956849187631,255.8987209738998,127.45099824648865,121.87988545492061,133.48977811914264,11.60989266422203,243.27315305859523,73.5264796238923,1344.3984816850486,203.4516061566942,7237.6611296279325,0.2887013753255303,-9.017711766560865,1,6,-4757.404262196304,228,25.66193206693857,22.167470855689228,-751.0265613292936,1.4587377978441758
workout,video,..\..\data\workout_videos\chest fly machine\chest fly machine_23.mp4,30.0,14.0,137.04637300991092,1.2310827339219723,179.67367748764545,178.44259475372348,4957.819229661638,115.45984954612929,0.7336800202113619,179.5731905340432,178.83951051383184,4280.870939288016,127.00877876675817,92.56218726167995,171.13251454860992,78.57032728692997,469.3486703806843,146.61782579730647,108.47754914075102,179.87722414880776,71.39967500805673,378.76902435153454,137.9548652849499,126.06132177603835,150.5793511801553,24.518029404116945,431.89055250443744,159.08745918366165,124.41333305842817,179.9804004889796,55.56706743055143,329.33297655007834,199.29336547851562,2934.3832397461056,382.70444679260265,12831.709270477302,67.75968933105469,-16.292630004882824,1,6,-8320.979003906188,419,41.27902092462467,183.74108509469886,-653.4596557617198,1.4304880011590815
workout,video,..\..\data\workout_videos\chest fly machine\chest fly machine_24.mp4,30.0,6.0,117.80892203199676,0.9146169215438792,158.4613932232132,157.54677630166933,2926.540760813917,136.79867470317853,9.061044200712741,179.96685877334687,170.90581457263414,5059.427036221905,128.51332343620223,116.74588415858004,140.45168865201381,23.705804493433774,281.8077235417916,126.73755843554785,108.30172324454848,137.39805755830838,29.096334313759897,318.47823295687635,145.01299655817348,132.90612930588824,160.92677766841967,28.020648362531432,244.518969489296,142.0697185638418,122.68969229808219,159.55825117365933,36.868558875577136,275.76607425296004,43.2585449218746,1249.3753051758204,85.26543960571303,3307.5587081908566,-1.8031056722005019,-9.398479461669922,1,6,-1248.7802124022721,108,0.7369059397400215,10.74763585562146,-61.82208251952886,0.7904169540778905
workout,video,..\..\data\workout_videos\chest fly machine\chest fly machine_25.mp4,30.0,8.5,143.42415623504277,72.95541265957804,179.2808238936762,106.32541123409815,2301.246457358526,123.64199024542889,27.539577895525667,169.1784944033079,141.63891650778223,1882.707830998009,143.26753818312227,143.26753818312227,143.26753818312227,0.0,0.0,0.0,0.0,0.0,0.0,0.0,144.1683981203038,115.24691791343052,163.8297447327214,48.58282681929087,791.561064436388,122.06067561520925,104.93206793370973,133.04487997059866,28.112812036888926,368.30378054801474,159.32434082031023,2944.1839599608898,294.99964904785145,7983.734911633837,136.30722045898438,96.9435580746158,1,6,-8863.53057861325,174,33.75517303969022,0.8185130889023732,-610.8640136718736,2.4000681822443557
workout,video,..\..\data\workout_videos\chest fly machine\chest fly machine_26.mp4,23.976043137696813,31.5314748,136.83604353118386,0.10413943588563868,179.42106472698381,179.3169252910982,3602.5847144979907,139.66807613190215,89.46832255422902,167.31899455694568,77.85067200271666,1479.4294570072027,0.0,0.0,0.0,0.0,0.0,0.0,0.0,0.0,0.0,0.0,0.0,0.0,0.0,0.0,0.0,0.0,0.0,0.0,0.0,0.0,699.2895267408186,31963.850707704212,452.96365127202876,14784.963674307375,-13.633956909179688,3.2009722391764512,1,4,-52417.02833675229,352,9.68361721256409,188.18342837054254,-282.72984984965467,3.9617916637929587
workout,video,..\..\data\workout_videos\chest fly machine\chest fly machine_27.mp4,30.0,3.0,103.87974232400755,7.23203971663896,160.6554188470461,153.42337913040714,3286.2848820924705,147.37776231977136,84.40678723206328,169.45476752128528,85.047980289222,2318.3621869259027,154.12253559834815,140.35761838157993,161.66921833376387,21.31159995218394,300.0667482374533,157.4677529603618,131.98656163652228,167.55929891434505,35.57273727782277,744.5571042017391,169.2522570537899,163.8428857430682,175.3773438969227,11.534458153854501,191.13657082190286,165.55512716737954,137.85177687509326,173.72859568919546,35.876818814102194,785.4580416873794,18.797546386718977,672.5491333007795,107.60270118713379,5796.562328338592,-0.1311289469400947,1.1773099899291992,1,6,-38015.70556640619,2,4.206096081460709,24.643050453070124,-71.87448120116983,0.556517880449568
workout,video,..\..\data\workout_videos\chest fly machine\chest fly machine_28.mp4,30.0,2.6,150.52126471718975,13.663823018030651,169.5301116978533,155.86628867982265,3237.3843525573493,131.9473704769692,52.90657190844277,177.06934103983446,124.16276913139168,3360.4096815631274,150.9587644144877,147.8078607122019,157.59891566749906,9.79105495529717,252.0825337940397,167.9738884900872,160.6274133368422,176.0998541931579,15.4724408563157,159.0217552484762,142.3641202987066,136.72481576263343,147.89524669276835,11.170430930134927,132.11284751944817,171.14371516665162,163.79256608397262,179.9130857583306,16.12051967435798,253.52639358285643,20.439422607422557,704.1952514648472,163.0644270953013,5779.589299594676,1.8830006917317519,1.9364866368910612,1,6,-2370.2838134765725,60,1.5188137934905641,47.88380192562959,-40.81549072265659,0.6954412583734404
workout,video,..\..\data\workout_videos\chest fly machine\chest fly machine_3.mp4,29.97002997002997,2.6693333333333333,129.99668738203673,1.2513326815410812,179.8386091730168,178.58727649147573,2066.5567443183677,110.82986378596608,0.8294404377007211,166.1711920569925,165.34175161929178,1846.2499759409218,160.912269951208,156.01970645610882,164.18205314029973,8.162346684190908,156.29502266808385,161.35317121063918,157.1723218861938,163.71240879776704,6.5400869115732405,175.67984531761388,153.2307098880762,148.59017508635648,158.1326377779799,9.542462691623427,153.91261518308178,151.1421931754061,144.4586402620316,159.42065543833007,14.962015176298479,236.78171670627972,41.99279724182,766.7533851676857,32.382369468767045,800.242980799083,0.09894307454425189,0.07271531048940005,1,6,-2092.3945394249254,47,2.5114585958580236,1.082696807784365,-133.8899747713231,1.2184424235317037
workout,video,..\..\data\workout_videos\chest fly machine\chest fly machine_4.mp4,29.97002997002997,4.5045,122.45415295172985,32.32186260108603,167.17495631522442,134.8530937141384,2027.8402995274348,149.06262512510466,115.67358066960884,173.2362513204427,57.562670650833866,525.4341924937925,0.0,0.0,0.0,0.0,0.0,0.0,0.0,0.0,0.0,0.0,161.02677359801945,151.52285139091893,167.95071682511545,16.42786543419652,243.53367146585146,133.9510639175504,127.25148652312517,139.89064894444857,12.639162421323405,245.69521976183245,86.40187937063017,2146.8217633623676,96.33681024290134,3942.334673030279,7.966410319010379,5.008658272879529,1,6,-14918.240032359168,134,3.641707284624037,1.7992100821336947,-200.8672479863886,1.1082468050901653
workout,video,..\..\data\workout_videos\chest fly machine\chest fly machine_5.mp4,29.97002997002997,3.2365666666666666,149.51935875743976,128.83373950672924,162.63767789219847,33.80393838546922,452.07842213513726,120.19641421009992,28.731608921368604,178.311432246995,149.5798233256264,3008.732672807238,125.68387289779629,119.91917544935497,134.27142150331437,14.352246053959405,212.703176812927,137.61315339313978,129.42478293437426,143.36883478039402,13.94405184601976,259.61138503099994,122.16917009680019,117.05506536367139,127.15410859814705,10.099043234475658,118.79470254625006,157.1388196103914,147.68215846844504,169.14853037055107,21.466371902106033,251.98825445273624,82.10966279813992,2337.1562361137717,51.46914547854489,1258.571990513348,1.4276326497396212,-4.2913665771484375,1,6,-5729.813939182735,96,0.6240728710285471,2.9107596564318072,-109.909377731642,0.5200953526251484
workout,video,..\..\data\workout_videos\chest fly machine\chest fly machine_6.mp4,29.97002997002997,4.3043000000000005,134.39737961724433,48.04084708122464,177.44288423790545,129.40203715668082,1294.0651109416049,145.17160349531648,46.890603511343535,176.97228796596218,130.08168445461865,2884.6174669833968,0.0,0.0,0.0,0.0,0.0,0.0,0.0,0.0,0.0,0.0,0.0,0.0,0.0,0.0,0.0,0.0,0.0,0.0,0.0,0.0,121.67995578640326,4667.668052866872,539.9393846360689,15866.007594680863,0.06831868489581439,2.059363731971075,1,4,-5078.540233570648,75,34.70773212795409,67.48225357810217,-2155.5563577047924,9.597070935168231
workout,video,..\..\data\workout_videos\chest fly machine\chest fly machine_7.mp4,29.97002997002997,3.2365666666666666,129.80415842785047,51.29424215023089,171.9178562419118,120.6236140916809,1590.9209419197439,147.15124293157976,101.44668242018403,165.32384387267192,63.87716145248788,951.6273193234045,0.0,0.0,0.0,0.0,0.0,0.0,0.0,0.0,0.0,0.0,168.1199017995281,134.67816427340196,179.89945498866297,45.221290715261006,1046.150415084812,128.89385577482784,113.29848549730977,145.47437188419846,32.17588638688869,618.3259467271155,131.56768158599144,3293.277400456893,134.39869630926924,4266.590960736956,-8.483194986979186,-11.850352986653661,1,6,-9153.000154308274,24,4.303524694136004,9.946276958098988,-206.35282076322048,1.3929434114796795
workout,video,..\..\data\workout_videos\chest fly machine\chest fly machine_8.mp4,29.97002997002997,5.1051,154.79611186539975,80.46676700406161,179.90857807703864,99.44181107297703,1647.1768274486744,139.09573902002444,21.238825817067838,179.87031404659712,158.63148822952928,4662.3960189624695,143.0579592364514,139.03551438953588,144.5869297232385,5.551415333702636,154.04733620847813,140.8574506377506,131.16638787866128,155.4362857837603,24.269897905099015,244.0160536027708,133.5190455166879,124.5398944943814,144.53219425830332,19.99229976392192,280.93387074670125,173.08971945223297,154.30102543221375,179.95900077586867,25.657975343654925,481.8108000251958,279.9227368700639,9310.43095436924,592.6610827198627,21404.77286267317,263.2415288289388,-15.784979834923377,1,6,-11897.699051853408,86,40.66996510823567,88.05361718052727,-1924.7931633795897,3.7251260947028615
workout,video,..\..\data\workout_videos\chest fly machine\chest fly machine_9.mp4,29.97002997002997,5.1051,160.0767331393397,1.2930818784706049,178.8615003032574,177.56841842478678,4969.4126536681615,144.44205104991218,8.166077944256644,179.97987068600807,171.81379274175143,4964.226559336287,0.0,0.0,0.0,0.0,0.0,0.0,0.0,0.0,0.0,0.0,133.90698456726878,131.11889293449454,137.60657202008045,6.48767908558591,158.23839513561663,172.97085627805492,165.40363274348545,179.1982326049482,13.794599861462757,412.0843933682128,112.48773199456804,3820.373011728545,565.6003063273226,19237.224866187567,2.7228647867838163,-48.209295419546265,1,6,-7758.90558227358,98,23.28346636199279,40.83260185038631,-1331.690861628607,3.3978684743210095
workout,video,..\..\data\workout_videos\deadlift\deadlift_1.mp4,29.97002997002997,5.005,165.9266631233222,159.19358401227603,172.85879952981747,13.66521551754144,129.9917277963551,171.1330983458859,164.78906061932602,176.14494918241348,11.355888563087461,126.86200677733979,170.0636911489917,155.0291497601269,179.10590145217122,24.076751692044326,162.12648820483608,174.37676803413115,169.4479327525113,179.25696405512633,9.80903130261504,135.19811485156322,158.5612517173058,140.52193365120905,171.4804485209434,30.95851486973436,213.678970861196,162.77570440327824,153.67807406678978,169.00655410727512,15.328480040485346,223.22046833489938,361.9942069649097,1983.7191765604605,274.1730387317164,1495.8363566685473,-4.690653483072879,-3.190830006318947,1,6,-4932.483615909504,122,0.9043274128623322,0.4340307059776855,-290.15631585212344,0.34157231405965954
workout,video,..\..\data\workout_videos\deadlift\deadlift_10.mp4,29.97002997002997,5.005,158.8137625669311,151.43472666114866,165.37131143597625,13.936584774827594,150.63646565337635,167.51669394416592,162.99568273007046,174.0327809656107,11.037098235540242,174.2077744748664,174.684487503938,157.56570513329604,179.949494422191,22.383789288894974,390.0932578943724,169.14484494337222,140.9665658734423,179.95916942592308,38.99260355248077,324.5218571100387,168.59910011704085,141.77913869448082,179.87601703761993,38.09687834313911,723.4081651926335,157.19559260093996,109.85752380667812,179.2904318249965,69.43290801831837,477.3728322529075,434.9746323012911,1901.4223047494258,311.1829074533011,1903.5352068874645,-139.8379109700521,-60.07063069063071,1,6,-3097.7138281454036,123,28.067285886188596,88.98187612169075,-279.5482715526657,0.4659500410246482
workout,video,..\..\data\workout_videos\deadlift\deadlift_11.mp4,29.97002997002997,4.037366666666666,168.12718502885082,159.9400944808057,173.05237042413827,13.112275943332577,171.0358413717631,169.00450279873357,162.39504683368318,178.68198888691856,16.28694205323538,410.412088842225,167.68062534685248,124.35249367070276,179.98478227166382,55.63228860096106,1418.8103000766664,162.1065430438814,118.7022037351286,175.57831059127557,56.87610685614696,1702.4044626146315,148.16874129412955,106.41575918218294,169.9558126089954,63.54005342681245,1469.4501621327206,145.18692308703962,100.444056475297,169.44330994079183,68.99925346549483,1904.2543350161645,525.7729026344732,11448.780443457594,393.319413238417,4935.952393664016,43.22265625000006,29.441070556640625,1,6,-383911.80818836787,7,13.320438659151726,2.216562919455529,-873.5414975649337,2.197413234732467
workout,video,..\..\data\workout_videos\deadlift\deadlift_12.mp4,29.97002997002997,3.1364666666666667,160.9564310736955,149.16889190822207,177.47510145558496,28.306209547362897,746.442023725443,167.4718172652701,154.74496919209597,178.65150862777455,23.90653943567858,580.4614857753153,151.91028897541074,73.19788826730175,174.56570421930093,101.36781595199918,2539.2966861511877,172.566312584805,82.05432833180735,179.52890155022953,97.47457321842218,2366.648896011145,139.15505874472703,53.17304091498182,179.99493844781443,126.82189753283262,719.1514244699555,142.0536186909871,55.006286086097774,179.01227006184692,124.00598397574915,726.8780352676227,535.8789160058691,6734.86368668876,491.6171714550781,15663.524720853977,0.847808837890625,-5.700147859342792,1,6,-347598.87908143474,12,10.808947167705824,12.607330507336151,-1369.0298349111808,2.9853612851170332
workout,video,..\..\data\workout_videos\deadlift\deadlift_13.mp4,29.97002997002997,8.775433333333334,168.86686381646587,153.48434784860532,179.31359283278934,25.829244984184015,260.7517778941101,162.21930763058637,154.78920260966865,172.65817828833838,17.868975678669727,281.9801256020404,170.238216475104,143.81635038082462,179.95527859051845,36.13892820969383,241.0644169929754,174.8887498895489,138.69128349024263,179.97563678849872,41.28435329825609,431.563522369949,157.66838909320342,123.72301370292317,179.98746279372367,56.2644490908005,294.8135627647842,167.79827132772346,122.40881728851124,179.97302603516306,57.564208746651815,384.7457534859218,366.31742890898187,8307.140534349352,792.0231014103049,22507.52531392642,275.95906829833984,99.27650896708172,1,6,-22696.020809235717,225,26.245730455208633,68.15406908843325,-1030.573003656499,1.6741032863729146
workout,video,..\..\data\workout_videos\deadlift\deadlift_14.mp4,29.97002997002997,5.005,162.19605426306293,155.74183690639933,168.34218944381286,12.600352537413528,194.56413229858288,165.45453717950966,160.87975509977701,170.39725614873512,9.51750104895811,156.90319133706626,168.40486390123388,137.9059153422066,178.69396431491572,40.788048972709106,303.43952331001935,171.1600853879239,158.1927123566383,176.5013567082197,18.308644351581393,225.30499260074305,158.56685706305575,127.46845835926739,172.59543004569278,45.12697168642539,251.08812524820678,166.46847438462476,156.65706704694432,172.11731254016644,15.460245493222118,228.13422620503172,287.52570671515883,2407.783343888292,211.6810263495697,1623.308013537084,-40.56231689453125,-30.87162152458643,1,6,-3486.659059479752,2,0.022682457963504633,6.237502273427534,-241.3506598382107,0.31175527201825876
workout,video,..\..\data\workout_videos\deadlift\deadlift_15.mp4,29.97002997002997,2.2689333333333335,155.84733403800428,129.00898575047054,170.6316268126167,41.62264106214616,317.3607771677098,171.0683507026772,155.88410554999507,179.86521619421544,23.981110644220365,675.1738847855754,168.78992346852152,108.66983395735663,179.95899463056386,71.28916067320723,749.0508682358147,155.7780551344821,96.86403787135492,179.8322114552957,82.96817358394077,1194.61782007555,142.25897658550645,53.73968471929346,177.41283652289727,123.67315180360382,855.646028133615,134.84494415508172,56.37732593755843,179.95301389622867,123.57568795867024,713.5545379138445,1292.817595002653,13204.447194376944,642.7282624906832,18365.765784884894,-47.40888468424481,-31.395496640886563,1,6,-15619.346883175825,18,13.3379128201564,10.822543587483684,-2235.4111037887888,3.421056334739518
workout,video,..\..\data\workout_videos\deadlift\deadlift_16.mp4,29.97002997002997,3.636966666666667,165.0844683788223,158.84206921895304,172.74362184238313,13.901552623430092,207.81720602395643,165.30991040313089,161.47171975321788,177.58418209293455,16.11246233971667,176.1019632071627,139.8110601367303,117.71916301729905,179.98092948400512,62.261766466706064,323.4574832371015,144.57482301280052,119.28319858919842,170.32006758864674,51.036868999448316,493.2192831057434,119.21854939613591,98.97935503287995,156.16168551296195,57.182330480082,248.18228093733384,122.93452816385229,102.33609124529553,152.5345846955589,50.198493450263356,338.71418070423414,350.1812518536141,1751.0795249291914,294.7696117072272,1902.8766986203477,-264.6020100911458,-188.22834329044116,1,6,-5298.836724978656,79,4.053103808075587,7.965759677926029,-109.03482503824232,0.4812600338760071
workout,video,..\..\data\workout_videos\deadlift\deadlift_17.mp4,29.97002997002997,4.9049000000000005,165.11685218351033,152.60172803323087,172.36397496774285,19.76224693451198,223.35346435343493,164.0319043891387,152.16970941606758,169.12987869081968,16.960169274752104,372.07108699266695,173.42470222506927,157.27338264752052,179.56791004132535,22.294527393804827,443.72982354276417,172.51232239961945,149.62241681916257,177.53903837133095,27.91662155216838,476.41420304393614,162.6543163996039,131.60808180410618,172.2982223122978,40.69014050819163,448.44298379768037,165.50551185871308,140.79292868551147,172.0019608748666,31.209032189355128,400.9995679911301,547.5726056170396,2719.2286233293844,387.09793767812795,2038.5342388636452,8.376261393229129,4.3041597254135695,1,6,-5340.5123652260145,137,5.950429724624836,13.391024999015597,-464.76302018294274,0.6879081966423852
workout,video,..\..\data\workout_videos\deadlift\deadlift_18.mp4,29.97002997002997,3.5035000000000003,175.34727192307113,168.92445706298082,179.62578449106573,10.701327428084909,91.35101908626226,163.30591511272974,157.48899558228672,171.09838453307026,13.60938895078354,131.216335123485,123.0453958951639,90.23738395456222,178.47432378099958,88.23693982643736,381.944583848763,141.3611513293975,117.08547945264044,169.22614696406237,52.140667511421924,489.42112222588094,96.3720641290323,63.314715826293536,161.96490198293014,98.65018615663661,361.54439919117874,131.78678393603113,108.89457986290883,151.45687532946442,42.5622954665556,384.7501384261311,241.2291992675307,2639.0990456222166,289.15373318034335,5789.880436284217,-273.5367329915365,-203.11945960100957,1,6,-5859.286919413419,71,-0.101836862395187,4.451631320173322,-76.23297113043206,0.43617070778291
workout,video,..\..\data\workout_videos\deadlift\deadlift_19.mp4,29.97002997002997,2.0687333333333333,173.5740292725737,167.89891330345247,177.84347903799355,9.944565734541072,132.44418773346362,165.77798618117356,157.1605004823648,172.59183674163344,15.431336259268647,192.24224808374822,139.7818202259684,79.84676294006398,179.7409941887871,99.89423124872313,722.4567558030436,151.4483564221444,120.82269755568912,177.51243253555637,56.689734979867254,475.7062823109047,116.14206713560802,61.621729827293855,162.7720429967022,101.15031316940835,521.3940864305517,139.3046738209959,110.48418983886991,154.70823723591388,44.224047397043975,499.931467559462,278.5851233727209,3323.0594204044583,282.59323186471494,3751.7919179480214,-244.29438273111978,-189.99599108976474,1,6,-11273.732155511469,2,-1.234112753970158,0.6160610846046726,-40.36954256681024,0.19319176461206555
workout,video,..\..\data\workout_videos\deadlift\deadlift_2.mp4,29.97002997002997,5.005,167.01744878438492,159.86410256492283,173.68664791623146,13.822545351308634,123.07429455445019,171.0563043148635,163.89970588214806,176.31807246682052,12.41836658467247,117.55818558091343,170.84549165176261,155.78246645876015,179.63870196115474,23.856235502394583,181.18425402900232,175.7771187376786,169.63379531777716,179.9537253117825,10.31992999400535,208.4559320007716,159.21254993445498,140.68671285165757,171.74510582894976,31.058392977292186,186.44138525515856,164.14019508705175,155.17745174764383,168.90207164940335,13.724619901759525,195.289877042409,399.3591247619572,1946.3013738025859,301.01655654203245,1880.4993493749391,-5.411865234375,-4.353187112247269,1,6,-6430.219069142789,121,0.06840516540063422,0.12360482727689474,-285.63648265796974,0.31114767516346153
workout,video,..\..\data\workout_videos\deadlift\deadlift_20.mp4,29.97002997002997,1.9686333333333335,159.55179798769205,153.20680826477215,168.69993425495497,15.493125990182818,307.44909227260666,173.3149674470363,152.23045863195463,179.06224206088908,26.831783428934443,723.9536956209323,173.04354415830196,156.76904707793608,179.64209527004095,22.873048192104875,264.21139279257085,167.6703153113693,134.98715503888602,179.86915463327082,44.88199959438481,426.59963969435245,167.35180367372254,150.35430520004027,179.7066730425236,29.352367842483318,252.16135968240303,153.28906506237138,113.85547228036775,179.74086240044412,65.88539012007637,329.2760094882114,564.9970147040467,9245.92951332996,549.1682999617567,16281.11120665239,-304.9962437947591,-127.14439900716144,1,6,-14017.268827887854,58,0.0013063895791288248,-0.00018798385291770515,-419.2703658646075,1.1194229987702438
workout,video,..\..\data\workout_videos\deadlift\deadlift_21.mp4,29.97002997002997,6.5065,160.12544603346902,148.7704403309425,179.9762477001426,31.2058073692001,593.4975475109986,173.22931723717898,156.9067146573312,179.88584677594181,22.979132118610607,409.23610625834476,163.15958975949744,94.02961121416922,179.78932339082033,85.7597121766511,423.47175233172294,159.85855926513577,90.88524704632466,179.8891773255023,89.00393027917762,429.5377488479566,146.77271685628597,64.96471318624711,179.82355524293268,114.85884205668557,457.85154557857516,138.66927233423638,57.19028734199263,179.86328823333562,122.673000891343,315.53574125347717,567.6491172401818,7022.26314870505,543.51020645309,16484.910572114346,-302.4045181274414,-141.774408976237,1,6,-7634.347389136077,5,14.048410037811587,23.311054220265113,-695.2612511999732,1.10063760302175
workout,video,..\..\data\workout_videos\deadlift\deadlift_22.mp4,29.97002997002997,2.3356666666666666,164.50835833048671,155.98666008359643,175.81099076580588,19.82433068220945,405.8201532550622,163.75397643362382,150.9818700457526,179.55002679224245,28.568156746489848,415.01490775275994,135.25152462347395,55.164678592864284,169.4990007277026,114.33432213483832,1340.6877385586401,147.85148891305766,63.025708376404324,178.7863086822478,115.76060030584348,2498.359799906504,123.65694125506883,41.37524619536484,179.8286077584706,138.45336156310577,515.9528806364525,126.30222028417653,48.492639696607185,179.70647758581586,131.21383788920866,573.0173187603432,300.563267299107,2279.512791583719,263.3023235483802,8007.813321860492,-262.1938120524089,-151.85896234197935,1,6,-6306.102192637572,10,8.362670289901772,2.4122749199241693,-186.878246265455,0.9244675014583028
workout,video,..\..\data\workout_videos\deadlift\deadlift_23.mp4,29.97002997002997,2.4024,167.3633881731823,142.23378829773932,174.95702672797034,32.72323843023102,727.6392558631627,157.80424616713356,143.05430498630358,167.0771905718198,24.022885585516235,342.94659795426463,164.4926893709323,134.3402864928224,178.11709843675888,43.77681194393648,496.25690846909066,172.4642435100757,146.14221163335378,179.87887652553744,33.736664892183654,538.0131755342755,132.3374666103646,16.347638511567407,179.9190878658394,163.571449354272,1601.7458314020723,136.31668163926048,5.753649502411379,179.5705297305467,173.81688022813532,4543.806472674108,749.7821392474713,22470.9931842399,645.3951251760545,19953.856864228015,-4.1375732421875,-24.320981832651,1,6,-24696.133573828145,7,11.203048409067868,40.25305331863527,-826.6496686906833,2.5988570286476285
workout,video,..\..\data\workout_videos\deadlift\deadlift_24.mp4,29.97002997002997,3.4367666666666667,161.26469148226562,131.60606135850696,173.40306344566415,41.79700208715718,624.6345070050696,159.53608141974428,134.98213906551823,168.4994780723632,33.51733900684496,493.4848307685313,164.59417994064586,134.37001610160078,179.96681760144645,45.59680149984567,658.6400451145518,170.05415119078273,154.3341121972996,179.7654460568228,25.43133385952322,413.000591020871,113.42420104660602,1.744233845745885,173.92128764908324,172.17705380333734,1327.7263949959256,128.1937801518338,1.0962959134491714,177.0132211184035,175.9169252049543,1126.4050173785054,1035.2914907358268,13771.271810107974,715.0335429018362,21592.184310773675,-44.73201497395837,-7.103026756873533,1,6,-21454.6656495822,93,-3.1498634052459047,39.47052660982786,-1720.6760219760708,2.673316245425871
workout,video,..\..\data\workout_videos\deadlift\deadlift_25.mp4,24.0,39.083333333333336,172.68922416770525,127.94103815997626,179.99590991458567,52.05487175460941,1151.7893407130377,155.63317639558466,75.23915843922015,169.02570024076152,93.78654180154138,1402.2199722698726,141.76643130260666,89.03389667919085,179.93432923221238,90.90043255302153,641.8005227189261,157.77366703852118,120.1485887022927,179.9936459734265,59.84505727113381,418.40100571214793,124.36264831114501,58.142101591048316,179.99184492390634,121.84974333285803,938.9122172957274,134.06202622394707,71.76206547828357,179.92195628496438,108.1598908066808,625.5830900378376,1218.0410644531248,30933.872460937477,607.6918505859371,15508.050520019544,-5.13970947265625,-9.92637825012207,1,6,-65578.74257812495,278,4.043477065049255,12.048361213228072,-1255.7625000000003,2.44800561229133
workout,video,..\..\data\workout_videos\deadlift\deadlift_26.mp4,24.0,7.5,164.80188068882197,151.02803663027223,176.04018023608918,25.01214360581696,290.93051437486656,154.04272321534876,134.9577451640922,166.83049857929726,31.872753415205068,463.48451756015083,133.90805905377417,78.629248002507,173.02408478572332,94.39483678321632,390.52614592370855,140.90986944125734,84.5088119224879,179.27304811279268,94.76423619030479,392.81104827755735,120.51544865650726,42.79897192753258,177.83120597967016,135.0322340521376,463.0950899643781,81.55492274823526,50.03638963937775,155.208982603432,105.17259296405425,462.57635699355683,568.137255859375,6933.318164062499,390.8208189352963,6396.407460937506,-251.96243286132812,-73.98326958550348,1,6,-8901.847265625003,139,11.8150914243003,14.51769707098364,-510.1549072265625,1.1742470506091394
workout,video,..\..\data\workout_videos\deadlift\deadlift_27.mp4,24.0,6.875,164.6787859843779,146.5706970025031,178.11875503446785,31.548058031964757,139.1622712505714,174.19899277375126,162.50993988665826,179.87768421341357,17.367744326755314,154.18094297033008,153.5092601633811,99.19783652504266,179.34350433948927,80.14566781444661,511.1706320320993,153.47110906308194,92.88586948525308,179.74352802732466,86.85765854207158,440.8328431613579,137.7402696722152,67.21566763959368,179.76886803088271,112.55320039128904,495.66466866167366,136.20548828824556,60.23947790426875,179.90713670227106,119.66765879800231,548.1897056840771,425.93759765625055,7845.556640625,278.4306976318362,5617.3172607421875,-173.14734903971353,-128.34772109985352,1,6,-13861.8896484375,1,11.952388952980145,17.9491284384846,-294.6791015625008,0.8672159768981769
workout,video,..\..\data\workout_videos\deadlift\deadlift_28.mp4,24.0,8.0,154.65112592685315,77.74488144828597,178.27647258434823,100.53159113606226,1468.1258306778855,158.4460375217281,86.61387846485191,179.99068610897217,93.37680764412026,1589.599956385694,173.44365401009387,131.93031596259152,179.98023819238483,48.04992222979331,1004.0872632682917,174.16567354222678,148.6301068293525,179.96389627743184,31.33378944807933,611.0383988395718,172.1727368685706,142.00800967850356,179.9974885575183,37.98947887901474,756.9979524456544,168.9321321859398,154.7095692650478,179.9970997202418,25.287530455194002,449.049253398063,655.7960693359375,16165.161328124996,1476.6168500114882,64332.35272575827,-64.96643066406249,-123.97758753159465,1,6,-174148.224609375,1,51.12931316511985,35.05913372537984,-5234.775146484375,0.9341046425931689
workout,video,..\..\data\workout_videos\deadlift\deadlift_29.mp4,24.0,4.291666666666667,166.37020415003485,148.94818775665308,179.7481919733859,30.800004216732816,398.61130598471277,157.7942249687431,149.37119088291624,176.68080308875025,27.309612205834014,276.0873221134775,139.90473853858884,96.42086534790846,163.57195333014494,67.15108798223648,747.3482401157321,161.1744603235818,158.61838425404713,163.59537511016046,4.976990856113332,78.03724202057629,111.39959218091315,56.387160110041435,179.98037245969329,123.59321234965185,315.64044291964206,119.78346447128848,62.13324124404937,179.9372855080289,117.80404426397953,324.28703916446045,497.44135742187564,4121.33554687502,400.9222952706468,6960.487692522369,-61.85581461588538,-15.914520690491202,1,6,-8105.166210937474,102,0.23756465412787847,0.22215905708259054,-1087.7482177734364,1.3557102385783044
workout,video,..\..\data\workout_videos\deadlift\deadlift_3.mp4,29.97002997002997,5.005,167.7753377263409,161.79431335459398,174.95568500191416,13.16137164732018,175.19745254453164,170.78513687819532,163.58024974249852,179.88285003954468,16.302600297046155,182.92170891844273,158.41491104489717,121.3843168610351,179.9571231138402,58.572806252805094,903.5783437539351,155.4047861635409,120.01426478224906,178.93458830061522,58.92032351836616,836.4939332436649,124.24290401916589,64.85907502664573,179.69525331319565,114.83617828654992,412.79895265811564,128.41758804439573,66.01857856332047,179.99649088073707,113.9779123174166,427.3021957350354,323.27243069430466,1633.160268958062,411.84880324003024,11825.76096870791,-14.699808756510436,-8.638736979166765,1,6,-12287.779097385444,149,6.7407501783031645,8.726692173248969,-1366.1241102647352,1.589263724250797
workout,video,..\..\data\workout_videos\deadlift\deadlift_30.mp4,24.0,7.708333333333333,161.31656496519005,139.24516923340192,174.82894637561293,35.583777142211005,276.39329351440847,175.38123174742753,169.7472388731963,179.96162728792905,10.214388414732753,206.63689076341007,162.0418135046072,123.98462180046859,179.48060143566158,55.495979635192995,468.6985379869752,159.85117051472653,115.87935182867432,179.90708251012413,64.02773068144981,513.7742256117642,135.2211423898625,63.83444390487455,179.53141471345353,115.69697080857898,523.8305947982172,131.84237217942783,56.20221486437377,179.86151259894842,123.65929773457465,413.2974355221827,558.3788574218743,13697.190234374972,297.07548980712727,6342.467666015611,61.70875040690106,32.13627052307129,1,6,-18430.570898437487,2,24.18262918702094,48.83790537348964,-622.6756347656255,1.3024741615585613
workout,video,..\..\data\workout_videos\deadlift\deadlift_31.mp4,24.0,6.0,164.93715165068065,157.00647287509793,177.97979077534265,20.973317900244723,368.31779973022253,159.307986276944,150.26839047592256,169.36130100557824,19.092910529655683,306.5944447623874,142.40628291540486,82.8090268346448,176.4340485706223,93.62502173597751,475.34990110682054,146.98755159458597,86.3089048836494,179.99742388731315,93.68851900366374,516.4501504208276,83.45629715421046,47.24764395361495,166.2887347369733,119.04109078335836,1110.7613086764554,77.23538570872543,50.904579994839736,112.32418957745367,61.41960958261393,390.57677217068965,508.18559570312505,6740.258789062503,384.6275537109377,9284.234370922077,-77.97077941894531,3.9838424682617415,1,6,-8904.8935546875,1,11.801766780187602,12.143408443261757,-401.1659912109367,1.440368302489686
workout,video,..\..\data\workout_videos\deadlift\deadlift_32.mp4,25.0,4.2,158.0906823252164,139.36106770887054,168.3191668164086,28.95809910753806,304.6033535948098,173.3381538580483,158.11597276863785,179.83062040321332,21.71464763457547,259.438212669486,143.6399235451105,83.10722350491369,179.9746255290893,96.86740202417562,216.49215210508999,141.9660621421423,80.77229810066979,179.78958000349417,99.01728190282438,237.56986782914174,124.06446381542453,52.940068150715035,179.0689161911317,126.12884804041667,149.66787959831044,119.74821822813006,52.82504404865658,179.97347420581147,127.14843015715489,187.40419886956872,259.852269490559,6538.777033487941,264.7032267252605,7538.249148554001,-201.17501322428384,-98.20998375232404,1,6,-8734.626770019531,1,-6.1951121789218115,-7.042737545088623,-280.6545257568331,0.14656305322510305
workout,video,..\..\data\workout_videos\deadlift\deadlift_4.mp4,29.97002997002997,5.005,167.54688847916665,160.0665389166162,175.5152083144823,15.448669397866098,186.36830771906762,171.14371904608876,164.33358926292325,179.93340181375422,15.599812550830961,163.66815994880588,157.2927016195894,127.03517887282335,178.82600734491723,51.79082847209388,1147.6183476830406,155.2872165181328,121.6164458356008,178.3639807307759,56.74753489517509,525.2834792215465,122.56624025405942,68.97757512231748,179.5937450428836,110.61616992056612,323.10865313245745,125.06966464816387,70.37093622514628,179.9288427565504,109.55790653140413,293.3100445718518,316.91096379206755,1910.4112758261717,317.25598968553794,11244.471245231527,-98.27384440104169,-123.41788377028251,1,6,-6830.43843283254,140,12.656544517634465,13.93326137449945,-1448.9924138361646,2.7369134722546846
workout,video,..\..\data\workout_videos\deadlift\deadlift_5.mp4,29.97002997002997,5.005,169.54613321428477,160.38881111551368,175.54476051228056,15.155949396766886,156.50879503309883,172.0393563341656,164.6039823470349,179.99602805082867,15.39204570379377,144.34166889816208,155.84222902584048,119.59540459192107,179.6946485008677,60.09924390894662,1036.3339107311072,152.49493465154708,117.80472779634093,179.05407642524167,61.24934862890075,793.3271087577192,118.50309809813162,67.53570059029343,175.99881125715285,108.46311066685942,382.3557355451524,121.56460639193732,68.03397745570025,179.9516415944507,111.91766413875045,345.7563867136019,294.30420653565307,8629.136296512923,336.9312450245054,8611.709836989616,-136.69522094726565,-49.01552204509363,1,6,-11576.913940907369,149,1.0916681429813737,5.5320405879714745,-378.3094347059191,0.5606693932663281
workout,video,..\..\data\workout_videos\deadlift\deadlift_6.mp4,29.97002997002997,5.005,155.93438833175998,139.37556887794827,168.6834137211667,29.30784484321842,489.40313158305975,176.0501354277959,166.41630441170955,179.87078087690747,13.454476465197928,273.8815373595829,163.95914654135896,134.0108348131257,179.78511482554626,45.77428001242055,157.54381568528245,158.0159350737924,122.74650779685867,176.36891430819222,53.62240651133355,246.01732294741282,142.21531753779234,80.94578326177556,179.7646258854488,98.81884262367323,266.93887345252244,132.21084403762458,65.41617417766973,176.34027732561785,110.92410314794812,319.61071843645135,325.97096507008695,7081.746326235972,457.2892970938088,13908.327917978966,-219.55503845214844,-99.14538121485452,1,6,-44217.212885336754,97,14.780604690359445,18.307920461173605,-541.7799973464035,0.38659199477171263
workout,video,..\..\data\workout_videos\deadlift\deadlift_7.mp4,29.97002997002997,5.005,163.29962904308337,152.6699136286448,173.45521126988206,20.785297641237264,298.8113228824141,167.83595055645532,158.78063657622496,175.37961576343616,16.5989791872112,299.8051915270335,127.61731989622271,82.01604846756186,179.87616697476133,97.86011850719947,1106.5224072653339,128.0487026564775,82.7057536282254,179.8800386740427,97.17428504581731,899.956386687446,105.27908118350344,55.89417740223678,179.34415099791775,123.44997359568097,615.8190843440804,107.83991307950188,61.328425337206816,179.46030924657228,118.13188390936546,671.9099923319666,585.9203052806579,4908.615969795912,397.01252378341445,7350.006097861011,1.8639933268228788,9.337286376953102,1,6,-7670.324288520464,2,4.321353780310512,14.715002161379834,-1119.41189913602,1.362718586925467
workout,video,..\..\data\workout_videos\deadlift\deadlift_8.mp4,29.97002997002997,5.005,164.61661944403795,155.5448711932188,179.2954173453462,23.750546152127413,288.7043656019285,165.47140924303335,159.96273751725585,175.5788915588529,15.616154041597042,233.84092093333936,128.50975369000787,82.80984380432078,179.8414590312461,97.03161522692533,1266.3346868048695,128.503597878926,82.22477156787494,175.85898766653037,93.63421609865543,971.9085548827984,108.53339356111695,56.598404519861255,179.92975839420578,123.33135387434453,879.1903640031951,109.94637594351657,61.411404687983605,179.61003112511602,118.19862643713242,757.5886944881305,695.3380176951953,7812.7060086749625,448.2507339026755,10072.104995248324,-3.0621134440104925,13.54399007161453,1,6,-9655.317161531671,148,-0.7914828759964659,-0.3473733075360251,-1259.6467253449675,1.790585803093832
workout,video,..\..\data\workout_videos\deadlift\deadlift_9.mp4,29.97002997002997,4.9049000000000005,158.20127189305353,132.97399736387163,171.1027444502736,38.12874708640197,340.864210364116,176.87299682106027,169.60166893160758,179.98680385199364,10.385134920386065,224.0775721214986,163.30218431664696,131.23742929130734,179.97119947668958,48.73377018538224,270.96090332785127,158.1249850760868,120.98997618224463,175.828273345682,54.83829716343736,401.86586285841827,146.12676856892716,104.37216155776198,179.1258497018079,74.75368814404592,290.29521092734075,134.95516037137565,81.86869322402553,176.57052441271816,94.70183118869262,332.87095004318877,422.7205594698277,14868.231456940546,352.7572769027816,10490.301182563491,-19.565948486328125,9.593799772716693,1,6,-62866.86453687418,57,1.9041826612012023,-0.5539806249316221,-345.827329408871,0.5741092494044391
workout,video,..\..\data\workout_videos\decline bench press\dbp_1.mp4,25.0,21.64,56.38796351232669,1.0519009619980217,179.71435433694674,178.6624533749487,3973.8811806973595,82.79047139464113,12.59790187150268,179.82680570449284,167.22890383299017,4180.7225958247545,0.0,0.0,0.0,0.0,0.0,139.783272786952,139.783272786952,139.783272786952,0.0,0.0,125.59453895131298,79.59545783070986,171.59362007191612,91.99816224120626,2299.9540560301566,161.86100536674564,155.34400788972715,168.37800284376416,13.033994954037013,325.8498738509253,2728.3709049224854,119437.74406115213,2296.5559444730243,102168.22083430122,-39.20015462239583,-30.28245883517795,1,4,-19380.302429199186,11,11.782089868604094,17.92009672606168,-175.00629425048828,38.105341336876684
workout,video,..\..\data\workout_videos\decline bench press\dbp_10.mp4,29.97002997002997,10.8108,116.43813279508457,8.94218735688994,179.9984470709294,171.05625971403944,5126.561230190992,80.65035949118375,31.695799427767774,146.32695580353882,114.63115637577104,865.2582634544058,146.7502265439238,137.00774850447502,161.9115960889074,24.903847584432384,407.51679819375033,165.95080065172482,134.20416956819483,177.87872908701647,43.67455951882164,505.4577510840061,171.02767557586054,157.66165301109578,179.97265642265717,22.311003411561387,563.957154406137,130.86493703934704,111.39020187649172,157.90742620414005,46.517224327648336,528.1773422945636,501.94620443033403,17550.43151329977,1158.7743167255321,69214.32990960884,149.49723307291669,77.46249246036302,1,6,-16668.594993956165,250,90.07819173289052,404.2583202932322,-2258.1197489034407,19.48369626607114
workout,video,..\..\data\workout_videos\decline bench press\dbp_11.mp4,29.97002997002997,10.9109,122.4700956937395,6.249077395886064,179.56607580921846,173.31699841333239,5133.595436722331,73.87516583572791,27.37600863782741,162.19824177718718,134.82223313935975,3088.756829588742,142.21044961480337,135.56619269993348,149.54609128625128,13.979898586317802,384.6963127525255,164.29598744609112,127.16154305114298,179.74559106538038,52.584048014237396,702.2256604450077,167.0977874887558,124.21026096927903,179.549211260667,55.33895029138796,1080.7776439122003,143.0336261662143,129.79252150329313,173.7767304841226,43.984208980829465,693.5744938560283,873.3287891307916,29714.371498685912,940.6882180319685,33895.99461038998,85.22661844889325,70.72069064053625,1,6,-272591.30352966435,280,99.95750774382152,7253.1612870353765,-1990.8622261527535,860.2279870757558
workout,video,..\..\data\workout_videos\decline bench press\dbp_12.mp4,29.97002997002997,4.170833333333333,120.13585813019729,30.13113216098435,178.0013329195972,147.87020075861284,1709.4920620891799,94.62941308358515,38.925690597320866,130.778903352211,91.85321275489012,2087.6191282216837,102.71838875606365,36.536055216955425,138.28382242059635,101.74776720364093,1653.9314418581223,141.94098859351791,138.8522522628203,143.5614418753268,4.7091896125065205,136.57400738020988,77.66258134231114,45.874897491723885,97.93886225498711,52.06396476326323,1315.3696425013247,100.2169925195374,77.98085195358667,108.99735453485239,31.016502581265726,825.1298515249473,1879.1731035078212,46922.3522695929,1388.2687137081684,31540.142835745708,-17.016250610351562,-91.03285853068036,1,4,-99383.47086352279,21,99.4623143796183,182.52444827141,-3021.5870555226015,36.22998200849829
workout,video,..\..\data\workout_videos\decline bench press\dbp_8.mp4,23.976043137696813,2.8361644,85.59059600775336,17.665937791692414,179.83256082458712,162.1666230328947,2547.025300577784,98.25264789140151,27.529010361554864,173.68961106678063,146.16060070522576,2004.7164855172916,161.2430953320011,133.0568925564333,178.67983836088155,45.62294580444825,499.4001106013243,148.95926188733392,125.94648861658584,175.07627288326836,49.12978426668252,612.3909762812953,141.1548698615871,45.45425479220913,177.507624684578,132.05336989236886,2999.8436618287956,149.02927286353307,89.39580943057673,178.01247035212145,88.61666092154472,1285.2262895446736,1082.9856785615455,26043.707744576295,2021.5045812096969,48612.611970593854,40.65919494628906,-39.03102150941504,1,6,-15725.880746062629,2,51.151111691302766,110.13000756582265,-2706.717615727114,19.060284411898287
workout,video,..\..\data\workout_videos\decline bench press\dbp_9.mp4,23.976043137696813,8.0079936,119.80782630279201,35.361153752377376,174.53221168062026,139.17105792824287,2522.4492405337137,87.04779114061384,22.58261992719451,141.02095914237032,118.4383392151758,1547.6427774701715,121.32009420228407,32.5005137399684,170.63967734945857,138.13916360949017,2095.831195910489,139.43553787539912,29.114604414131882,171.00985631653413,141.89525190240224,2730.083632168966,147.69037347980623,2.143385953744953,179.5123311462847,177.36894519253977,3999.0143809211063,138.33431942189713,2.4387744075568087,179.7308565105934,177.2920821030366,3857.351044627931,956.684364186432,21780.71339522276,978.3215943636931,27312.365656262406,-155.26467895507812,6.749233669704836,1,4,-49326.823683867835,181,59.152143813900636,117.93955323311445,-2398.5540483886,21.70974921001422
workout,video,..\..\data\workout_videos\hammer curl\hammer curl_10.mp4,30.0,2.8,106.9311875830253,70.47328113664305,162.3261127891146,91.85283165247155,467.2268127607998,118.01632498337682,55.11051422685316,160.81006854704023,105.69955432018708,2219.6000643194466,0.0,0.0,0.0,0.0,0.0,0.0,0.0,0.0,0.0,0.0,175.36973263386957,172.70125133326488,176.7213713439333,4.020120010668421,119.55971673437006,0.0,0.0,0.0,0.0,0.0,452.70373535156267,13332.469482421886,791.2945945046164,32899.85488336739,180.5174611409505,37.03004178133875,1,4,-17694.42626953121,2,16.150904624007243,125.35382073918868,-912.3479919433566,1.8871735306924942
workout,video,..\..\data\workout_videos\hammer curl\hammer curl_11.mp4,30.0,17.6,126.11621531730479,9.517150143805079,179.99706235804905,170.47991221424397,4617.048404216967,103.92602377539859,4.836056588607869,171.69050391565318,166.8544473270453,4108.883948911374,168.2628587872243,129.2607564629997,178.96067071673826,49.69991425373857,1127.2696350365911,164.79043872624337,99.38519887161111,178.91643938127527,79.53124050966416,2311.7129884367723,172.88266969886766,144.51443205836821,179.2270482654909,34.71261620712269,850.1226617487341,170.1307116298151,86.62624984481921,179.90155615148555,93.27530630666634,2583.6969745816036,366.8363037109381,17162.98370361324,901.2217193603533,39962.8024907473,0.616455078125,1.0218643460954695,1,6,-125067.049255371,384,36.96900834849192,88.5657076570577,-1945.5947570800772,2.4429738317255936
workout,video,..\..\data\workout_videos\hammer curl\hammer curl_12.mp4,30.0,3.1,109.73718433231609,3.777725078551435,158.37424135432718,154.59651627577574,1757.792667184442,139.84000691943103,58.66732631966146,179.96138721891228,121.29406089925081,525.6673779909198,174.23963377658285,170.48566230163033,178.97146806271522,8.48580576108489,110.06878180662142,171.18325548123184,166.80266775084527,177.06179658210044,10.259128831255168,201.07925469031613,173.6355373266072,170.44974722808993,176.38202020992023,5.932272981830295,101.34835776397978,174.81232474910146,169.31467737546544,179.38047253537223,10.065795159906799,108.65337415242124,32.05996704101551,630.7415771484528,110.09825706482104,3499.300608915405,11.739456176757812,36.89061641693115,1,6,-3015.3790283203025,2,1.6374763133244814,13.99504903099889,-54.68966674804619,0.3203874097489323
workout,video,..\..\data\workout_videos\hammer curl\hammer curl_13.mp4,30.0,9.7,104.67272007363225,5.13098608743151,161.42659500077775,156.29560891334623,1408.9177270278706,134.58538529962354,66.52080884711322,179.37246180359637,112.85165295648315,456.91817678925236,0.0,0.0,0.0,0.0,0.0,0.0,0.0,0.0,0.0,0.0,174.8172323748113,169.83608324846097,179.9421823315143,10.106099083053323,234.74263131905104,177.42557630566515,172.99507220381824,179.98519297491157,6.990120771093331,162.65944650624476,42.15856933593699,791.3635253906335,178.77549123239987,8709.236564217083,-16.49640909830731,14.850763593401211,1,6,-3235.319824218709,78,2.2095194487320233,21.082077911879434,-151.1598815917955,0.5861905301437792
workout,video,..\..\data\workout_videos\hammer curl\hammer curl_14.mp4,30.0,1.7,115.88203971035499,54.393201240163314,179.7055140566296,125.31231281646629,582.348756917857,84.75769742795292,6.907755560696701,161.15889597789487,154.25114041719817,730.5359303400419,157.5504746830728,157.5504746830728,157.5504746830728,0.0,0.0,114.9331806938676,114.9331806938676,114.9331806938676,0.0,0.0,172.91993234439025,170.4105623529829,178.21765129230158,7.807088939318675,193.85189806511733,172.69539180197012,138.54764589008164,176.41625900234516,37.86861311226352,1071.674836328999,267.31134033203034,7984.120788574197,720.5118813394506,20313.248591062405,-15.044281005859375,-31.109947204589844,1,6,-123793.92059326178,21,6.575489370129952,40.443360667814815,-1344.9813537597647,0.5092405162834818
workout,video,..\..\data\workout_videos\hammer curl\hammer curl_15.mp4,30.0,3.8,128.7669428391085,1.3757531749307574,165.25217988942083,163.87642671449007,1842.0157353126529,150.23686642476352,31.657402862656014,179.51732143051206,147.85991856785603,533.4286398678692,174.15428702188595,167.43404819762426,179.63083735823244,12.196789160608176,98.74547477095746,169.5564668364188,165.4429031620603,174.56084528583497,9.117942123774668,124.39167549285543,175.0020503558665,170.67835693248597,178.46682578309824,7.788468850612276,129.20037666384502,171.96624108837025,167.88859365137873,177.53995806920187,9.651364417823146,88.34572610251342,42.34240722656267,634.6472167968699,94.81595757428352,2149.1090550142417,43.98316955566406,54.63837028952207,1,6,-2159.7802734377865,67,0.5947094430668688,40.71741480652592,-45.907745361328125,0.4035992135551103
workout,video,..\..\data\workout_videos\hammer curl\hammer curl_16.mp4,30.0,10.1,140.8504280573838,3.0721881530239847,179.99836927311466,176.9261811200907,5307.405805397672,136.23770629598593,37.21414885461031,165.14525764783525,127.93110879322495,2824.9961662121787,164.56723357831305,164.56723357831305,164.56723357831305,0.0,0.0,112.37366109624367,112.37366109624367,112.37366109624367,0.0,0.0,175.42830399513502,168.33369759576277,179.9719578465103,11.638260250747521,188.04840898423237,172.22814521319663,93.95280566630187,179.84724149337575,85.89443582707388,2328.094539644909,266.4128417968746,7773.143920898434,791.636102884757,23658.402718936697,-24.295740763346345,-25.734386989048517,1,6,-62435.07751464836,302,7.242959439637227,25.279085893339804,-1143.7125549316386,1.2388632280352796
workout,video,..\..\data\workout_videos\hammer curl\hammer curl_17.mp4,29.97002997002997,10.777433333333333,137.79290781733505,10.93717652242324,179.98214995512555,169.0449734327023,3105.597546392006,150.52731864871146,2.8314734085365676,179.97491266511855,177.14343925658198,5194.322805626665,0.0,0.0,0.0,0.0,0.0,0.0,0.0,0.0,0.0,0.0,169.67738913634022,167.31996055863328,174.1191588324605,6.799198273827216,143.5352831936765,171.70352203396754,167.8658534229278,174.8754852076326,7.009631784704794,97.83609087862061,31.980501188265144,592.0979878053828,77.65879924344536,2345.445052675066,-4.1026763916015625,-5.145087687174453,1,6,-1929.3677896427482,108,4.124434540372338,16.33095972454168,-74.99156727061933,0.36099594990243167
workout,video,..\..\data\workout_videos\hammer curl\hammer curl_18.mp4,29.97002997002997,3.1031,140.44806907392092,16.55476532811329,179.95724079910687,163.40247547099358,2766.7169555004084,142.53350841606067,2.5348250073678136,179.71484203086086,177.18001702349306,2392.0399486270762,0.0,0.0,0.0,0.0,0.0,0.0,0.0,0.0,0.0,0.0,173.47748126864033,170.66904320995928,175.86769449057658,5.198651280617298,56.93963261552778,171.92597971845586,169.84343399730776,173.8254991734295,3.9820651761217505,37.47001945492122,29.997712248688753,505.8996211276446,60.24449270734754,2172.5704808316614,8.140741984049498,-6.372191874186171,1,6,-1472.7695408830477,92,8.02400985681517,17.891337596888263,-86.40126962880835,0.42771854312116164
workout,video,..\..\data\workout_videos\hammer curl\hammer curl_19.mp4,29.97002997002997,10.5105,148.75524353624775,51.74316787159934,179.9995144969786,128.25634662537925,418.1580526955843,145.76556888172965,13.028778763130779,179.94955737785608,166.9207786147253,4991.300399699197,0.0,0.0,0.0,0.0,0.0,0.0,0.0,0.0,0.0,0.0,169.84921107972238,165.38681583714492,175.43511104819828,10.048295211053357,135.46281497492944,172.56433394228142,167.8858239798687,177.3742791246816,9.488455144812917,135.48637140254377,37.81935837599855,1112.5007536676956,87.78771713080461,2180.8687476514015,1.8421885172526231,0.646029663085983,1,6,-2198.0583502802538,56,3.729267474457971,26.868116499536576,-102.40360835453473,0.5122064883775359
workout,video,..\..\data\workout_videos\hammer curl\hammer curl_8.mp4,30.0,8.3,112.79289032745905,0.22443101695273118,174.5552460554075,174.33081503845477,4436.2913525555605,128.3675831974872,42.5066400712839,177.9071046521879,135.400464580904,572.7254521597107,0.0,0.0,0.0,0.0,0.0,0.0,0.0,0.0,0.0,0.0,0.0,0.0,0.0,0.0,0.0,0.0,0.0,0.0,0.0,0.0,409.4584808349606,20687.564849853545,3631.098175048828,143455.1226196289,-100.3507080078125,-312.46168400691107,1,4,-22669.73327636721,240,62.97349395908719,31.00768805126099,-7715.437316894531,1.8856141736716125
