label,data_type,file_path,fps,duration,right_elbow_mean,right_elbow_min,right_elbow_max,right_elbow_range,right_elbow_max_velocity,left_elbow_mean,left_elbow_min,left_elbow_max,left_elbow_range,left_elbow_max_velocity,right_knee_mean,right_knee_min,right_knee_max,right_knee_range,right_knee_max_velocity,left_knee_mean,left_knee_min,left_knee_max,left_knee_range,left_knee_max_velocity,right_hip_mean,right_hip_min,right_hip_max,right_hip_range,right_hip_max_velocity,left_hip_mean,left_hip_min,left_hip_max,left_hip_range,left_hip_max_velocity,max_upper_body_velocity_y,max_upper_body_accel_y,max_center_velocity_y,max_center_accel_y,upper_body_vertical_displacement,center_vertical_displacement,has_impact,impact_count,max_deceleration,impact_frame,height_reduction_pct,aspect_ratio_increase_pct,max_height_collapse_velocity,max_aspect_ratio_change_velocity
fall,video,..\..\data\le2i\Coffee_room_01\Coffee_room_01\Videos\video (1).avi,0.16998341625207303,0.021961749229263337,0.5999035569264283,0.3287242810640181,0.9274652631483694,0.6326923318179617,0.3510400216906354,0.5626680484935985,0.4665029115690643,0.9290822353134722,0.5232712696097424,0.2602369609224863,0.8245317568987472,0.6769680556197983,0.9589233519830949,0.28583208452125686,0.10131113496372843,0.809238121090097,0.5498479172659769,0.9935907878596084,0.45328596164670176,0.13311434014403697,0.7774729614571655,0.6206367345982641,0.9860352728866173,0.3756224783138753,0.07494052516056185,0.7692545727532202,0.44251927158630955,0.9982933107566577,0.5568658560806647,0.12045889524835422,0.0059161322267268545,0.0011841831550654,0.05906804461037844,0.05262024098797741,0.5569527724886961,0.5559657250314735,1.0,1.0,0.9981710772554754,0.0015207473386921572,0.9860153564628611,0.20014236793302706,0.9887676316934906,0.0013878665689304813
fall,video,..\..\data\le2i\Coffee_room_01\Coffee_room_01\Videos\video (10).avi,0.16998341625207303,0.058133107953420124,0.8108130205847087,0.2302971924455445,0.9997291568292924,0.793405004706661,0.6709842203157518,0.8992973780720849,0.42297524057165264,0.9898254699154098,0.6219380621731714,0.39141218380902804,0.8514874935068728,0.6805309648947101,0.999076909056482,0.3225434735424614,0.15529240284563553,0.8521214459703603,0.6522507167710557,0.9999172275956485,0.3580703080836685,0.15124768027730393,0.7945239830523998,0.3060859090071867,0.9993657608603332,0.699248683375964,0.5316570237037138,0.7875285778582122,0.5285262244818174,0.9989652752313339,0.4713780174152472,0.1647720186227812,0.013640711256294331,0.001568057784391142,0.010966225358116363,0.0017896525379706065,0.625757893026237,0.6460020074247952,1.0,1.0,0.9969030848489386,0.016076471866174235,0.9963476848016559,0.09628786934784739,0.9777832103235222,0.002008928932054364
fall,video,..\..\data\le2i\Coffee_room_01\Coffee_room_01\Videos\video (11).avi,0.16998341625207303,0.07948303188328827,0.8261475439688306,0.36644032281622957,0.9982413917029971,0.66962872469936,0.14113615196449183,0.8770634319075205,0.22763238746901215,0.9997466613192224,0.8019472327411197,0.2040054351943886,0.9406557269557606,0.7843413653181833,0.9999031915354105,0.21973593596519286,0.13576602924730577,0.9364334030585119,0.7737318748155668,0.999942116473097,0.23759673732654688,0.13044051076742622,0.936364064477655,0.7081470320778316,0.9996600812598461,0.302952094303679,0.0795603201162008,0.9252949756083559,0.7396124961384805,0.999786781495436,0.2607365500351217,0.11467468245238607,0.011584607121840647,0.0011717253906330832,0.008520205686915416,0.0019440509795275824,0.5627164482421808,0.6247535882359457,1.0,1.0,0.994020685812209,0.03171844449272214,0.9943221338424492,0.0632579148631743,0.9846545653360806,0.0009477058267377956
fall,video,..\..\data\le2i\Coffee_room_01\Coffee_room_01\Videos\video (12).avi,0.16998341625207303,0.026372890537087336,0.6967957747251343,0.31547438062929545,0.9946966190879769,0.7118611444906258,0.2959719380008926,0.35764272987457724,0.00264699538672768,0.9660648244311777,0.9641455829906102,0.8184543446172408,0.7471662938560438,0.5278427225599105,0.9890973609205083,0.4649673979096115,0.33440291867443406,0.7781528465014348,0.4739979721178759,0.9898451037238458,0.5247575185432881,0.31414681725300386,0.804414570289649,0.06459333429039088,0.9961306097818042,0.9342149739424196,0.731147732505021,0.8515473372306156,0.0260262393161251,0.9970904221985277,0.9729000574063966,0.7438054935857022,0.020909835341718315,0.004734397282336897,0.014027824497439226,0.002065806556828953,0.6183224548499056,0.6631865294397326,1.0,1.0,0.9927703108075648,0.014555724527482076,0.9902231038883998,0.015596344260576076,0.9865256772163737,0.0007909824052263917
fall,video,..\..\data\le2i\Coffee_room_01\Coffee_room_01\Videos\video (13).avi,0.16998341625207303,0.03731252098049085,0.8519795657693765,0.455701593596048,0.9916366257636009,0.5828433524269094,0.21447369168000815,0.8484629992377147,0.2994020444102803,0.9864988256444225,0.7262046386294124,0.6322117697726947,0.8473194524587556,0.12577081831006343,0.9971370578454979,0.8744272038770156,0.3287529786947213,0.8808062290413063,0.21965991806663052,0.999816473294094,0.7870609304227137,0.25720738857523406,0.8434816885477424,0.059110717224681135,0.9988493134909593,0.9423466184624016,0.3746412225203857,0.8782904331330622,0.02998142595293152,0.999085688123857,0.9709368163277267,0.2948213447289297,0.015525225182884085,0.0011090471470815114,0.012430126071494471,0.009327210007981167,0.61080064456124,0.6602357843533351,1.0,1.0,0.9738982778625134,0.02281121008038236,0.9925561130640302,0.01928410854838895,0.9855251181516106,0.0009247328678561276
fall,video,..\..\data\le2i\Coffee_room_01\Coffee_room_01\Videos\video (14).avi,0.16998341625207303,0.025314216623209575,0.8411646822851924,0.018109654017376412,0.999894259856469,0.98416321243253,0.5716861432959575,0.8088674523640013,0.6203851800492206,0.9834685342083216,0.4436947680231237,0.25958340622412507,0.9143405735814939,0.6745428991470597,0.9664798938084184,0.2958313099737447,0.052165013692828166,0.9141932908490547,0.7496156321980808,0.9682227230948047,0.2296358505215973,0.04511358093325021,0.869038619468401,0.6343685364914072,0.9978104215151959,0.3738738992867539,0.058744703538125394,0.9378260927870093,0.748704756087379,0.999563745388595,0.2514045401421706,0.0632524519287947,0.0033653072164506756,0.0012903565382030664,0.005173779928944083,0.002702156080038322,0.5374670411284621,0.5769189641820086,1.0,1.0,0.9987963174019944,0.004562242016076472,0.991377345709102,0.005269993172691476,0.9929605880338475,0.00013712804694241386
fall,video,..\..\data\le2i\Coffee_room_01\Coffee_room_01\Videos\video (15).avi,0.16998341625207303,0.018962173139943018,0.770766678383486,0.00606585846581866,0.9994218151431392,0.9945086019969375,0.60588492354973,0.7572818523687447,0.6452186680380358,0.9402964714124986,0.37888308787063274,0.1546087984307929,0.938972297497667,0.8545142110534968,0.9696098670530489,0.11930095210251107,0.04481983826113898,0.9198532241971764,0.8983226325498659,0.9758886378558392,0.08983686108884094,0.04924403986173707,0.9180151340334929,0.7241871522076098,0.9903727547236115,0.2778260866651876,0.10167536549089441,0.941436936917194,0.8384426433635606,0.9964057195318174,0.15834186012912072,0.06093212056933716,0.005356986287412529,0.002580184437291939,0.005232618607721773,0.0036808224506093097,0.4981341036892625,0.5599996796102555,1.0,0.6666666666666666,0.9984146700865597,0.0017379969585053225,0.9903063204959855,0.00402983977343072,0.9913071955887783,0.00016581648948155357
fall,video,..\..\data\le2i\Coffee_room_01\Coffee_room_01\Videos\video (16).avi,0.16998341625207303,0.025490662275522536,0.7335936984781839,0.06093755848837451,0.988471989875911,0.9342655553797642,0.7409678671444773,0.9793796199918019,0.5788060939685239,0.9980126913357067,0.49444742563876704,0.2103382675297852,0.9073512527110783,0.7978397573302308,0.9990636409605431,0.20541824742595707,0.11628038220636347,0.932316654939621,0.8294089548697455,0.9974857415170422,0.17990101493067245,0.05382285243412336,0.9022324438079721,0.6611012132678508,0.9995920138450052,0.3492897064741625,0.06837030579898622,0.9567858769860456,0.706413846488482,0.998632365767215,0.2928380942547711,0.11813916738196654,0.007377098584062318,0.0004265962221274369,0.004865422727462461,0.0009586155048299741,0.5897809025485331,0.6397805515824726,1.0,1.0,0.9985112246796926,0.010862480990658266,0.9962471327724814,0.1294289205222242,0.987129049735405,0.0012036276136344203
fall,video,..\..\data\le2i\Coffee_room_01\Coffee_room_01\Videos\video (17).avi,0.16998341625207303,0.022138194881576298,0.9045904402776778,0.019309271222001434,0.9999987086664393,0.9831901861366235,0.4765747798193984,0.8822602985819896,0.26957921641655386,0.965682349319996,0.7313464393986956,0.28192784540146865,0.8664031230074808,0.5486947023108018,0.9985442118237728,0.45362426348482615,0.3286266016446874,0.879979926956871,0.6005756622569485,0.9996891735077098,0.40909817780562685,0.22510442913915793,0.9510659229004159,0.5999560042145188,0.9998157017773642,0.40982718153422026,0.25890299630379043,0.9448689465131611,0.6503064412007586,0.9997028337972299,0.35011852947618805,0.16524980060947567,0.007486994918543103,0.0008113729630969867,0.0067584708350124,0.0011930785532762679,0.6029567696619247,0.6457617605202639,1.0,1.0,0.9983268980862754,0.010427981751031936,0.9954398318571992,0.05936645497216907,0.9840055699630899,0.0009875780071593994
fall,video,..\..\data\le2i\Coffee_room_01\Coffee_room_01\Videos\video (18).avi,0.16998341625207303,0.041723662288314846,0.7688749380141233,0.059482130940286364,0.999287545369424,0.9463942113161513,0.63202076930123,0.922261332166054,0.6671167948427028,0.9982609542073618,0.41780411323206657,0.32978848225164287,0.8896504610131384,0.7102455703545041,0.999662132650862,0.29346563253555574,0.11398082085098153,0.8828110708306445,0.6761878638005036,0.9998639643298981,0.3342732344043264,0.10373761701665651,0.8753193727165512,0.6376755478009791,0.9996243008917617,0.3724290320643755,0.09261345078141962,0.8736260899245952,0.6082873168198449,0.9998005579909891,0.3923108581176675,0.12518134897541458,0.009472441831183764,0.0007052322149259957,0.006748962570485448,0.0009231993872761873,0.5803631838265295,0.5780085049323201,1.0,1.0,0.9982132080210526,0.02780795133608516,0.9974596699551135,0.06700483750305052,0.9811185636516127,0.0013019795156918139
fall,video,..\..\data\le2i\Coffee_room_01\Coffee_room_01\Videos\video (19).avi,0.16998341625207303,0.031842705758789086,0.8737285279577107,0.12539497588892276,0.9974109857656099,0.885311812859795,0.7242440184944748,0.9333719890063847,0.4925420903794542,0.9947920630388825,0.5663351377431792,0.43458517660532714,0.6696592610893608,0.2694399830348431,0.9999480565867559,0.733818183307338,0.15407094763790638,0.6667784520768496,0.32302797642749137,0.9998752907302823,0.6845880585198441,0.137514077131415,0.8554549345827404,0.4782272658543844,0.9996284490846805,0.5297123183925185,0.2880267398810179,0.8473156128534344,0.49433442442308134,0.9994010393552397,0.5060676738250661,0.2620091654165999,0.011992589516892917,0.0030624646513123057,0.008402049424139735,0.0013151910399242569,0.6432250985325144,0.7023810154742294,1.0,1.0,0.9957237178778783,0.02042146426243754,0.9965294347092032,0.0610210192199444,0.9862361687152347,0.0019933720923788183
fall,video,..\..\data\le2i\Coffee_room_01\Coffee_room_01\Videos\video (2).avi,0.16998341625207303,0.048252151423894364,0.8759335052299645,0.007936772972111827,0.9997347675762688,0.9931412122503576,0.6132896520492046,0.7602880713069228,0.09901896944825343,0.9926376745097174,0.9068184527339118,0.11436198871409717,0.8205095490854166,0.23883207730098271,0.9997926341229545,0.7642188549495098,0.14206336830843977,0.8328146832199615,0.4252014996019626,0.9996513857743722,0.5830158877199157,0.12797810001195115,0.8225121213075701,0.3573853410038282,0.9992712961863012,0.6485524990087964,0.1727756460520318,0.7966370525446679,0.38333843716504995,0.9998828178491124,0.6177452468334329,0.13943518388528883,0.008016857397032152,0.0005229199326780171,0.005551075285615866,0.0031296693482542387,0.5211188771140692,0.5440017583037023,1.0,1.0,0.9928294649088126,0.02606995437757984,0.9963282673778491,0.01710521961966926,0.9891345668545024,0.0011009873731521306
fall,video,..\..\data\le2i\Coffee_room_01\Coffee_room_01\Videos\video (20).avi,0.16998341625207303,0.07260165144308284,0.720983321820473,0.04866870965834947,0.9994711766200682,0.9562908703150175,0.6388507153971227,0.8069755577950688,0.3870433571991433,0.9970003262526628,0.6604014880287652,0.24926839490374808,0.9117599482943777,0.4656519584906995,0.9997746968816755,0.5377616435047458,0.24273283531313647,0.9515311650253752,0.5946009531812678,0.9995032084029034,0.4148376430470498,0.19931689941939218,0.9264733202955596,0.4318275112568051,0.9997277648452916,0.5755803409379258,0.153984771646242,0.950662071902286,0.5946984134290654,0.9998697829588749,0.4059934676125873,0.12946975687952986,0.010337217221584646,0.0007204096726440016,0.007422372414736693,0.0010072788746320273,0.6060494855725144,0.625045741191288,1.0,1.0,0.9954672747267312,0.014121225287855746,0.9971644131564685,0.13987953725049945,0.9865022214929416,0.0014643201125237272
fall,video,..\..\data\le2i\Coffee_room_01\Coffee_room_01\Videos\video (21).avi,0.16998341625207303,0.026372890537087336,0.8411114814879067,0.008505385444405033,0.9989747655465223,0.9918700588882752,0.5088823984149439,0.8033216055387996,0.10737614986316636,0.9999236435517483,0.906830774931935,0.5122840732545955,0.6555814428026489,0.39240637151159913,0.9525576855659055,0.5635323458022816,0.20191862403479147,0.6595003913756965,0.4244785521032839,0.9809421570038149,0.5649278059643119,0.18135765612306465,0.554813860757417,0.197309399502244,0.9902210035051919,0.7973841133868438,0.23766004687703923,0.5360336884437361,0.20093065140579694,0.886978181641104,0.6873620948453568,0.23216255255063298,0.015459548323925735,0.0029891563705558045,0.011389353877089503,0.0018224441968399713,0.6126597787269134,0.6617716722255113,1.0,1.0,0.9972685014876675,0.021507712361503367,0.9934798950751427,0.03149346108140686,0.9915553552542343,0.0013941229596610497
fall,video,..\..\data\le2i\Coffee_room_01\Coffee_room_01\Videos\video (22).avi,0.16998341625207303,0.034665836195796454,0.8839892714925703,0.019637107821121713,0.9982174382889477,0.9811134892976385,0.6870053911148477,0.8656708877481895,0.2961822059808294,0.998237080179708,0.7407510738271786,0.40707093294374647,0.7346443924403638,0.3727983897052087,0.9935447658958002,0.6242116451099261,0.15453606032500752,0.7572845792252558,0.46016713184076413,0.9923687679705007,0.541013098675944,0.18822676888815093,0.733225797245845,0.2745457551180042,0.9997296274555827,0.7307242853943785,0.1560788159831178,0.7350193842761952,0.2957882734655411,0.9761845788569168,0.6817093133944103,0.1939696368039817,0.014056042060402195,0.0011315520848319376,0.010373259502635087,0.0010005718332073803,0.6087137707277726,0.6547476879752183,1.0,1.0,0.9980730263687461,0.03019769715402998,0.9938640013759017,0.02960639107160594,0.9917367080427211,0.0008374583679494716
fall,video,..\..\data\le2i\Coffee_room_01\Coffee_room_01\Videos\video (23).avi,0.16998341625207303,0.04913437968545916,0.6508752888384178,0.1104695498642964,0.9953936770557548,0.896699875229745,0.6900429143920019,0.738211832981795,0.28736749178957627,0.9907634650053838,0.7409494029339474,0.5243542830957946,0.783492080877007,0.1069306215870976,0.9994218363824692,0.8955270908249395,0.7895285022974874,0.8121857994882351,0.2985521859124219,0.9997770089145361,0.7087670966948634,0.3639417375407485,0.7935311308151767,0.05316888220795868,0.9998210750613055,0.9491811366516325,0.7310759435090174,0.7698432058869576,0.06576445173892598,0.9986262241145669,0.9346293381858002,0.5107776660272226,0.015037994059554378,0.007952649373969807,0.01041105947855287,0.0017372231472679062,0.6106926504439637,0.6618658883533809,1.0,1.0,0.9905734753189754,0.053877905713665,0.9956529270949351,0.056018088026318066,0.9884202087172804,0.002288229897216133
fall,video,..\..\data\le2i\Coffee_room_01\Coffee_room_01\Videos\video (24).avi,0.16998341625207303,0.04137077098368892,0.8864311229940081,0.05337727049794377,0.9995027954945951,0.9520931398802401,0.5569870105103085,0.8167408946121337,0.07880112050910079,0.9888384403192269,0.9206212799367651,0.5960463725338155,0.8898353577987129,0.6569324676124008,0.9972983218400061,0.3443186963280754,0.19791925400190324,0.9370185042376659,0.6621652432541226,0.9999807253467498,0.3482997962425466,0.16884267480142234,0.9104144020908046,0.3714445716760019,0.9998783415383317,0.6352926732453386,0.2877986316129597,0.9371473465211207,0.4428092526365069,0.9997335283386966,0.558018292123386,0.2309906899943666,0.013697160200902036,0.001602282902508228,0.01144731574980342,0.0012339811825851851,0.6243045165412684,0.6781466500385575,1.0,1.0,0.9972187308935159,0.04801216597870953,0.9948112123946509,0.017021236394071278,0.9846171267133496,0.0023024956315644135
fall,video,..\..\data\le2i\Coffee_room_01\Coffee_room_01\Videos\video (25).avi,0.16998341625207303,0.04048854272212413,0.7954551147263442,0.21129809335832053,0.9890837161592495,0.7998194052410256,0.5407800844857266,0.8978868663490438,0.36579753679904436,0.9989724943707861,0.6808730699521444,0.4614518348187893,0.7321230172917621,0.38323629150900057,0.9972111403371633,0.6174681138208411,0.41447707839785,0.7155949217018758,0.11796953285895681,0.9903193659068178,0.8783830029798432,0.602991062922004,0.7124530521435533,0.19806376121057678,0.9993802374258628,0.8058157891509365,0.4286532342197465,0.6712091221181876,0.03789041563943064,0.9991093430696694,0.9630373538478658,0.5685445861167487,0.01235767309151241,0.0012554530186023793,0.011040404760908975,0.0013649703397125464,0.6327999334691329,0.6716571860100091,1.0,1.0,0.9954938989943112,0.030414946773843144,0.9933742885828009,0.015125289610913539,0.981758680508405,0.0013928228850551064
fall,video,..\..\data\le2i\Coffee_room_01\Coffee_room_01\Videos\video (26).avi,0.16998341625207303,0.04331167315913148,0.7753483930270507,0.4609314475728131,0.9992361640620124,0.585749354345701,0.47627057376852516,0.7576830103889458,0.008250974027289063,0.9895942086730992,0.9828050005796379,0.5690295356960272,0.9676568146291313,0.597798408910267,0.9998413169370286,0.4059037770363882,0.300913702183711,0.9708180394172351,0.6590147672761185,0.9998924376035255,0.351336049822592,0.30597799244657126,0.9587702467855848,0.6523456312666592,0.9994289905697065,0.35776285892368226,0.27644057374353453,0.9612759224670995,0.5858117268252797,0.9998913196296344,0.41491765591818147,0.18647295204654774,0.009466968578394363,0.0030334252801291605,0.007501650073166489,0.002799057503124846,0.5863741960337687,0.6514237931322162,1.0,1.0,0.994377895948244,0.04627416902020421,0.9913875260486984,0.01959273020294838,0.9805550264270294,0.000695945033240543
fall,video,..\..\data\le2i\Coffee_room_01\Coffee_room_01\Videos\video (27).avi,0.16998341625207303,0.038900531851307485,0.7398718951616247,0.2173002352451018,0.9965986615495338,0.8019470774867763,0.4833046463929113,0.7149860393649233,0.14979380718619847,0.9901972246697639,0.8601676382789415,0.7488359010262918,0.6666529420052825,0.3234775553947859,0.9991429414498669,0.6790638827610038,0.28691350500623236,0.6696294873403903,0.3454600044511814,0.9878846245974796,0.6502853044212761,0.26308180356367944,0.7130243240500099,0.2776688014600065,0.9954595872509622,0.7233659736138092,0.4273118839621483,0.6930688312052526,0.28985685070242106,0.9779192220703694,0.6893892831136792,0.4236167179767668,0.010642648791859178,0.0012689321053081187,0.0081703718550609,0.001806043068054576,0.5434551142008286,0.5500034015105946,1.0,1.0,0.9947806634306723,0.02085596350206387,0.9962314409264422,0.0180999115738801,0.9908371535554175,0.0015378397497018837
fall,video,..\..\data\le2i\Coffee_room_01\Coffee_room_01\Videos\video (28).avi,0.16998341625207303,0.025137770970896617,0.7953933071879136,0.07334051741976574,0.9775750237001031,0.9122220541727217,0.7754049141249783,0.9738777225616416,0.654709320422486,0.9995668539790704,0.4299136584350126,0.2737175263194224,0.773338104574449,0.2752968811855932,0.9842008084230845,0.7121788594872699,0.45185130610632923,0.754174914448467,0.3136068169814273,0.9937292560585276,0.6877554616753033,0.4917174944105181,0.6789727988542138,0.09615744565039938,0.9371561993604465,0.8439993487283104,0.311448654726861,0.5944105147615824,0.1862513683825301,0.8404324745184064,0.6554340965396354,0.36339992296919893,0.014695277540235564,0.002191453454374722,0.011122023393360632,0.005306269888815352,0.6085037280177271,0.6550342685404484,1.0,1.0,0.9948455287852812,0.015641972626547904,0.994220764268398,0.0145556728472611,0.9896534754412034,0.0012621146659319835
fall,video,..\..\data\le2i\Coffee_room_01\Coffee_room_01\Videos\video (29).avi,0.16998341625207303,0.05213395577477948,0.8870704661549879,0.41085351928886893,0.99957877515789,0.6310736001292304,0.3835106715528847,0.8348635293463053,0.10425838472624555,0.999867732195466,0.9094894633805976,0.3991246296978574,0.9436657666455817,0.3445283589504041,0.9994480973961752,0.6583544356153657,0.3394965570711368,0.9487306260121909,0.27185548861480796,0.9993278487079486,0.734796400465214,0.32791949568944095,0.9310611291891174,0.08892532366205598,0.9994560607621681,0.9135454561139811,0.2698416253196315,0.9219127459110675,0.05468295776191412,0.9996657993937628,0.9467722274885796,0.580809032949544,0.015105161910565183,0.0020806628152771718,0.013302688369691838,0.004267778473743129,0.5242341554603716,0.5821953688386428,1.0,1.0,0.996211422277987,0.06647838366282859,0.988452139435847,0.003157670101112645,0.9881646507511824,0.0005163865220171604
fall,video,..\..\data\le2i\Coffee_room_01\Coffee_room_01\Videos\video (3).avi,0.16998341625207303,0.04789926011926844,0.8427093729493129,0.05038768242524887,0.9996235701229375,0.9548993141264372,0.31586005932782846,0.8314752723692691,0.048197619983715134,0.9933367436271319,0.951767689133974,0.6958088289181172,0.8181826043798162,0.2450747738941831,0.999334622599089,0.7575273145466244,0.39281919311791214,0.8375295508555711,0.3578616131254719,0.9996943638217921,0.6498543103901564,0.17444080128182565,0.8422313428013469,0.05999331577306921,0.9994775165763959,0.9421053644680224,0.4393315339125496,0.8703402559046692,0.38048181009325927,0.9997927149000241,0.6205167197329232,0.1689137927478105,0.007967120453593808,0.0032453746776392022,0.00709475318166003,0.003249036299159095,0.4398534197711266,0.5012166156640941,1.0,1.0,0.9982290697603786,0.004344992396263307,0.991520070198597,0.037571413959957306,0.9895863241988891,0.0009365038067068022
fall,video,..\..\data\le2i\Coffee_room_01\Coffee_room_01\Videos\video (30).avi,0.16998341625207303,0.019844401401507818,0.632994580032096,0.014264344089707554,0.9931878500696318,0.980907179689202,0.7294009911833134,0.7862434971020239,0.3624366925533026,0.9974285106276052,0.6822547399694504,0.5440519118415891,0.7281876391086841,0.4570080427963225,0.9971005272760661,0.5437092400538922,0.24356276739634428,0.7340231314085096,0.5358578357694821,0.993766258731653,0.4673392585767488,0.23789840125561235,0.6196498889932291,0.19361021046845606,0.9989257061970972,0.8097534012271512,0.15758008578704907,0.643854785811783,0.22227538682424847,0.9945864234454292,0.7737905177572749,0.2277550227149313,0.01373295633240838,0.006248788247198592,0.01570049734350946,0.00701602452948849,0.4985372165730666,0.5590670007799875,1.0,1.0,0.9925333562813091,0.021073213121877037,0.9929949969007883,0.008406129236600678,0.9872434012471311,0.00035783466881117925
fall,video,..\..\data\le2i\Coffee_room_01\Coffee_room_01\Videos\video (31).avi,0.16998341625207303,0.04101787967906301,0.9404370567031122,0.6674334570876709,0.9997552165005449,0.4007825759115746,0.1663062557340703,0.8371519456208559,0.5844359035560478,0.9985414827163668,0.4900745816854772,0.3191134883577801,0.7070917463563124,0.4259422160604922,0.9863599643852156,0.5639516706634512,0.28797791624538177,0.7357614355981568,0.4607699867359104,0.9999752450496177,0.5480606078688025,0.19239729517151513,0.6447997876211198,0.2782660911820358,0.9765369016082276,0.7038199503829218,0.5421687385437165,0.6851904307450077,0.3002410032816834,0.9989870444654552,0.7000941213547821,0.23071380812161707,0.013060549359970898,0.0028761900106483163,0.009835878171141739,0.0012206090282554805,0.5750025282309019,0.6466219131398531,1.0,1.0,0.9967088620025076,0.036063436888985445,0.9954832876377973,0.03822716382481266,0.9830078463581449,0.002151474607825006
fall,video,..\..\data\le2i\Coffee_room_01\Coffee_room_01\Videos\video (32).avi,0.16998341625207303,0.0480757057715814,0.8226089543125403,0.4950125631057369,0.9997263201617552,0.5556271241228422,0.3027140504272963,0.9490300199293547,0.29054891550674217,0.9998037886083939,0.7472232845363806,0.35384293677093925,0.8501116457656261,0.5786170760326531,0.9998803823518833,0.4250920960959512,0.08618243424783274,0.8125398160956551,0.45602254893106237,0.9998918282555255,0.5526858025693784,0.18447738016120652,0.8486195355043844,0.5112059674340805,0.9985215828830916,0.4960733974107844,0.08062575389195549,0.8334821471737242,0.3479368094188072,0.9999550247476793,0.6532826552407505,0.18223543757096441,0.009267989636601078,0.0009732721582310376,0.007157145279274425,0.00183207037851008,0.5840415141441183,0.6393382014161573,1.0,1.0,0.9988488777105801,0.04779491635889637,0.9952911164064315,0.05447524089487587,0.9887078620889791,0.001593575034088466
fall,video,..\..\data\le2i\Coffee_room_01\Coffee_room_01\Videos\video (33).avi,0.16998341625207303,0.03431294489117053,0.8842355850012825,0.3411371816804165,0.9993186943885832,0.6934346214619684,0.5777973079115579,0.6969566971024217,0.06104058597747801,0.9990117284485214,0.946262633790895,0.7317886231022144,0.796569133727592,0.5300327213267402,0.9989943465650624,0.47270634644074067,0.19712032206973445,0.7599281391425596,0.5376767651866511,0.9834307533309287,0.45514652852965276,0.1530298437751153,0.9080504878558658,0.7863263303183498,0.9995660338098646,0.22574213821538358,0.10567202199313387,0.8183529115206647,0.575013055121526,0.999598703886778,0.4254425099428318,0.13520109606232267,0.007348023151782979,0.0010496337529429876,0.004544480909443869,0.0026743749043644017,0.5441172762480089,0.5738780585571724,1.0,1.0,0.9910153749877656,0.021290462741690202,0.9965800253255852,0.05708417987293877,0.9841406028355071,0.0015668775982276917
fall,video,..\..\data\le2i\Coffee_room_01\Coffee_room_01\Videos\video (34).avi,0.16998341625207303,0.067484727526007,0.7141311621464427,0.4265925276345689,0.9416066653776971,0.5589332040228139,0.11047054082396382,0.778427371751582,0.14610035474820546,0.998472476867395,0.8716620626033443,0.43202309938964156,0.6567483280475049,0.45556460755899764,0.9998488466839182,0.5479064271659887,0.24849476356073,0.5993391622159397,0.4193110556595704,0.9953339187644092,0.5845190784508313,0.1655781932666095,0.6436282487731891,0.3610912673706114,0.9995421453306637,0.6451683267413932,0.13578461599210107,0.5644848342223062,0.30173227541686076,0.9989834101679167,0.6985965357969305,0.1308845995442606,0.00748190075610051,0.0005353758370863191,0.005486048499234956,0.0003700526340218688,0.5730548065403509,0.6291475900453308,1.0,1.0,0.9991026775238405,0.08994134260265044,0.9950993416556054,0.048256372923036125,0.9874346600935722,0.001707794177802553
fall,video,..\..\data\le2i\Coffee_room_01\Coffee_room_01\Videos\video (35).avi,0.16998341625207303,0.03501872750042237,0.8720815930536021,0.3779825032910911,0.9950465463128021,0.6560646459780022,0.20543013876598332,0.833425080193615,0.02033353232097884,0.9974162095919709,0.9801099011314387,0.6506335902964342,0.8497700344543642,0.027655021809198474,0.997283062816159,0.9725247607634216,0.8837913129342233,0.9186696136853918,0.41381814954939633,0.9997994963008865,0.5944560364513386,0.2505064221733756,0.802054253878063,0.1091432597952877,0.9998599911359486,0.8940072267762479,0.6740226706677582,0.8967179463234257,0.3695085071522342,0.9998114789099638,0.631528485562146,0.27446417182291916,0.006211855314964413,0.0005400872778982362,0.004225742161946378,0.0023690300874939308,0.5502285839480796,0.5705771951670486,1.0,1.0,0.9983976244948058,0.020638713882250706,0.9963114301296822,0.0269700808266947,0.9917244497472878,0.0006104088979515712
fall,video,..\..\data\le2i\Coffee_room_01\Coffee_room_01\Videos\video (36).avi,0.16998341625207303,0.20652390154861938,0.687162458125509,0.11494518377216581,0.9999797949547086,0.8972683050742692,0.4831436423252636,0.7103726686109954,0.0001205747057982441,0.9997060762153734,0.9999999999999999,0.7415328328155381,0.9479915898055018,0.32017770262176437,0.9999161261264337,0.6831335920832734,0.20796655037691078,0.9419924945784478,0.08252985576065347,0.9999999999999999,0.9232663175641043,0.6032853464134351,0.9542298193569226,0.27058238245912103,0.9999414103798399,0.7348459053061631,0.17156425315926482,0.9109382812762452,0.026739889259875905,0.9999740485634537,0.9750741993143353,0.4435601200731764,0.008920828409812362,0.00120990136883596,0.00568997167285437,0.003366270692113961,0.6192273705289596,0.6648888683033471,1.0,1.0,0.9959946403231805,0.13925700630023896,0.9947874875981563,0.06384018941334638,0.9749622388441274,0.0007466814258003714
fall,video,..\..\data\le2i\Coffee_room_01\Coffee_room_01\Videos\video (37).avi,0.16998341625207303,0.030607586192598374,0.8954979944429438,0.5252338517357338,0.9999018628162715,0.5286571206860949,0.36820075107185707,0.8748599061746466,0.07256920564442808,0.9999906144452421,0.9372040003690466,0.3627641887397936,0.905222718061246,0.6194625941895584,0.9998949550705143,0.38432974089982835,0.15706886355285368,0.8253094748015547,0.6329258081246937,0.9686493521646731,0.34581067447077446,0.153672864770163,0.9587421106953775,0.4906880670645766,0.999805490629254,0.5175983965138529,0.41044612627176247,0.8440180813422931,0.6316877032622469,0.9998652108899398,0.3689333146547255,0.16366521058822353,0.008947135685237929,0.0010714090540030808,0.005673168071657134,0.003100918229077162,0.5390705493514492,0.5765321642064827,1.0,0.6666666666666666,0.9972179664826568,0.014555724527482076,0.9959405717786347,0.011954314474080317,0.9751219688215033,0.0014257061629135376
fall,video,..\..\data\le2i\Coffee_room_01\Coffee_room_01\Videos\video (38).avi,0.16998341625207303,0.05636865143029052,0.8719656883574087,0.050998708503695894,0.999754486550371,0.9544814592872962,0.7397405004306868,0.7397848009973023,0.32651594238727866,0.9481890737700359,0.664271668299808,0.14123312337375044,0.7635407550240827,0.20278590913953207,0.9997686964545923,0.8001805228970303,0.3543157247953049,0.8409803278849273,0.27337967532616325,0.9999885374000471,0.7339486189005128,0.44889038977705487,0.6418100668663995,0.34383983053890754,0.9970768875791783,0.6597153633124064,0.31259433021121796,0.766936943898065,0.3798915006536119,0.9989576493913866,0.6202714448524134,0.19027774213148135,0.010885360117945319,0.0009611224814116646,0.010181630587415034,0.0010064120356640775,0.6294187608352048,0.6993217625787922,1.0,1.0,0.9983088663788333,0.05366065609385183,0.9909473814019611,0.02434744973512316,0.9912766081701329,0.0006326170718110615
fall,video,..\..\data\le2i\Coffee_room_01\Coffee_room_01\Videos\video (39).avi,0.16998341625207303,0.021961749229263337,0.7962044829075662,0.09937904087095989,0.9958097961639144,0.9070780348514647,0.2990026091961003,0.42196917643992,8.965571452951044e-05,0.9966330031827617,0.9969526217420228,0.3883641919450252,0.8974320139570358,0.5503076214142981,0.9997800925072359,0.4532534641679877,0.22166008544967825,0.8895600621302395,0.09338908956946002,0.9998394715448174,0.9123335642739506,0.31653411428627454,0.9349245340047309,0.7162199823506459,0.9997376082957254,0.29506663634674807,0.1416840042507617,0.9397660515412181,0.3881274278495418,0.9996817707598015,0.6127462479190006,0.43102124297570427,0.00932107895643339,0.001746491916582717,0.01384340780973603,0.006403575773505327,0.641156846282007,0.6643772015195668,1.0,1.0,0.9982495034128044,0.014121225287855746,0.9966690885150729,0.11817300885637885,0.9875539521371458,0.0012148453620410508
fall,video,..\..\data\le2i\Coffee_room_01\Coffee_room_01\Videos\video (4).avi,0.16998341625207303,0.030784031844911332,0.8733032083297376,0.011027603149816658,0.9982600938143223,0.9888894750833662,0.8381347215476789,0.8990128193550262,0.03448972815703833,0.999448769996432,0.9698175454649264,0.540645344157809,0.8667869943474094,0.18064522952772288,0.9988649556392273,0.8213777213565802,0.5066443855886728,0.8474357662820012,0.08381590359254609,0.9992392710506934,0.9212260411545669,0.5265988551955582,0.8841491949091344,0.2502566380540779,0.9995469960556387,0.7545000095156745,0.5528974192016549,0.8870246982500514,0.13424386608206215,0.9999548893226087,0.8673583868800437,0.5530783102184126,0.03245127284359737,0.015221507875217755,0.022388414829104194,0.005911215431596539,0.4628683686426452,0.5284350019124014,1.0,1.0,0.9941680039632074,0.02606995437757984,0.9936468173441417,0.05416584688898079,0.9879277995993205,0.0023128200568510097
fall,video,..\..\data\le2i\Coffee_room_01\Coffee_room_01\Videos\video (40).avi,0.16998341625207303,0.0560157601256646,0.7847364111629858,0.4154022591033686,0.9988410648026207,0.6262496842826223,0.4876295215235083,0.7858100974196647,0.001016905737384433,0.9904204216800525,0.9899302094255288,0.677942539232638,0.8452398281577737,0.3868428712773696,0.9999299298437399,0.6165941467657516,0.07054706801197214,0.8387158658245619,0.4436947548636544,0.9996538960815647,0.5646747338315861,0.07536343341701758,0.8368557406576614,0.25161234090138496,0.9978536804707631,0.7514663761621326,0.08401230190629234,0.8482220944301322,0.2572626895714817,0.9998739163043355,0.7440379956909656,0.07865631920347509,0.007357346744768052,0.000453923694851007,0.007199015130268521,0.0018681880402264942,0.5815324000659935,0.6352133878457049,1.0,1.0,0.998495802070009,0.05757114925048881,0.9944964569984529,0.06478016173185024,0.984608995247779,0.001764564482774501
fall,video,..\..\data\le2i\Coffee_room_01\Coffee_room_01\Videos\video (41).avi,0.16998341625207303,0.06166202099967931,0.626054242752572,0.016037759662216083,0.996952396512772,0.9830808090965713,0.8194533701987748,0.6487197511521509,0.07413358877758118,0.9992284814704386,0.9350794629133004,0.6144656469392726,0.801604737425987,0.0646352616272383,0.9996482355416716,0.9379785152342562,0.5374239778835944,0.7811973991877431,0.024903613177659316,0.9997812971497122,0.980206639816378,0.38633887679790474,0.8010684804363634,0.008839334815952284,0.999544873063891,0.9926309193843849,0.49605147926807347,0.7801522475192438,0.003957358818839401,0.9999984943974993,0.9979220465696387,0.3934466423350839,0.009943540594467483,0.0019575248295361685,0.007624959409827332,0.0035346503612640173,0.6266423299691288,0.6535982865944291,1.0,1.0,0.9897502895681016,0.06104714316749946,0.9970765907841164,0.04916526553705011,0.990518797513768,0.0014973423714423387
fall,video,..\..\data\le2i\Coffee_room_01\Coffee_room_01\Videos\video (42).avi,0.16998341625207303,0.02231464053388926,0.6889157540576534,0.38981582266788567,0.8969078255744288,0.5472443279807045,0.13614099037201624,0.8879842542482594,0.3053896579776308,0.9970983031244978,0.7315949611392988,0.5851831737566484,0.8378818507369528,0.6583534574838527,0.9826046158151119,0.3281643895068437,0.13673066015422125,0.7718289765367171,0.5352794010101484,0.952502073258023,0.42643719974069977,0.11814043073158209,0.8001065126264284,0.47370054747598755,0.9960198661280963,0.5305623549314417,0.11629206943354428,0.7615154066910603,0.3342378138348525,0.9995266185510417,0.6665769835122284,0.09159702087400107,0.013595271153345473,0.0014413515962306187,0.010394549097511089,0.0006959025817378906,0.5981105823829604,0.6397177025930236,1.0,1.0,0.9985730734790189,0.027156202476645665,0.9931063157894613,0.028261771766181696,0.9891333393586751,0.000977381327292155
fall,video,..\..\data\le2i\Coffee_room_01\Coffee_room_01\Videos\video (43).avi,0.16998341625207303,0.12094776017683383,0.9269519281563606,0.30023868960328837,0.9999420341495935,0.7307945097878988,0.4137873403530942,0.822402898590461,0.09614304661635222,0.9996436920271026,0.9163313170866497,0.3556966186324046,0.8777824056198684,0.25707029723327013,0.9992549904992234,0.7454720628832873,0.1779532443002752,0.9009132221150631,0.39184819165492,0.9998617089902201,0.6163108274480255,0.17153515220142587,0.8804620615561876,0.21854091254458782,0.9999756395212749,0.7862136885137867,0.0963693573985516,0.87894894102637,0.2659117657585966,0.9997740303779795,0.7352733464052007,0.15922270547766118,0.01262899232927808,0.0006198452764485942,0.009709480409918597,0.0009169698668379534,0.6331582665695538,0.6878820210809466,1.0,1.0,0.9985187087156843,0.13947425592005214,0.990951862883066,0.01656193057213584,0.9927604867740264,0.0005891339048575367
fall,video,..\..\data\le2i\Coffee_room_01\Coffee_room_01\Videos\video (44).avi,0.16998341625207303,0.017727053573752302,0.7737379996254032,0.0006991839975752756,0.9190795908445947,0.9189438472761503,0.5857955950640181,0.844332893904666,0.016018006359410628,0.9783089300367415,0.9647525036190939,0.6762591652700267,0.8124855379716545,0.2974021942317145,0.9899095045170101,0.695835656432242,0.44287562586331286,0.8218084965189077,0.18270506385069854,0.9988480165121444,0.8227434606411308,0.5742783785139491,0.785217514233185,0.24711489518592883,0.9949373441201578,0.7529810350365215,0.23583984174759823,0.7603662639192094,0.2599453913548846,0.9953140212901316,0.7367819825593049,0.26696948536755755,0.02877634782668283,0.0038557053698984847,0.01849422664896259,0.003229391593583209,0.6798246357404735,0.7247137716519196,1.0,1.0,0.9937896916362462,0.018466217684119053,0.9946336811721247,0.036872836043490995,0.9848888031993148,0.0005818945314794023
fall,video,..\..\data\le2i\Coffee_room_01\Coffee_room_01\Videos\video (45).avi,0.16998341625207303,0.03219559706341501,0.9741963403070966,0.6024681231315022,0.9989559728678584,0.45833665597716794,0.2119829954068901,0.6989444599455777,0.568614611219924,0.8750975187247064,0.38035687858123657,0.12724680485221349,0.8917213383624474,0.644368981691576,0.9994159624661765,0.35898479069932737,0.0818279092470737,0.9231994375005433,0.6915288332356561,0.9998933022403917,0.31908583503898424,0.0837348099574112,0.8621495491657792,0.4822520900050638,0.9997904117066423,0.5259045034942071,0.07140431525002203,0.8464002567628179,0.5187731994212561,0.9901193489608309,0.47228589184320063,0.09327710434657945,0.008396202162041212,0.0006809541670168,0.006490087982556804,0.0007394161827240848,0.6459225990703644,0.7054938702232386,1.0,1.0,0.9987484685350304,0.025418205518140342,0.9954861166566294,0.07869566980289347,0.988029598438786,0.0014252429598906667
fall,video,..\..\data\le2i\Coffee_room_01\Coffee_room_01\Videos\video (46).avi,0.16998341625207303,0.04578191229151292,0.889810477879854,0.16542801735011506,0.9966770070409172,0.8486185992147548,0.5218659343182075,0.8118392909837371,0.3654800036508086,0.9803618587532907,0.6625314827123179,0.4300448415100861,0.9340028208152,0.45577110220745215,0.9998075600233012,0.5476588744042479,0.15345390934865782,0.9445278925883839,0.5249560120016954,0.9997382119251331,0.4841554868531291,0.1745883220601551,0.9527478565231632,0.3563478347136546,0.9999442420910475,0.6502500521662267,0.15832059246683627,0.9292446830161909,0.3782815996547452,0.9999425041895468,0.6228709448992283,0.24733409102144396,0.010557439719562722,0.0012306636331841183,0.009059542322576466,0.0025838153515976786,0.6687731714436642,0.7244224033096859,1.0,1.0,0.9979049167559837,0.03953943080599609,0.9930413232930357,0.04250645787883761,0.9896546307313938,0.0005065588789975819
fall,video,..\..\data\le2i\Coffee_room_01\Coffee_room_01\Videos\video (47).avi,0.16998341625207303,0.1228886623522764,0.6873313135604059,0.05137409475677294,0.9988643573117829,0.9532536704247859,0.6396233291256241,0.8160171616346061,0.06076718298580769,0.992881277229522,0.9403677869522199,0.6333734179417321,0.9354792724382626,0.3483988360725677,0.9999538536377297,0.6549976558135719,0.3533797265711663,0.919385376775235,0.43842614187484574,0.9999879948938639,0.5702365452156563,0.27297721265491903,0.9325176193013205,0.29327208354840156,0.999918463786798,0.7124418892783817,0.36864014250373933,0.9084804070640962,0.310476742764807,0.9999822156060983,0.6908370901150308,0.24841760021713183,0.011028930982698876,0.0019583432400995847,0.008708080162450229,0.002492863235823849,0.6085178581876234,0.6341250516158398,1.0,1.0,0.99638024322941,0.14186400173799696,0.9925450318279402,0.033028228445407315,0.9854684200638071,0.0013195334056555284
fall,video,..\..\data\le2i\Coffee_room_01\Coffee_room_01\Videos\video (48).avi,0.16998341625207303,0.13171094496792438,0.7454732431691358,0.18946419621697552,0.9994247583573046,0.8297778276025287,0.6165901537663551,0.7334597872417261,0.05182935294654077,0.9999191375071811,0.9551905782876761,0.650071813276036,0.8476196297450842,0.33500570610578817,0.9996469620216584,0.6680605401559101,0.2713038189421514,0.8176439865955271,0.3495842230619967,0.9998188827100359,0.6581899083019499,0.1914135276457934,0.865890592186659,0.05783239673278906,0.9999837108469447,0.9447439945699946,0.42150716918899755,0.8303160353779762,0.20912621942421866,0.9993549112133009,0.7917407383153143,0.6203974153837281,0.010982558737902862,0.002804454633830082,0.00908435923833072,0.0015637582587656046,0.6112969654617184,0.6415376993415622,1.0,1.0,0.9978681762425671,0.14360199869650228,0.9908643356424393,0.02537965322097017,0.9883660822610063,0.0009716347848929212
fall,video,..\..\data\le2i\Coffee_room_01\Coffee_room_01\Videos\video (5).avi,0.16998341625207303,0.026196444884774378,0.933943736758272,0.4306144750719282,0.9993002039024185,0.6130450146390124,0.31168426620348094,0.8874221300957598,0.3009795382109269,0.9998972232485955,0.7382348667652214,0.5344883432146784,0.85097081018914,0.05037469217461313,0.9988711070058746,0.9514358023993282,0.40823554667358614,0.8966499276508917,0.3361151151026186,0.9996011235429183,0.6713311986837954,0.2847198904585919,0.8761356804196528,0.24151437421447658,0.9995055907102532,0.7630818625513202,0.40182703352008825,0.8860181368665824,0.28840644401226767,0.9999812595042242,0.7129459795136442,0.2241969313896061,0.009369227054670486,0.002413879352562522,0.008777948047147287,0.0032790255839099257,0.5829126732055494,0.5997827025333592,1.0,1.0,0.9959426329926631,0.020204214642624375,0.9946063378227423,0.04181257414550602,0.9909676819069483,0.0006867690786421355
fall,video,..\..\data\le2i\Coffee_room_01\Coffee_room_01\Videos\video (6).avi,0.16998341625207303,0.036430292718926054,0.9159828895543592,0.03737029933353103,0.9993979312899071,0.9663661464021862,0.7280556338781469,0.9246687729636991,0.018271503900860207,0.9991040225440307,0.9835937851328916,0.5588029031322651,0.8623729399716505,0.28489004128568995,0.9999596165046397,0.7184056469229562,0.3510042248266536,0.8848920476237767,0.2976953375601818,0.9997906628000442,0.7096307385493845,0.17256809947135346,0.9263316302201012,0.40238806301251656,0.9998265632384885,0.6047182686309113,0.3917067568490135,0.9103927688539012,0.3788017028958611,0.9996308478031106,0.6220376648713183,0.4018078365791742,0.019609116200205893,0.006855211874482832,0.013346880992210229,0.0041502847604951675,0.5868469455770079,0.6148778587905661,1.0,1.0,0.9906910328066632,0.02281121008038236,0.9944467951889272,0.0331505312900759,0.9916728893682635,0.0015279677354441271
fall,video,..\..\data\le2i\Coffee_room_01\Coffee_room_01\Videos\video (7).avi,0.16998341625207303,0.024961325318583655,0.8383722395486649,0.38881490071396657,0.9998143812903436,0.6511050604247164,0.45078744930053793,0.8265432376772829,0.45678916995129704,0.9995194151596731,0.6021942606494995,0.3265201668160645,0.8295271813746351,0.11976914048842546,0.999649125977971,0.8829380572484742,0.44466294629403663,0.8137746107320589,0.11608770324425778,0.9994295696804838,0.8894065387004527,0.5787864307064047,0.8750735358256158,0.3534841092734133,0.9997460254768483,0.6528762445986409,0.38151843624398757,0.8461109659495286,0.36760410907312696,0.9993463224717998,0.6329702615439625,0.4157310941439785,0.007814062182435792,0.0019862578040372976,0.016076321406371673,0.010706260522384391,0.6000542894614828,0.628444403220402,1.0,1.0,0.9974067186126263,0.013252226808603084,0.9947121163293051,0.03302620320843863,0.9906562117836331,0.0006508206686197163
fall,video,..\..\data\le2i\Coffee_room_01\Coffee_room_01\Videos\video (8).avi,0.16998341625207303,0.03978276011287229,0.8920350775271446,0.8345236248487683,0.9951171695596539,0.24605679795969918,0.07250912693518663,0.972906046610973,0.5736343844384666,0.989712028952973,0.4906464320497308,0.27959405968995815,0.9276072476322865,0.4790577170430953,0.9926585358757659,0.5172418835209144,0.2894635350952543,0.9427002924631234,0.29515767787954444,0.9997939358460116,0.7121511628199463,0.540729255921299,0.8589094888047415,0.21230482182298155,0.9987773256368525,0.791164464815648,0.38576392088731437,0.8518561164272024,0.026784113485361413,0.9999611645718153,0.9750169875252065,0.8183206361534505,0.01520226267737393,0.010488441409621713,0.009698596516605096,0.003216302576385397,0.5763351779035544,0.5973584290386046,1.0,1.0,0.9916979074285689,0.03714968498805127,0.9962975956780878,0.015067424617914799,0.9908554382443917,0.0005682680089685343
fall,video,..\..\data\le2i\Coffee_room_01\Coffee_room_01\Videos\video (9).avi,0.16998341625207303,0.030607586192598374,0.7267439420232786,0.0408256181821768,0.9935035887901801,0.9573649788820218,0.5360726885580912,0.7331819568342298,0.006194165255385826,0.9989588017899865,0.9939641832510054,0.7952156836646108,0.617238355024297,0.045169502529802466,0.9788021381215244,0.9365059290191166,0.4717608729776127,0.5714284578038115,0.009930242207849013,0.9588601433746223,0.9539278782430375,0.6882682776708963,0.702692198848903,0.0696946467963543,0.9953795946098819,0.9284306887625402,0.589559047141592,0.6632809885980636,0.07020545349282094,0.9964064007393133,0.927956364029704,0.63674435437604,0.01871398603820994,0.005549987034843039,0.011137601614922898,0.0011201738559677983,0.6188113734801737,0.6564824111042836,1.0,1.0,0.9967401874396709,0.02237671084075603,0.9944784425420697,0.01224362147411074,0.9847709469370595,0.0015488372873587607
fall,video,..\..\data\le2i\Coffee_room_02\Coffee_room_02\Videos\video (49).avi,0.16998341625207303,0.0810710427541049,0.8735299093492417,0.4579019129206813,0.9998813961060492,0.5891161481002124,0.2834413388571631,0.6133819866593595,0.002478213587424123,0.9942193481589152,0.9924582985198679,0.7652156819698899,0.9385553540224858,0.7338384792357054,0.9999420656217475,0.27019305126325716,0.20421663812506147,0.9274384152338194,0.6387754868351212,0.9980726283726723,0.3695824873757298,0.1762775619059893,0.8656376147624071,0.6543236433086009,0.9999658269620835,0.3563495618599429,0.11135577633384186,0.8845717706065005,0.6924264040282722,0.9991233207404775,0.3073424832092555,0.18364774896188907,0.016284336568699216,0.0017856055159786808,0.01283463799061482,0.0031859793597895448,0.5984528043500692,0.6515765756610846,1.0,1.0,0.9957458078964991,0.0951553334781664,0.9929888742860307,0.02917956554996919,0.9780867850381567,0.0006351968957893883
fall,video,..\..\data\le2i\Coffee_room_02\Coffee_room_02\Videos\video (50).avi,0.16998341625207303,0.33903458643565226,0.7098391517279614,0.005780559476336859,1.0,0.9953433603924889,0.7324045552281452,0.625964551354046,0.003897780162623779,0.9977901756802748,0.9947945415534818,0.6308447649515214,0.8429573649764702,0.2699640266352483,0.999620451060816,0.7329664773314803,0.2808297006680392,0.8506915788465598,0.6532540167598915,0.9962280483384929,0.35336702327359054,0.15343213979453932,0.7736918841418837,0.5282572834138977,0.9995243305812921,0.48025860795042097,0.11707049562156858,0.7961660756851809,0.5641145592267688,0.999836936314768,0.436599217451938,0.08794623638930439,0.02182603002487866,0.010264111015942967,0.01294173366887543,0.006027389576349853,0.43928918501716235,0.5093599350298446,1.0,1.0,0.9925631623127894,0.09884857701499022,0.984612159569433,0.02874935066401372,0.9836207694612258,0.0022073138135899357
fall,video,..\..\data\le2i\Coffee_room_02\Coffee_room_02\Videos\video (51).avi,0.16998341625207303,0.030078249235659486,0.9258812887027168,0.476522771685971,0.9977547851576735,0.570262601346292,0.232682352990447,0.9069337810453202,0.14500742670331873,0.9983658648079543,0.8725070148465416,0.6319187009388508,0.7073367120102517,0.33863762370881073,0.9963948704689807,0.6611733315148025,0.19241703776881605,0.7295378535926517,0.41454606373270786,0.9984383749452466,0.5923659077530242,0.26089721916181535,0.8815488579960256,0.3697753762277896,0.9968855593409014,0.6339409737641053,0.17225280737020054,0.8784035589574439,0.27043021241639026,0.9980895396934882,0.7290591319705766,0.1886660092550595,0.006190700551451651,0.0029691687216603724,0.055564014240024995,0.03472314705945477,0.53874581623556,0.5188094462404425,1.0,1.0,0.9912457648254681,0.01390397566804258,0.9858271879922742,0.027370177098148003,0.99302592024954,0.0005867057869878226
fall,video,..\..\data\le2i\Coffee_room_02\Coffee_room_02\Videos\video (52).avi,0.16998341625207303,0.03219559706341501,0.5229519881607763,0.3927179532860137,0.7613131244128395,0.408970220539452,0.09253046955780017,0.6098989387138608,0.1918223506935071,0.998134678551732,0.8315142221177442,0.23555014408160568,0.7693672316658415,0.5664528414840441,0.9764028913707754,0.4136913247679537,0.07170428811414849,0.6800409580515583,0.46672629699097173,0.9836679291127863,0.5257615233148816,0.11814475861117173,0.7822671626449775,0.5704181288992993,0.9918437927729788,0.43097691457949117,0.07815279333862454,0.6827108430493549,0.42951074143155166,0.9709473321532393,0.542500088730864,0.10793874455443471,0.007657962490445475,0.00037491088955543875,0.007119640597746456,0.00037317408663809805,0.5641452971335802,0.6131997806893874,1.0,1.0,0.9989141154265818,0.04649141864001738,0.9938628548575,0.048217007245615326,0.9906131105726852,0.0012847346110803134
fall,video,..\..\data\le2i\Coffee_room_02\Coffee_room_02\Videos\video (53).avi,0.16998341625207303,0.061838466651992274,0.686850826415128,0.29404479710584214,0.9982582891504254,0.7346733972550804,0.517140949273697,0.6185849778841448,0.051912206428253754,0.995227985283393,0.9504254140759911,0.5645609450693115,0.8724828545085793,0.6723317070611818,0.9994033736830239,0.331056368737882,0.09493852233481734,0.8676522696223474,0.5062055768251482,0.9999101217406742,0.5029270551818169,0.14433898253617558,0.898415697560438,0.7067104007005862,0.9999365851693562,0.30464618485787337,0.07111614259270589,0.8952735506426529,0.7095652573269506,0.9997392441069115,0.29079000442288777,0.07881275355557167,0.009998380760825105,0.003208140378863577,0.006934197994508157,0.004972380520794921,0.46674123641673537,0.5349279048621521,1.0,1.0,0.9982516168847092,0.002824245057571149,0.9928341104652841,0.1111289981145517,0.989802788366887,0.0018201435623181872
fall,video,..\..\data\le2i\Coffee_room_02\Coffee_room_02\Videos\video (54).avi,0.16998341625207303,0.03854764054668156,0.9898922187886626,0.9165886505490396,0.9999546011128047,0.17718362848724992,0.09024124151709088,0.9658182152372394,0.83610975887218,0.9903488851714818,0.2627475799999113,0.1425672921989207,0.9151544922913595,0.5625744769415932,0.9987275467968681,0.4399516414082297,0.21396930245568344,0.9441375196710916,0.6441635017946203,0.9998757186431442,0.36605038975375487,0.13916282662475885,0.9455269422815388,0.3158986104548357,0.9983785902140578,0.6885805215284279,0.28005374510232495,0.942063219635831,0.32435599993399444,0.9997263186096942,0.6766765820801711,0.3301317290277677,0.011639662202706605,0.002223225877197858,0.048778816068984536,0.025169420021927354,0.5853788238224654,0.5632690770616364,1.0,1.0,0.9835307226737191,0.00043449923962633063,0.0,0.0,0.9283438052317129,0.0008526313702347543
fall,video,..\..\data\le2i\Coffee_room_02\Coffee_room_02\Videos\video (55).avi,0.16998341625207303,0.05125172751321468,0.7599407846421827,0.06238129097744877,0.999647520842289,0.9441502697645532,0.5333783622706734,0.8493833892663076,0.14261878546888607,0.9947923680171655,0.8710118698141973,0.24989254634878294,0.6775283578641917,0.04692045275992445,0.9978901662714458,0.9539005004355833,0.6067596808090909,0.6742485632415678,0.1258388975312001,0.9984118158541485,0.8787112410436828,0.5074903693539609,0.6909704004588539,0.059411947227100095,0.9995710611095977,0.9427725374848854,0.5665676371826154,0.6301468234600806,0.07045719298636649,0.9959994657927544,0.9272964701933689,0.7166914876287583,0.009945798827690255,0.0011855306579125501,0.007622084259562522,0.0012696732115298338,0.6190260050708976,0.6709809895696108,1.0,1.0,0.9920528097799722,0.050401911796654354,0.9923012468674273,0.01702455893154242,0.9928401990200209,0.0005889585941188634
fall,video,..\..\data\le2i\Coffee_room_02\Coffee_room_02\Videos\video (56).avi,0.16998341625207303,0.07030785796301434,0.845755868179039,0.13481619965697736,0.9997642155655451,0.8792038860071649,0.31514343001537476,0.890706700209236,0.41539740818138376,0.990659161797498,0.6293700665176147,0.1407994770869432,0.7900981520022771,0.3975293127504731,0.9996520688439912,0.6056469845619435,0.47323062168606195,0.7607580345789946,0.3700157617290047,0.9997056732349477,0.6378098350729933,0.3093060985713315,0.7435936993978376,0.43492269335169303,0.9997357800773827,0.5725352957350495,0.1649296489006416,0.7068516114451879,0.3610944977837662,0.9992989226448995,0.6394440483192323,0.22384146577220343,0.01202156492150901,0.0007827069494601554,0.008757861497776978,0.0008869500395463655,0.606443981792312,0.6421788379313929,1.0,1.0,0.9911963751527412,0.016945470345426896,0.9960111805011712,0.0837407333558313,0.9910476857526302,0.0008924915520077786
fall,video,..\..\data\le2i\Coffee_room_02\Coffee_room_02\Videos\video (57).avi,0.16998341625207303,0.09359868406832506,0.6571378689669057,0.024042732871197802,0.9979337917094369,0.9768724302779953,0.683554654056146,0.6742590749062375,0.004562912897545758,0.9983970661438675,0.9948225465203472,0.493652340632658,0.6277675715560718,0.016643653166518956,0.9993056264991038,0.985545994002116,0.9097557259182004,0.6589677264121315,0.017200278522392167,0.9994036750203711,0.9874681091038797,0.6251344777673866,0.6922262139031877,0.0379657809189205,0.9997062775184647,0.9640624084800418,0.7594061220111463,0.6932708498342428,0.0034394134314395548,0.9996433458114501,0.9980851009733802,0.5311532674882875,0.007107665375134949,0.0017411597350314456,0.0066204293676175455,0.0018694250826838833,0.5286968471887192,0.5487450138768454,1.0,1.0,0.995488667958746,0.06626113404301542,0.9941558356631064,0.0030769962166801485,0.9816431598207893,0.00048145829865282473
fall,video,..\..\data\le2i\Coffee_room_02\Coffee_room_02\Videos\video (58).avi,0.16998341625207303,0.04913437968545916,0.9071950788358422,0.285546779924426,0.9988727341291211,0.7429213374551253,0.6174964115315613,0.9679641078896026,0.04484653124036128,0.9995596125921288,0.9609108169607625,0.789511839536316,0.6890891978305901,0.27152121742537605,0.9998316069331651,0.7316236592528873,0.23400472294259714,0.7056574676436036,0.37606854835913944,0.9998116743440802,0.6319125496853267,0.16473657881900483,0.8139606382510054,0.44809671736382295,0.9997702891528014,0.5595750639369995,0.184948808238194,0.806723083624918,0.4290136593332425,0.9998182693748998,0.5719235072685287,0.16337981977672505,0.00781274297702233,0.002575997354157151,0.0058977291806719045,0.0020980900293592936,0.5549723854490124,0.5726801918236496,1.0,1.0,0.9936986856558662,0.025852704757766673,0.9956230208587915,0.05076193682801397,0.9892414367513899,0.000958419076258273
fall,video,..\..\data\le2i\Coffee_room_02\Coffee_room_02\Videos\video (59).avi,0.16998341625207303,0.03854764054668156,0.8582082446432553,0.4460257185505701,0.9992517525049095,0.5991537103227466,0.24870614330322344,0.7928669959771169,0.018456756381613433,0.9909622611950956,0.9752874766339851,0.25894662892628767,0.7753387080908584,0.4516604204659929,0.9940523805753264,0.5459910292621225,0.08926589690684933,0.8048304302425032,0.6324896468247206,0.9974093005697916,0.3751507561204719,0.10979145340120773,0.7226777623293082,0.22149481843473862,0.999217475754426,0.782540434897903,0.12083856909331742,0.6864562501378041,0.27644327863397666,0.9999923988758279,0.7249417425161376,0.09631112074577411,0.007474563944455141,0.001319529154742425,0.005822529919718976,0.001974630841525306,0.5859529383680396,0.6200860317841644,1.0,1.0,0.9910873648570216,0.028894199435150987,0.9954229815668024,0.023057340996428657,0.985106308794768,0.0003894173700453649
fall,video,..\..\data\le2i\Coffee_room_02\Coffee_room_02\Videos\video (60).avi,0.16998341625207303,0.04278233620219261,0.8013611394939582,0.1421780406015593,0.9999363526381412,0.872763495702674,0.36730140632450653,0.5423847548863323,0.0005391541967171339,0.9997300619084536,0.9996595402479487,0.8273943957029094,0.49468276274060924,0.1310164894005489,0.9989645710835409,0.8710230726874831,0.2626715318168439,0.4453052673125444,0.04420770310816218,0.9936295571941872,0.9548753962354622,0.28224523134636814,0.8765033499463701,0.07971226905664151,0.9994256543156789,0.9226027139904133,0.26554319222801637,0.841145850867488,0.012794749532632597,0.9999669345558193,0.9890372003943761,0.24183668557161403,0.009289564081396477,0.0018497814170427532,0.007656018136019294,0.0021048304368325526,0.5915540439352923,0.5933358674594866,1.0,1.0,0.9862991363241213,0.0325874429719748,0.9956065912232774,0.0198756497419566,0.9900027785411128,0.00042159674930501847
fall,video,..\..\data\le2i\Coffee_room_02\Coffee_room_02\Videos\video (61).avi,0.16998341625207303,0.22610936895535794,0.6877913057992237,0.005702879784710718,0.9996332687666435,0.9950462068855066,0.6286638035830637,0.7768062761522511,0.00024350321445930812,0.9992142503414676,0.99940094465331,0.6172544797081948,0.8887330927241499,0.42020975665022137,0.9998673055657612,0.5832204557799168,0.16756909246366894,0.885948853943036,0.43581043883395215,0.9999624501900158,0.5728054160657723,0.09392964016368532,0.8556081391357793,0.33046944979476617,0.9999890052158072,0.6758212287626469,0.07500276907216309,0.8489431787417256,0.3433845200321204,0.9999602211764627,0.6578483082763198,0.08031456342589854,0.031048552304616766,0.014953884577290482,0.007091828503438749,0.006451601079886654,0.4415932957243565,0.482778097380419,1.0,1.0,0.992349224856622,0.04670866825983054,0.9836330991612975,0.009416466607893944,0.9946712062232974,0.00016532227445974462
fall,video,..\..\data\le2i\Coffee_room_02\Coffee_room_02\Videos\video (62).avi,0.16998341625207303,0.04401745576838332,0.6788215710058022,0.34600970274169085,0.9992097896387474,0.6889490182964076,0.09292746646121404,0.7548277539291606,0.2778540504414907,0.9986209167686948,0.7570932946069332,0.5296972666482892,0.8054423370661435,0.48167677169016576,0.9999284555511423,0.5219179219146509,0.1647777367696009,0.7659520778763177,0.4350512392981172,0.9994322206380744,0.5730255260869472,0.1503953996111904,0.7657152877106238,0.42577271070401973,0.9999713099612243,0.5817967562898613,0.13696634483892967,0.7552365219007972,0.363967651210316,0.998797390841935,0.6360632676892994,0.1326146810380912,0.010905000332166131,0.0009112657215324898,0.007612314923310347,0.004240298486363992,0.5754789986661952,0.6013227376376485,1.0,1.0,0.9983160850538326,0.03910493156636976,0.9950833010077093,0.06445849158275496,0.9903852018112391,0.0008924856627764687
fall,video,..\..\data\le2i\Coffee_room_02\Coffee_room_02\Videos\video (63).avi,0.16998341625207303,0.09942139059465273,0.5811767353719188,0.012844037185283305,0.9894420573772387,0.9784351416054595,0.6061600226334024,0.6906770657969064,0.01005786921579255,0.9996196582830289,0.991261196219251,0.4276941142299668,0.9399514187546614,0.7939470646223825,0.9991378717478866,0.20937885020462205,0.051263331373522084,0.9672128298233558,0.8231677570079098,0.9997489696321289,0.18836656780497565,0.05171409836046414,0.9195276627187909,0.5082627460156797,0.9996865413548399,0.5001436412641429,0.07605041344489726,0.9093719153116665,0.3928313764661091,0.9999947248607962,0.608347415089606,0.07277024959983923,0.0032018141754401592,0.0007256787824720867,0.005037639598968269,0.0020119659783596703,0.48997798470006065,0.5188225462885461,1.0,1.0,0.9870593476314585,0.06495763632413643,0.9921117688766642,0.009596796747968636,0.9862771343056143,0.00013454506765507254
fall,video,..\..\data\le2i\Coffee_room_02\Coffee_room_02\Videos\video (64).avi,0.16998341625207303,0.031666260106476135,0.660219996675383,0.017036456531381677,0.9946256895576473,0.9798557973299169,0.5438758130106675,0.5483542978985525,0.05238809444109643,0.9637446721054677,0.9185151850217442,0.6347486477502057,0.926211325153461,0.6743634440129503,0.9972891257527445,0.32690775092321744,0.2046485139036155,0.931854009676813,0.7733549603302325,0.9997754502075618,0.2378030821922612,0.19836828165200568,0.9290152804243588,0.5032334992253142,0.9998229357139926,0.5052411103296968,0.13356076795313965,0.9321729131054809,0.6491818860426254,0.9999967798677997,0.35153960080696356,0.17524796868427184,0.011424805681473256,0.001082962170395187,0.009382198034186051,0.0007290891653645367,0.6428287003770969,0.7028468160099407,1.0,1.0,0.9986273303859503,0.03150119487290897,0.9967500007429753,0.10491974042118388,0.9864358256326748,0.0012580253432559186
fall,video,..\..\data\le2i\Coffee_room_02\Coffee_room_02\Videos\video (65).avi,0.16998341625207303,0.11971264061064314,0.7052739305069968,0.23591340608731656,0.9989004870229315,0.7875312446606895,0.1938562191508503,0.8635953547901154,0.3765266340652101,0.9998222205724927,0.6723813652512516,0.1540879839059505,0.9567727122597257,0.8023666606240307,0.9998953611580921,0.20173303867818232,0.05074444846885319,0.9699165764815204,0.8586932402321867,0.9997352994378962,0.15311468349665952,0.05586430400731985,0.9176664939691767,0.25939470620540406,0.999986300987433,0.7459263549059448,0.06712419934303135,0.8862699775894112,0.27867682969058816,0.9997911221487663,0.7225025323414089,0.06706620987483321,0.0048679075516658964,0.0010349965476527396,0.0036377672327002016,0.0007271173618331113,0.5173279717013054,0.5613099564506904,1.0,1.0,0.9990619300594371,0.04627416902020421,0.9922143058325793,0.007007565087251461,0.9950010387955035,0.0001076429278553268
fall,video,..\..\data\le2i\Coffee_room_02\Coffee_room_02\Videos\video (66).avi,0.16998341625207303,0.04684058620539068,0.7120852006103169,0.5249834576482861,0.9827637559332414,0.5117347454200448,0.10927183325102374,0.8327226437147985,0.5769115818839854,0.9986309701431989,0.49671549311068913,0.20887549893623475,0.9134344837231766,0.761219924724112,0.999926528242074,0.24284197663189735,0.07977777448501097,0.9254696686779617,0.781779799864443,0.9993195062941235,0.22898810263049257,0.04189991961061806,0.8946711121165958,0.6976335687091464,0.9995746101059396,0.3132369058933114,0.03520741022980365,0.8823357965706703,0.7241585639184022,0.9997322229366776,0.276163513140231,0.04494569136250686,0.003537262017898722,0.0011650900086246723,0.004500590636087594,0.0027347704605645427,0.5655293333133481,0.5975040221093267,1.0,1.0,0.9971918369849275,0.01911796654355855,0.9910879413048266,0.00941748521196615,0.9868386247781055,0.0002477363780375547
fall,video,..\..\data\le2i\Coffee_room_02\Coffee_room_02\Videos\video (67).avi,0.16998341625207303,0.05548642316872572,0.7156217761305482,0.01887648577118958,0.9993002389465924,0.9828800827724936,0.22353653295576617,0.804183545533799,0.0015714336692738016,0.978905613114219,0.9779279815386391,0.23987695109422985,0.9763915126964264,0.8984115548834541,0.9999497884449958,0.10590391366936694,0.0324223059841752,0.979489106484798,0.9232148508710534,0.9998910008420566,0.0892714401353264,0.02802597038242302,0.9737375517624453,0.9029666768697752,0.999981959785025,0.11110525640050775,0.027809290669781016,0.9611649895319145,0.8684129080371192,0.9997764066941389,0.13169494170975618,0.031401807546018026,0.013158450348085422,0.006220096869597998,0.019105756730865706,0.006530821381664256,0.47526528511503296,0.5842286310287225,1.0,1.0,0.9980580368966826,0.0030414946773843145,0.9989134456765213,0.0076699192890577585,0.9717799336948599,0.0004428687343996481
fall,video,..\..\data\le2i\Coffee_room_02\Coffee_room_02\Videos\video (68).avi,0.16998341625207303,0.2778079450830552,0.7781741281650425,0.001215690141244222,0.9999660327378495,0.9994096732946791,0.7721612081405059,0.8211623020806075,0.0970989668821898,0.999967548063896,0.9158229874771104,0.7525242937371281,0.9118754049548838,0.5447654288233065,0.9999079589478916,0.45891458752064895,0.11582375996193672,0.9249400221863266,0.47706576551889224,0.9997043907214516,0.5316243900787345,0.17503834522159703,0.9097481181913727,0.526249771275875,0.9998659531234264,0.4825810491768415,0.10145627857474557,0.9122167624031761,0.4210912629034065,0.9999780489521732,0.5800201813641592,0.11545268404191136,0.0036239997738307696,0.001734203245242046,0.009935475174981142,0.003994516746251439,0.5256471026421179,0.5553524539875072,1.0,1.0,0.9948292270603096,0.21572887247447317,0.9993367969668662,0.014441660255446912,0.9762875538693948,0.0004158489029620414
fall,video,..\..\data\le2i\Coffee_room_02\Coffee_room_02\Videos\video (69).avi,0.16998341625207303,0.22063955373365618,0.8987644295276835,0.35745223573331286,0.9998794444214453,0.6793410159451512,0.36846418543090903,0.6772263307368892,0.07776013035711145,0.9974982129849843,0.9301908928534937,0.6073731491060539,0.9617494465611314,0.840223435807414,0.9999901908167165,0.16403489694705384,0.05031266952206204,0.9674164537443104,0.8698548103489104,0.9999522641441649,0.1422614684642018,0.08760417304811262,0.9148666041791227,0.7425235855601479,0.9998289250302543,0.2692123517873019,0.09037817530511659,0.9420143714157645,0.7786066818001007,0.9999029521902759,0.22178887933143615,0.05464743588134793,0.0027830240813127628,0.000532506665507634,0.004440711389524417,0.0016640176768026233,0.44396601309538,0.45598398113154376,1.0,1.0,0.9948913283805806,0.14512274603519443,0.987548559310281,0.012997580680875958,0.9867516364256236,0.0001594694322817728
fall,video,..\..\data\le2i\Coffee_room_02\Coffee_room_02\Videos\video (70).avi,0.16998341625207303,0.142297684106702,0.7478995277132835,0.07130794764763349,0.9995342743725614,0.9360187800776252,0.32772324639835293,0.8661726847035268,0.40992362128721366,0.9992679101387757,0.642748248139292,0.15944158008702303,0.885021193323803,0.29582174015447377,0.999958930930872,0.7074916065379337,0.19044924303856922,0.9012827593084317,0.343872132781706,0.9999068720891694,0.6639442383769477,0.11986689350593847,0.881435940575821,0.23116855398650363,0.9999386743756113,0.7737208029395569,0.14651241797788653,0.8860026822329767,0.2205127816728401,0.9997917257330083,0.7807714113087122,0.09556161792976062,0.008607575836015468,0.0009057915017842444,0.013520679283749417,0.0067890358238018676,0.45082109484739563,0.4409981551568267,1.0,1.0,0.9910811177456562,0.06647838366282859,0.9910619043735787,0.0044877931789648,0.9652329430660825,0.00010096275870300796
fall,video,..\..\data\le2i\Home_01\Home_01\Videos\video (1).avi,0.004043845796060097,0.04278155984132243,0.6885452002762791,0.5315221063561048,0.9294076057167985,0.45247681183256466,0.08033156081856202,0.7749530785972458,0.48688506649460644,0.9972423107826446,0.5737119048806263,0.4393433019958789,0.7352687087675042,0.4871777133700204,1.0,0.5164979610646183,0.1685350354028159,0.6657058429893464,0.4459233505698491,0.9994054735604176,0.5622144669855701,0.1479341631680229,0.7707210541455147,0.5435925365834755,0.9997944898629371,0.4654026243642616,0.13761413561117178,0.7313792625898553,0.41853762970058955,0.9975359328226783,0.5801316636557479,0.11013450087010497,0.006499419952819959,0.0002938146489418115,0.004773133786501677,0.0030646903160702634,0.5722353436169394,0.6272533072960879,1.0,1.0,0.9991109101560207,0.019769715402998045,0.992689789855853,0.028199137016296623,0.9805656585971527,0.001012950772625006
fall,video,..\..\data\le2i\Home_01\Home_01\Videos\video (10).avi,0.004043845796060097,0.05160370130044857,0.9383358906256768,0.28335545743509005,0.9997875721379249,0.745804975047401,0.5038090955441835,0.8940592285421709,0.0382195650884005,0.9945438132960572,0.9616630816776448,0.6026121940261098,0.9152440875364424,0.058527972837683406,0.9993861944282345,0.9438127644798797,0.5985002901440764,0.9429075795184787,0.09531922167321669,0.9999832146352434,0.9105635238722115,0.37209119920076367,0.8193580792188189,0.16530869904071985,0.9975466850672047,0.8362883843225125,0.661176559562485,0.8630167845555009,0.03259460903414497,0.9993165926590619,0.9685502910749949,0.6623996533892033,0.06198735736449786,0.03391835296535509,0.018485506056106354,0.008007039570631187,0.6203646305620454,0.7222718780876294,1.0,1.0,0.9935797001969999,0.01346947642841625,0.9916152149006391,0.005802119483898674,0.8350936061495291,0.0006681804382545214
fall,video,..\..\data\le2i\Home_01\Home_01\Videos\video (11).avi,0.004043845796060097,0.05160370130044857,0.9900420772815098,0.8709597842940758,0.9995802179569345,0.21779421910883293,0.13020696119959382,0.9372435876924659,0.7231745630916941,0.9804251206376793,0.35115195140479144,0.2934788618317,0.9724342350235204,0.8427436328172528,0.999808510291827,0.16133672965212642,0.14189740015408803,0.9778424742436826,0.9053172944193706,0.9997442604464636,0.10687674358426424,0.08132965512402879,0.977045669424967,0.724887391969747,0.9990046933352893,0.28578290051587196,0.21674384466697647,0.9734087525707859,0.9140303881261989,0.9996215403754325,0.08584055932899871,0.045921214702142735,0.02890250095804851,0.009903428455878808,0.03138697538362219,0.0143966135727885,0.6092133014738921,0.7696534444137367,1.0,1.0,0.9959832400322337,0.014555724527482076,0.9946481296965631,0.025962485010362687,0.936191375694671,0.001402307707390871
fall,video,..\..\data\le2i\Home_01\Home_01\Videos\video (12).avi,0.004043845796060097,0.03395941838219628,0.9138725197269608,0.4927971119558378,0.9999375922500847,0.5578284920102002,0.37869125308124413,0.7809006117181206,0.4136866137128409,0.9907960038552657,0.6309965431485534,0.3232640404736723,0.7785251899587612,0.16116166576204574,0.9960412620923085,0.8379968231517524,0.3333720563505844,0.7948746984540621,0.20804699557469147,0.9998226962903444,0.7985861795308963,0.13967834527791442,0.7553395830842807,0.1693861865027264,0.9800627223901565,0.8147508295600846,0.30370300122213867,0.7498268317458738,0.23781938412494574,0.9990674604556178,0.7627081638463379,0.13766090580758264,0.008591718318131445,0.0004329828487230857,0.008190872642408248,0.0014333870930334654,0.6582049785825453,0.737593542081083,1.0,1.0,0.9987883595373812,0.02324570932000869,0.989383951381392,0.019836695097587776,0.99354232158762,0.0004787388954199885
fall,video,..\..\data\le2i\Home_01\Home_01\Videos\video (13).avi,0.004043845796060097,0.03837048911175935,1.0,0.941253728783591,0.9999953630184498,0.15506952183071412,0.0813392175472479,0.8513949474384649,0.28771691792462417,0.9604015579917689,0.7102711372213565,0.49931554784629395,0.9541513531071897,0.4462388730295784,0.9986653645948245,0.5560296463049144,0.33476268323749825,0.9620330235859719,0.484153960754648,0.9988414302919408,0.523726139731908,0.2347639141659813,0.9202754217681366,0.13211452424191958,0.999452987966802,0.8709407276450476,0.4456346154970197,0.9479767275556804,0.16882627189167496,0.9999708826818203,0.8327300351825937,0.387897689115546,0.02110412388113734,0.004296476297627229,0.015870839286545677,0.004561962953085193,0.6707083296903715,0.7370000389990266,1.0,1.0,0.9957192428923969,0.02411470779926135,0.9988823180068306,0.07894167736831434,0.9835857438956436,0.0032555691600992514
fall,video,..\..\data\le2i\Home_01\Home_01\Videos\video (14).avi,0.004043845796060097,0.0471926305708855,0.9748467536287521,0.8894607119250862,0.9990777685988845,0.20067342952175649,0.15907575573470306,0.9551959784745953,0.22285303532216086,0.9948453188429793,0.8012052919103587,0.6305167024003547,0.9691542931330551,0.7759247772112207,0.9993872510251655,0.22762098390931276,0.18466054684906089,0.9580790435900778,0.5443549440629776,0.9992367921983978,0.4644094669964097,0.2350927456030779,0.9685582298503996,0.6778350445564181,0.999769860005837,0.33296169133990056,0.2842586421233127,0.9660438364563091,0.7040172796232964,0.9993393693662693,0.29594729403883685,0.2585368646294328,0.039646326860045204,0.013569726241584493,0.02784233380095961,0.008883155815082918,0.6591716788509527,0.7336984164411315,1.0,1.0,0.9924266195245262,0.014990223767108407,0.9937946312058139,0.02678394452104905,0.9834130981220037,0.0029315582540410828
fall,video,..\..\data\le2i\Home_01\Home_01\Videos\video (15).avi,0.004043845796060097,0.03800289988429577,0.9765843094958703,0.9040627213600225,0.9998262664490445,0.1883063788668197,0.06967659430938848,0.9683040644962377,0.6720511737831302,0.9978534416644594,0.41310009964453115,0.16997417901003595,0.9625797483623022,0.8202483265983221,0.9996798462054556,0.18366525152516872,0.06347197408554824,0.9632696208240735,0.8269455949031251,0.9981768225657648,0.1830390759720997,0.06560494697497223,0.958323560516874,0.1498261454792076,0.9985004647009876,0.8525158137006338,0.44309970732077253,0.9533092396958128,0.010113203836435217,0.9996496891724628,0.9914057069033735,0.5999157627072008,0.012615893160613307,0.0038716872140010963,0.012233212722856783,0.003531643132453935,0.6236913201163911,0.7124238199566917,1.0,1.0,0.9952944690392872,0.01868346730393222,0.9900289309187871,0.008910364784776522,0.9910195500171461,0.0004726557709932642
fall,video,..\..\data\le2i\Home_01\Home_01\Videos\video (16).avi,0.004043845796060097,0.04278155984132243,0.8267325108827496,0.3002268330608095,0.9839788180312468,0.7148333932314723,0.41517248762502157,0.989030499469249,0.7939970799151995,0.9995601738969414,0.3086298378474381,0.18517810716346172,0.6190180210513841,0.32469167140880506,0.829629884738935,0.5078542668914428,0.14022096438688214,0.5562596131597068,0.19367672832682112,0.8656151373851468,0.6779443537775951,0.1324713739056243,0.48883490794121265,0.2816835413952244,0.6558756963640208,0.37920868759031845,0.17595005385152523,0.46299298782356596,0.245254105982377,0.5825263214392367,0.3379325486079546,0.10973855776689607,0.0033935461082425285,0.0020131037938234575,0.0037948646902785208,0.002191463776551649,0.5134676614439743,0.5459516974511144,1.0,1.0,0.9984717557810864,0.04171192700412774,0.9894301656416861,0.00980857874990496,0.9943242331660097,0.00028278636375668307
fall,video,..\..\data\le2i\Home_01\Home_01\Videos\video (17).avi,0.004043845796060097,0.03837048911175935,0.5203750303773885,0.08605745746803728,0.9931438206590044,0.9163764649091689,0.5044142170189728,0.8557395972403418,0.5109907778473579,0.9986649323535972,0.5541463748664993,0.3352531557487953,0.6359563830135045,0.26168338648554945,0.999038326232216,0.7406494319936882,0.10344819318903942,0.6476030502638889,0.22466702525580792,0.9204467987507782,0.7023175881217295,0.16296311695247737,0.492147553456956,0.23825085895896697,0.9990526946414368,0.7658472666225999,0.19601134958360236,0.42132680822365826,0.20865017021205975,0.9076311240804301,0.7003206784602025,0.28951037115272016,0.0024081882753878136,0.002350676828519719,0.003065215162297378,0.0023374968465950364,0.4973269453936634,0.5289293711486766,1.0,1.0,0.9970090950874535,0.00043449923962633063,0.9886734415577962,0.003980089915578494,0.9958048900947496,0.00026671209536058163
fall,video,..\..\data\le2i\Home_01\Home_01\Videos\video (18).avi,0.004043845796060097,0.03395941838219628,0.7529691670445071,0.12079845115390782,0.9474909046906199,0.8394937254011823,0.5923657891420308,0.8333634157193486,0.15483499781425003,0.999202554259114,0.8647872223929154,0.6230642074481061,0.8915974962058821,0.6309129135172251,0.9856147361179782,0.3585776050953448,0.23971418059285718,0.891607943874763,0.7256170862742479,0.9822331486947431,0.26752257022966225,0.18915231296459756,0.850186881894983,0.3541920185092641,0.9942328207288899,0.6466548045048082,0.3319468565293121,0.8510467803007761,0.40959392887810664,0.9963708897764894,0.5879241483602615,0.2085422350698225,0.011186343117915607,0.0029411919424782236,0.006580208689530391,0.001049614450596639,0.5801381653491723,0.630182679875757,1.0,1.0,0.9963927609486798,0.03019769715402998,0.9951447948389688,0.029120137198147288,0.9907589043817093,0.0011472474792046934
fall,video,..\..\data\le2i\Home_01\Home_01\Videos\video (19).avi,0.004043845796060097,0.029548347652633214,0.7539166639484256,0.4085102921407894,0.9971160715728024,0.6307143322062443,0.302830277465212,0.7723668302452812,0.49820745878348216,0.9998962349360426,0.5665085391177296,0.37557475046592603,0.7417367961677372,0.14267308059169745,0.9941404280990177,0.8545481133184919,0.6178614149925051,0.7605706558808282,0.2383349450430679,0.9905099025044674,0.7591826509139322,0.43668121633106244,0.5732614486175135,0.33919517571334823,0.9914347105723282,0.6586444652554256,0.3669434035981307,0.6930850435985653,0.32665646427522327,0.9946533093590114,0.6692894083367403,0.5738603351754636,0.010527664855568181,0.004616591224120703,0.006938682471902087,0.003078327418369474,0.5666400386899014,0.601360512440061,1.0,1.0,0.9949150137800383,0.02042146426243754,0.989477638381683,0.011161963865596619,0.9835476293737466,0.0026155035821775665
fall,video,..\..\data\le2i\Home_01\Home_01\Videos\video (2).avi,0.004043845796060097,0.03837048911175935,0.6775309924720705,0.1382856182525832,0.9990674690655015,0.8753904336566753,0.48922352746133085,0.6945901475720785,0.12718607731008488,0.9992970725858826,0.8889555517177312,0.5787381007629184,0.9222683364686999,0.03513275431832005,0.998795438665543,0.9665762760161661,0.595812844492138,0.9327985758977704,0.42264607946339583,0.9973006097385562,0.5831878066200507,0.3899457870623972,0.8521322045643385,0.37567783049433706,0.9998028196400376,0.6310413458407906,0.39097196851540594,0.8588640153497072,0.4948745557787991,0.9955436458717742,0.5016618983264792,0.3870048636083192,0.020075252448760725,0.006545616727806132,0.01223990057296681,0.0034559706022164282,0.5965348945783692,0.6469953688388695,1.0,1.0,0.994354916068501,0.027590701716271995,0.9951622090510603,0.05454790367393234,0.985813785114313,0.006791408398543928
fall,video,..\..\data\le2i\Home_01\Home_01\Videos\video (20).avi,0.004043845796060097,0.03395941838219628,0.5991064271104434,0.05717346876520545,0.9967693516981458,0.9459483763212804,0.24562327859101926,0.6280528437504472,0.003998275442543296,0.9819486556787993,0.9788591996671092,0.6579032268333266,0.9317860917251707,0.5030637631341306,0.9999622698011686,0.5006007338739994,0.4110882367404581,0.8675059808758119,0.695666523414247,0.9915578225953438,0.306603382151354,0.2191371904642577,0.7162492009474464,0.3415988671683795,0.9969737304248643,0.661822496928904,0.2635762679700113,0.772908299916815,0.40904534551890354,0.9882461423564258,0.5803336277603304,0.37323169079479135,0.012044471033850573,0.0055088277976068165,0.00866107008849534,0.0027262847590133967,0.5785050348740444,0.6261434635751519,1.0,1.0,0.9954545128479277,0.03280469259178796,0.991207751315656,0.021023194096757812,0.9836767351182106,0.0022506347268097834
fall,video,..\..\data\le2i\Home_01\Home_01\Videos\video (21).avi,0.004043845796060097,0.03395941838219628,0.5991064271104434,0.05717346876520545,0.9967693516981458,0.9459483763212804,0.24562327859101926,0.6280528437504472,0.003998275442543296,0.9819486556787993,0.9788591996671092,0.6579032268333266,0.9317860917251707,0.5030637631341306,0.9999622698011686,0.5006007338739994,0.4110882367404581,0.8675059808758119,0.695666523414247,0.9915578225953438,0.306603382151354,0.2191371904642577,0.7162492009474464,0.3415988671683795,0.9969737304248643,0.661822496928904,0.2635762679700113,0.772908299916815,0.40904534551890354,0.9882461423564258,0.5803336277603304,0.37323169079479135,0.012044471033850573,0.0055088277976068165,0.00866107008849534,0.0027262847590133967,0.5785050348740444,0.6261434635751519,1.0,1.0,0.9954545128479277,0.03280469259178796,0.991207751315656,0.021023194096757812,0.9836767351182106,0.0022506347268097834
fall,video,..\..\data\le2i\Home_01\Home_01\Videos\video (22).avi,0.004043845796060097,0.03837048911175935,0.8058643911284147,0.5113400191484759,0.9909262950612465,0.5321565897610705,0.2248128979167706,0.7722559759673787,0.1722230843921065,0.9762111419633996,0.8266469181455606,0.609637330263569,0.9085913609801235,0.4890074229461947,0.9968127884525486,0.5114750013493549,0.3068174424120093,0.8422174304262101,0.6573537083522335,0.9477185176901609,0.30054217195244753,0.1232098957288886,0.6547487117609385,0.4042158702911346,0.9869055177120463,0.5899709467237345,0.2971395717244215,0.7070051994479893,0.3927489272705185,0.9996486539520476,0.60808328773643,0.44102352006581164,0.0123958823614027,0.0033574926687056565,0.009488609925783799,0.002920379286244568,0.5740315137034067,0.6072629740131053,1.0,1.0,0.972216960474063,0.028676949815337822,0.9888910016272284,0.008251430196931194,0.973279615566521,0.001330494847679919
fall,video,..\..\data\le2i\Home_01\Home_01\Videos\video (23).avi,0.004043845796060097,0.03837048911175935,0.7477536290902355,0.12143074052077667,0.8673878282988483,0.7587798029476026,0.44213756261334936,0.765876759619913,0.11045263569855061,0.991611648578323,0.8958367828271778,0.5699418133059263,0.8254935239589131,0.42811602092013434,0.9815561336609112,0.5569639535464885,0.21864960040146636,0.8376899627353495,0.6543579796745543,0.996502653245116,0.35254800275338966,0.12929182858151525,0.6096827268652346,0.41664787875705384,0.9688988110321404,0.5596688386919868,0.2686680928687285,0.790759714246308,0.2937215362611146,0.9997639160685713,0.7074036091808292,0.5110750039001953,0.013393859538235839,0.003116660384185725,0.008279366050024863,0.0014947450876998244,0.5776872631454638,0.6340677229871525,1.0,1.0,0.9972351476480668,0.03280469259178796,0.9951572251488556,0.026062195679285093,0.9834957524594301,0.003926872807421929
fall,video,..\..\data\le2i\Home_01\Home_01\Videos\video (24).avi,0.004043845796060097,0.029548347652633214,0.7266949465906,0.07185617056022413,0.9434685340618448,0.8794305796842825,0.6056546456228056,0.8881532302411779,0.12668943654614667,0.9952005025801584,0.8852897696448855,0.5107963635658355,0.9212930178856699,0.5407332016009634,0.9999132310349187,0.4629453348520423,0.3832584245808188,0.8478084471874061,0.47394948792648056,0.9981557489358247,0.5331588781903398,0.3423653361911288,0.7713548758725205,0.15727460750945463,0.9950403735698573,0.8417023414471225,0.7050425173978672,0.7829680570759864,0.3035176615972178,0.9995252220104801,0.6973507851057161,0.3350775071026497,0.0097381942428024,0.0016794942678611659,0.006254935420369782,0.0012918288535275508,0.5894219951794625,0.6361136029045711,1.0,1.0,0.9977264927515376,0.03019769715402998,0.9952132328152276,0.046281478458238504,0.9896358803629981,0.003368789403734235
fall,video,..\..\data\le2i\Home_01\Home_01\Videos\video (25).avi,0.004043845796060097,0.0334080345410009,0.8932904157245121,0.5120605384582837,0.9982286962144256,0.5388157108845179,0.43740819571123696,0.9142634802171006,0.671698771103114,0.9971456530894051,0.41269886385040977,0.14151398781538368,0.8864026743967791,0.7314136905750204,0.9951712098249506,0.2678292792941856,0.18911270920949494,0.8798706942464959,0.6601938143206907,0.9916346045555567,0.34186635462383613,0.1625629783698419,0.8192328865836519,0.5572699394176039,0.9959233105415012,0.44803311988103056,0.10773099660199145,0.7868523855333875,0.5583688736531275,0.9679111264671794,0.41036911298235934,0.1605992212642214,0.01585979451574232,0.0035254392800135566,0.010773284973892867,0.0030811007584439325,0.5926200182622698,0.6472373223586927,1.0,1.0,0.9951768958312646,0.03867043232674343,0.9914489370141077,0.018896663543456645,0.9871924105130448,0.0026852229516923583
fall,video,..\..\data\le2i\Home_01\Home_01\Videos\video (26).avi,0.004043845796060097,0.03395941838219628,0.7427085138527769,0.43258495906649885,0.9994319988987429,0.6114069342135113,0.2765235895696355,0.7707458305136956,0.4078477601095064,0.9924001128280222,0.6376851520879582,0.25910627628245086,0.7844459975240389,0.44317158919495514,0.9970865266087305,0.5575084320797589,0.41031600630669895,0.7984797492713485,0.3648690630753721,0.9959023707272728,0.639092097590214,0.47274225011846077,0.8053951983417555,0.5089727592923502,0.9996042647725023,0.4993608619133506,0.2388079407235664,0.8717684964803676,0.47829239373815324,0.9996904625535532,0.5224284204259813,0.3340409298214285,0.00934961586807216,0.0015592986408710693,0.007898066026881877,0.0012116804180277363,0.5924774626556126,0.6536293295951247,1.0,1.0,0.9974881946088983,0.029328698674777318,0.9910790522300178,0.02816960202797725,0.9894850325979642,0.0015800137522635769
fall,video,..\..\data\le2i\Home_01\Home_01\Videos\video (27).avi,0.004043845796060097,0.03837048911175935,0.6884067843595737,0.4491192326359713,0.88127445033638,0.47833453203410536,0.1425528452674354,0.728932597067191,0.4165459545351086,0.993127633500013,0.6308394897819093,0.2740454186775303,0.8960501923662075,0.50767066051922,0.9989298333518355,0.4949661807412191,0.25924495359886507,0.896830813019436,0.35021729310958516,0.999662037240554,0.6574043088121689,0.25628399895176185,0.8314794192523814,0.42381813824824205,0.9999374577964948,0.5836908252349802,0.21627400415520276,0.8876955874066189,0.5081375363471126,0.9998837866055068,0.4927234862935595,0.30417001290256596,0.010292801711285902,0.0009501815444476575,0.008819180602760645,0.0036080612492538702,0.5860482669639024,0.6552079872763807,1.0,1.0,0.980259352184668,0.051705409515533346,0.9889837283381078,0.022946723747818542,0.9835788227079796,0.0011918489117434664
fall,video,..\..\data\le2i\Home_01\Home_01\Videos\video (28).avi,0.004043845796060097,0.03395941838219628,0.7499641622131458,0.02959301077991343,0.9716773273150011,0.9456164812235789,0.6955822991845481,0.8713123055178194,0.5792251242980618,0.9901487208352023,0.4862154696597567,0.2086849840893671,0.8621747142095715,0.07473406152023754,0.9986139450789514,0.9268594170130643,0.5356354244655984,0.9064988909424668,0.6994069431451494,0.9993554107455546,0.3107307951505854,0.1473549854684567,0.8928052063428474,0.41576728665364643,0.9994494405359089,0.5911432535961718,0.31152691675115474,0.8157657983265216,0.3821641801635272,0.9995587873611365,0.6185969657686179,0.21462512186369495,0.005341149273231204,0.001328329544640826,0.003967230059070581,0.0011358748305463897,0.5306870937362121,0.5604694174108817,1.0,1.0,0.998945926144143,0.04171192700412774,0.9971337931924321,0.038834080798977225,0.989128588767172,0.004513871867663899
fall,video,..\..\data\le2i\Home_01\Home_01\Videos\video (29).avi,0.004043845796060097,0.04406812213744499,0.7833559054473707,0.2614193431357569,0.9938379553313694,0.7595558271110099,0.46846478047130585,0.7765994689529861,0.5508923704305367,0.9983252501080926,0.519064445056237,0.2687825002528946,0.8323020290880763,0.553948574577184,0.9950705261769256,0.4448955947836354,0.17388099767098625,0.8611095512139408,0.482674204368154,0.9987974735310091,0.5251497452694184,0.32594135282025666,0.7805563737506398,0.3250025877450697,0.9996985055525908,0.68092269475082,0.566585629945003,0.8930336553985988,0.3364660602294942,0.9992833700943959,0.6641010365326554,0.5551872065211226,0.01636523838396323,0.005063227059422948,0.009801789839920213,0.00670057163838714,0.5747267870799142,0.6225160233558851,1.0,1.0,0.9932388234124234,0.035628937649359115,0.9903930526530167,0.009953323971700005,0.9779480526253684,0.0013453955495789094
fall,video,..\..\data\le2i\Home_01\Home_01\Videos\video (3).avi,0.004043845796060097,0.03837048911175935,0.6775309924720705,0.1382856182525832,0.9990674690655015,0.8753904336566753,0.48922352746133085,0.6945901475720785,0.12718607731008488,0.9992970725858826,0.8889555517177312,0.5787381007629184,0.9222683364686999,0.03513275431832005,0.998795438665543,0.9665762760161661,0.595812844492138,0.9327985758977704,0.42264607946339583,0.9973006097385562,0.5831878066200507,0.3899457870623972,0.8521322045643385,0.37567783049433706,0.9998028196400376,0.6310413458407906,0.39097196851540594,0.8588640153497072,0.4948745557787991,0.9955436458717742,0.5016618983264792,0.3870048636083192,0.020075252448760725,0.006545616727806132,0.01223990057296681,0.0034559706022164282,0.5965348945783692,0.6469953688388695,1.0,1.0,0.994354916068501,0.027590701716271995,0.9951622090510603,0.05454790367393234,0.985813785114313,0.006791408398543928
fall,video,..\..\data\le2i\Home_01\Home_01\Videos\video (30).avi,0.004043845796060097,0.029548347652633214,0.6373356533536411,0.11316490187368317,0.952807947107083,0.8516702916742319,0.46688398710488355,0.8234968087504989,0.0011973492545608601,0.9988042523306534,0.9981602741878757,0.575876946302057,0.7721819427497786,0.5291499467350128,0.9974552726977534,0.4720441668715554,0.2929166149382435,0.7417392374327325,0.42050355107546095,0.9722287532998961,0.5601125644565322,0.25255737456731003,0.8061228113387063,0.5761885940909803,0.9972461679307667,0.4306970829940712,0.23191787265569794,0.7550750193282014,0.5078710550396999,0.9882794577822642,0.4813642072622986,0.21008241322073495,0.004238525481903208,0.0006117387601251893,0.004186429503299028,0.0008371819369556529,0.5338740924414997,0.5789808075445222,1.0,1.0,0.9980879662074673,0.028459700195524656,0.9944855863859441,0.017386048775019824,0.9936113268417468,0.0011724754039384626
fall,video,..\..\data\le2i\Home_01\Home_01\Videos\video (4).avi,0.004043845796060097,0.03837048911175935,0.729656532265548,0.20178728410480498,0.9902972768803071,0.8095765013715828,0.20750757395115912,0.8817706523211232,0.14451570863224986,0.9999273368996814,0.8744972464070861,0.6804456000544081,0.9234510120826215,0.3643226380023105,0.999991822885495,0.6391386556156795,0.29571775397795974,0.9113240594696036,0.20861492468300397,0.9991763292209639,0.7973731619185803,0.5378683030739086,0.8843212740687628,0.5404599769264015,0.9972438741480932,0.46593734634427136,0.37962714317731816,0.8639542935572095,0.5484068153202222,0.9898539511029903,0.4423332754838754,0.3413793830669862,0.012220487745145704,0.0028337955516112593,0.00990700486288213,0.0015196010818918611,0.5945790145850275,0.6509919254326296,1.0,1.0,0.996465010434876,0.03367369107104062,0.9934407392246304,0.047027146422891006,0.9878094386590441,0.004431713958852494
fall,video,..\..\data\le2i\Home_01\Home_01\Videos\video (5).avi,0.004043845796060097,0.029548347652633214,0.9476254023192566,0.763890191096891,0.9834115008274791,0.29778986318398787,0.19848896191123255,0.831087317856969,0.7078754608316867,0.999772011167681,0.38382741169970064,0.12090270260915968,0.572638141458808,0.3964432226658651,0.9856366046265241,0.5926757304864548,0.3387265004743467,0.6239826866314059,0.4464052564087041,0.9659818914736087,0.5281414589607907,0.16829488680894641,0.5661348652686045,0.37469718086118337,0.9027268283940082,0.5347573488027291,0.39767797851077274,0.6196826237050066,0.3795023207125701,0.8392970297521651,0.46069926246499543,0.19277456205698013,0.0011394282285214895,0.0006043843031530319,0.01932116529969433,0.010670173473885871,0.5156010668436327,0.5300015400472601,1.0,1.0,0.9975618134591585,0.01868346730393222,1.0,0.22606033915223991,0.9228727551111512,0.061742604517891354
fall,video,..\..\data\le2i\Home_01\Home_01\Videos\video (6).avi,0.004043845796060097,0.029548347652633214,0.8129248383563809,0.021502815598404328,0.997920294247708,0.9791403531279369,0.5877462785346208,0.8613814282766994,0.18207281249282103,0.9994082127329832,0.8412771373806887,0.6656979885901078,0.7273940961136922,0.3876518759573343,0.9989172336465209,0.6147709092329252,0.36621811172523355,0.689807232090743,0.19583930717046444,0.998102962087761,0.8089665749017209,0.4568242745990902,0.7698348903092573,0.4493408327315061,0.9991571148795253,0.5577335920099739,0.17242918536690116,0.7589376979031603,0.40465704554566373,0.9981661555483409,0.5946685335123877,0.20369189337495397,0.016678931198657498,0.004281888939803388,0.007999621407035588,0.0019715564444168585,0.5621893591865216,0.601249325216448,1.0,1.0,0.9922890291052713,0.02454920703888768,0.9939823135842987,0.029128427105065753,0.9878361356207828,0.000693205804648207
fall,video,..\..\data\le2i\Home_01\Home_01\Videos\video (7).avi,0.004043845796060097,0.03395941838219628,0.8987925545481131,0.0042718826295525016,0.999917064691117,0.9966155180690397,0.7872709219196378,0.9101424952719152,0.43568751181488813,0.9957867706386917,0.6168332322281472,0.42831794994620365,0.7882458861989095,0.33517115219212457,0.9985507457078159,0.6667960223475525,0.28691060924005185,0.7706164957333944,0.3538999039631274,0.9998159063716723,0.6539061421318639,0.18496413173382786,0.7447921728104587,0.36287589730100384,0.998870735588398,0.6427353528295334,0.2539557397268327,0.7125257942723286,0.3586489916552079,0.999825168074305,0.6424211756206701,0.3818026322824524,0.013736932078439455,0.0038338988446459427,0.009480195619634403,0.0022034172971150947,0.5649088399886548,0.6175711214134317,1.0,1.0,0.9957866898415113,0.03171844449272214,0.9925695195551532,0.02394294921760068,0.9915899161344495,0.0008117714799943186
fall,video,..\..\data\le2i\Home_01\Home_01\Videos\video (8).avi,0.004043845796060097,0.04664124672969012,0.9438674919513276,0.0229950760153402,0.9999737218660223,0.9798544889242539,0.7289819377745612,0.8803790783221512,0.454667429393364,0.9982403632655986,0.6027620870041869,0.11598518332345305,0.899959497019289,0.0024410667802599283,0.9995800970059379,1.0,0.4368078115972918,0.9335013793833914,0.055054768519849084,0.9998743735300092,0.9503929084882607,0.5737993098908042,0.8493022909073157,0.03939441529832234,0.9990992036401716,0.9620450391694637,0.5221943285412439,0.8854616363273721,0.10571183064378016,0.9997977196695486,0.895784083496945,0.6812292957195965,0.011412168487751128,0.0019187064274725674,0.018025253387902396,0.0031550479081631244,0.6048884332336433,0.788481759006165,1.0,1.0,0.9945234036643097,0.00043449923962633063,0.9937077227326907,0.022755502681294823,0.9536777190023705,0.0007287861961067153
fall,video,..\..\data\le2i\Home_01\Home_01\Videos\video (9).avi,0.004043845796060097,0.05601477203001164,0.9503690781970459,0.05613461081993541,0.999924003111688,0.9500378498619636,0.4913271850491504,0.8567403497120728,0.5212621380045166,0.9980903131296587,0.5446283057440127,0.11363923382662054,0.9031827018903698,0.45479288502844206,0.9997875146932302,0.5486153472787318,0.2743578332639615,0.9250722971666167,0.41186838181173996,0.9975387407297861,0.594117683770752,0.48660521904982534,0.827510448689147,0.2513887610836889,0.9969309164620351,0.7507624839002505,0.41014418947656983,0.9088825517851511,0.3902899591358491,0.9997745785522992,0.6106728245300791,0.453179319207991,0.01222934111781938,0.0027751400482382265,0.026253086118602303,0.007716009185124788,0.6044063903508958,0.783164864685965,1.0,1.0,0.9964603049346831,0.018900716923745384,0.9941994818951083,0.03476128453249891,0.9513285516673874,0.0006066074190560719
workout,video,..\..\data\workout_videos\barbell biceps curl\barbell biceps curl_1.mp4,0.9950248756218905,0.011038881122829552,0.4817608800248058,0.012089662239542049,0.912073654085875,0.9017028992191578,0.16950445375012704,0.6835892704675677,0.20016385355763297,0.9998572253324776,0.8259745524738407,0.13322307396432298,0.0,0.0,0.0,0.0,0.0,0.0,0.0,0.0,0.0,0.0,0.9593556382806366,0.9461049671312161,0.9898350898578804,0.058388629319891396,0.03130568572930087,0.9772542061749891,0.945162482875301,0.9965611394235596,0.051586498867694036,0.019128998517537545,0.0031597088854994934,0.003863189351015158,0.012890856058762203,0.009921802552372435,0.5260523453250199,0.544625289418001,1.0,1.0,0.9932922794935606,0.024331957419074516,0.986092476603688,0.007907002769762816,0.8990682131623053,0.00014113068699566362
workout,video,..\..\data\workout_videos\barbell biceps curl\barbell biceps curl_10.mp4,0.9950248756218905,0.008095179490075006,0.5515280198925709,0.16260496393700072,0.9135033584902491,0.7679361492683648,0.0564628524156932,0.6893008573186493,0.29463168915873117,0.9661713799844529,0.7100226056658874,0.06120418960032304,0.0,0.0,0.0,0.0,0.0,0.0,0.0,0.0,0.0,0.0,0.0,0.0,0.0,0.0,0.0,0.0,0.0,0.0,0.0,0.0,0.006634550774350065,0.004841321964067273,0.005279504378905921,0.002088233225998166,0.5759515071746569,0.4841133044123591,1.0,0.6666666666666666,0.9936802546125527,0.011079730610471432,0.9873155533395978,0.006818438559792689,0.9735480884713771,5.493315657927536e-05
workout,video,..\..\data\workout_videos\barbell biceps curl\barbell biceps curl_11.mp4,0.9950248756218905,0.0052986629389581855,0.6163712253552216,0.21253241630475686,0.891569759123137,0.7011445123406684,0.11099950699848349,0.453025004573074,0.0691463835798713,0.8762647976579482,0.816409047524172,0.22178393704538454,0.8783880296482074,0.8532425015973417,0.8947276188447343,0.045474260170257554,0.015398071904440208,0.9099825199404777,0.87537487072587,0.9652691187743786,0.10192503264433041,0.027117951749908758,0.9581895344258436,0.9288540901922122,0.9728735576900155,0.058412659625391536,0.024210979039538127,0.9660898950290775,0.926126905229711,0.9999411879666033,0.07404261713385507,0.024783218951231978,0.0032532899063709058,0.0014700816512213364,0.012660021499554,0.0054889105918284695,0.5076305446329629,0.541914470532743,1.0,1.0,0.9953754960133281,0.00021724961981316532,0.9843441885238771,0.006349575421354232,0.995754656049718,2.9663335800586024e-05
workout,video,..\..\data\workout_videos\barbell biceps curl\barbell biceps curl_12.mp4,0.9950248756218905,0.012363546857569099,0.6089687430224001,0.1671668346532232,0.9976652612798776,0.8480455265324356,0.8318021138925057,0.566037348622897,0.03691857978847471,0.9962398717796301,0.9644925781591117,0.4988253076249789,0.9902286969636387,0.9807745463376645,0.9988056486362059,0.02253173725771918,0.014154710350305445,0.9873592349940314,0.9811869969186741,0.9997138060552427,0.031590084116575746,0.01236694812565157,0.9549291408914762,0.9460495426706067,0.9559367252203409,0.024483716329169514,0.01124483199326949,0.9441343012356821,0.9219170885327318,0.968567445611498,0.04682700140832523,0.016065369242900467,0.0021654452962146437,0.0012699005793448776,0.0053742615980716234,0.0008820618654275314,0.5214938640053336,0.5216283056902794,1.0,1.0,0.995422705516678,0.02650445361720617,0.9847891221802283,0.002813697746926416,0.9921124090751426,3.0161937186784705e-05
workout,video,..\..\data\workout_videos\barbell biceps curl\barbell biceps curl_13.mp4,0.9950248756218905,0.012216361775931373,0.6958103812208265,0.20765903987906767,0.9489474986220576,0.7629303933015672,0.3056983393906558,0.7171418278499424,0.3754661543339181,0.951141020616503,0.6246040945502376,0.05310219155452783,0.8851578120249589,0.8743287718957395,0.8913889086665283,0.021075125242957356,0.02384724142642308,0.8417950634512419,0.8170199567761613,0.8772442518218811,0.07133164133660462,0.041504256067090385,0.9893601516685956,0.9624819609736645,0.9989272781040984,0.05134303813513098,0.025364416232047247,0.9790252966432891,0.929294895562809,0.9996424217284341,0.07056961965586697,0.024853417653188874,0.0032209202715701977,0.0012481299971548452,0.04553881389317505,0.027745521346941943,0.49798200942764725,0.4949749440516248,1.0,1.0,0.9910460686451544,0.009993482511405605,0.987387015468319,0.00881368882962031,0.9228553833839636,9.570197537091554e-05
workout,video,..\..\data\workout_videos\barbell biceps curl\barbell biceps curl_14.mp4,0.9950248756218905,0.0044155524491318226,0.4980291163827572,0.035992891873603064,0.8907625849005525,0.8589098394181626,0.11507984781547805,0.6654658354995724,0.2809997398982054,0.9690684877381412,0.7247901377459551,0.09581399524441939,0.0,0.0,0.0,0.0,0.0,0.0,0.0,0.0,0.0,0.0,0.0,0.0,0.0,0.0,0.0,0.0,0.0,0.0,0.0,0.0,0.00734234848305685,0.0017236447310770495,0.026423381102795383,0.015479550722483049,0.5216268677857336,0.524498102380796,1.0,0.6666666666666666,0.9957011106949689,0.00043449923962633063,0.9862110428858367,0.004622584111396122,0.97810751405135,0.00010183479132884323
workout,video,..\..\data\workout_videos\barbell biceps curl\barbell biceps curl_15.mp4,0.9950248756218905,0.0038268121225809104,0.5541620196486848,0.06100815745765935,0.9252942543222642,0.8709905660795094,0.22754139388114186,0.6432058485382659,0.22734984315112491,0.9670581986835108,0.7694917364851852,0.16579714084660846,0.0,0.0,0.0,0.0,0.0,0.0,0.0,0.0,0.0,0.0,0.0,0.0,0.0,0.0,0.0,0.0,0.0,0.0,0.0,0.0,0.0022284362649136395,0.0012770722253421408,0.034013502179841774,0.015077298624162749,0.5191164602860169,0.5712692321109514,1.0,0.6666666666666666,0.9907542298683494,0.00043449923962633063,0.9854098435300284,0.004336235759061399,0.91568076096769,0.00016240599402800857
workout,video,..\..\data\workout_videos\barbell biceps curl\barbell biceps curl_16.mp4,0.9950248756218905,0.003532441959305456,0.5675020151755326,0.08866143946694188,0.9097214719075112,0.8305704605559409,0.44918479939718126,0.6594493135415078,0.23698354389461193,0.9735768550512743,0.7676249801287851,0.16710747358683853,0.0,0.0,0.0,0.0,0.0,0.0,0.0,0.0,0.0,0.0,0.0,0.0,0.0,0.0,0.0,0.0,0.0,0.0,0.0,0.0,0.004043332486061364,0.0010031791134949434,0.09387666650655793,0.04931193217869388,0.45247546009126605,0.5230256560930834,1.0,0.6666666666666666,0.9931223862985789,0.008038235933087117,0.9899573780653637,0.005700928121200278,0.7195635438490423,0.0003749998196456362
workout,video,..\..\data\workout_videos\barbell biceps curl\barbell biceps curl_17.mp4,0.9950248756218905,0.003238071796030002,0.6119417396754789,0.08166356538738907,0.9140542330787756,0.841191236429011,0.14633137338441812,0.7096251443769591,0.25182258699499543,0.9648300714868983,0.7459544276563734,0.09554098070378049,0.0,0.0,0.0,0.0,0.0,0.0,0.0,0.0,0.0,0.0,0.0,0.0,0.0,0.0,0.0,0.0,0.0,0.0,0.0,0.0,0.003454485277922203,0.0012786294192817925,0.011623617666925531,0.0050260415132420905,0.4374641724194731,0.4685115047974743,1.0,0.6666666666666666,0.9881352686459335,0.00043449923962633063,0.9844954372216622,0.0025805010692249984,0.9800227251512258,9.847029097172108e-05
workout,video,..\..\data\workout_videos\barbell biceps curl\barbell biceps curl_18.mp4,0.9950248756218905,0.0041211822858563665,0.573840046798328,0.14159616738854663,0.8834813221434215,0.7567687441891466,0.1964230697614213,0.5929463158744067,0.07866558386115458,0.9353769003824577,0.8672564185815379,0.24048060605133526,0.9901701737942772,0.9773089205141406,0.9994847375973804,0.02667257677565305,0.010935096659725108,0.9769895267472067,0.985659369596064,0.9738940173079256,0.0012016757119258223,0.0012864792754894868,0.947291678719124,0.9368765918789612,0.9491909124256444,0.026773881919785858,0.014450053585612086,0.9920117301139334,0.977651779308843,0.9999090533287981,0.02239321849265801,0.007937782314652995,0.005685737794908632,0.00548454415242591,0.026310061460711052,0.019827554163595912,0.4854696702251742,0.6301974033787617,1.0,1.0,0.6904441038982114,0.0017379969585053225,0.9843729360375729,0.004109322441109698,0.9236680039213185,0.0001504363636058375
workout,video,..\..\data\workout_videos\barbell biceps curl\barbell biceps curl_19.mp4,0.9950248756218905,0.0030908867143922747,0.5562335727000373,0.11640260849786196,0.8632596319242963,0.75916580977315,0.2966652047353828,0.5669795772775474,0.16388402689792292,0.9362657149479127,0.7939463265047759,0.3352102114211986,0.9845032718333415,0.9594658516795039,0.9969655596208414,0.041959322682562014,0.027359120007399134,0.0,0.0,0.0,0.0,0.0,0.9453428073309837,0.9283572769389276,0.9569708237079055,0.04297126062499229,0.025582291026408372,0.9877813912133739,0.9758500009170982,0.9998586201979344,0.0241476972062922,0.013846850633079855,0.003879457951369781,0.0027939813051423464,0.05349285211506334,0.03523315778929471,0.5385871073474329,0.49836606800542926,1.0,1.0,0.8454373971003424,0.009558983271779274,0.9907717974590659,0.0064377000658317985,0.8747189009999687,0.0001801431546349503
workout,video,..\..\data\workout_videos\barbell biceps curl\barbell biceps curl_2.mp4,0.9950248756218905,0.00559303310223364,0.4758584008485593,0.11820893659805067,0.950787974137799,0.8451185381106556,0.6567160707642626,0.5360068020567063,0.07712430711364728,0.9973178796156275,0.9305640955638468,0.7060982023366019,0.0,0.0,0.0,0.0,0.0,0.0,0.0,0.0,0.0,0.0,0.9634104527472002,0.9503631528060734,0.9732677523534442,0.037591115135741975,0.03059277603484215,0.9667201895689729,0.9231554671887109,0.9978478253775032,0.07492206493185265,0.04138656105239304,0.00334701517075609,0.0023472484142635585,0.007180498473429377,0.003952045450161245,0.4867262543271999,0.521078384392726,1.0,1.0,0.9886595923294788,0.016510971105800566,0.9841408634178835,0.002267051567554748,0.9937442819931802,2.1164409454264672e-05
workout,video,..\..\data\workout_videos\barbell biceps curl\barbell biceps curl_20.mp4,0.9950248756218905,0.0025021463878413643,0.5886942231083766,0.3760504743650207,0.9611263284793102,0.6238616641148271,0.1281179009872766,0.7625405008595829,0.49996181940100387,0.9746837157272936,0.5397584466951265,0.21339999225246464,0.0,0.0,0.0,0.0,0.0,0.0,0.0,0.0,0.0,0.0,0.0,0.0,0.0,0.0,0.0,0.0,0.0,0.0,0.0,0.0,0.027273732139526167,0.01877323262627389,0.07796178990580929,0.06833279169983009,0.5363129850545003,0.4713346120116833,1.0,0.3333333333333333,0.9058626855277294,0.011948729089724093,0.9852703236919128,0.009286907981929823,0.8226339549317762,0.0005258462119345377
workout,video,..\..\data\workout_videos\barbell biceps curl\barbell biceps curl_21.mp4,0.9950248756218905,0.0027965165511168203,0.6184403830238703,0.3497400584397019,0.9487840892075866,0.6351455945533356,0.14613199877563282,0.7305265855339325,0.3725215129396867,0.9742579718964796,0.6502941542282135,0.2680906794078682,0.0,0.0,0.0,0.0,0.0,0.0,0.0,0.0,0.0,0.0,0.0,0.0,0.0,0.0,0.0,0.0,0.0,0.0,0.0,0.0,0.029560788648688507,0.02893962477499589,0.20112921636608788,0.15845380225841182,0.5869072200768957,0.16617702842616133,1.0,0.3333333333333333,0.9853000560118319,0.001955246578318488,0.9906510443693387,0.01856292850711078,0.0,0.0003444549699355996
workout,video,..\..\data\workout_videos\barbell biceps curl\barbell biceps curl_22.mp4,0.9950248756218905,0.0027965165511168203,0.6207707783891634,0.3635901958134137,0.8170041131879732,0.49085443754796454,0.11018513705908689,0.7193890181561702,0.66008750863137,0.8186538473253578,0.2442457021058438,0.07948852176389741,0.0,0.0,0.0,0.0,0.0,0.0,0.0,0.0,0.0,0.0,0.0,0.0,0.0,0.0,0.0,0.0,0.0,0.0,0.0,0.0,0.02450129533741369,0.01717305765510762,0.1864791232414448,0.1079302775301752,0.5047521362991341,0.3640265203824196,1.0,0.3333333333333333,0.9927378655334901,0.00934173365196611,0.9913111582185338,0.01738422775538282,0.5283441161480869,0.0004263365998376311
workout,video,..\..\data\workout_videos\barbell biceps curl\barbell biceps curl_23.mp4,0.9950248756218905,0.004562737530769548,0.5552661624970863,0.11282921557917092,0.9994277844313613,0.89861662303088,0.558450455648594,0.53383677920537,0.07241395405816223,0.9999490097150282,0.9372975557974509,0.369652860770698,0.0,0.0,0.0,0.0,0.0,0.0,0.0,0.0,0.0,0.0,0.0,0.0,0.0,0.0,0.0,0.0,0.0,0.0,0.0,0.0,0.0031735580007000055,0.002201205590619574,0.011317000443420214,0.004193139112956774,0.5087169608164646,0.5631169131104677,1.0,0.6666666666666666,0.989923349498418,0.00043449923962633063,0.9850813503070011,0.002282625079467577,0.9774451021019694,0.00017982506290073922
workout,video,..\..\data\workout_videos\barbell biceps curl\barbell biceps curl_24.mp4,0.9950248756218905,0.006623328673697732,0.6242434198590082,0.10813747174004415,0.9979707237476277,0.9013730426325918,0.48270424736934114,0.6457894436229508,0.07466164945059614,0.9994014685817475,0.9347927393309793,0.3770265894738524,0.0,0.0,0.0,0.0,0.0,0.0,0.0,0.0,0.0,0.0,0.0,0.0,0.0,0.0,0.0,0.0,0.0,0.0,0.0,0.0,0.003003434072325091,0.002098082803436007,0.011652367384114301,0.0027745163546643676,0.5030393089261606,0.5520696804278633,1.0,0.6666666666666666,0.993987396866054,0.00695198783402129,0.9861687408162843,0.0029191830877245343,0.9722288110841543,0.00011813545015286753
workout,video,..\..\data\workout_videos\barbell biceps curl\barbell biceps curl_25.mp4,0.9950248756218905,0.005740218183871369,0.6548507195619874,0.1069673962971746,0.9997230847719373,0.9041773380509028,0.4570793438264604,0.6413816242261938,0.08970200980752936,0.9998782467605922,0.9221741431292845,0.42736199302200345,0.0,0.0,0.0,0.0,0.0,0.0,0.0,0.0,0.0,0.0,0.0,0.0,0.0,0.0,0.0,0.0,0.0,0.0,0.0,0.0,0.003427391827554631,0.0028436598743512244,0.009673095089203632,0.003804186619672908,0.47697660569136585,0.5073427850611026,1.0,0.6666666666666666,0.9920182872019438,0.0036932435368238104,0.9856322442188664,0.002801297478018267,0.9801593504456383,4.42706302396659e-05
workout,video,..\..\data\workout_videos\barbell biceps curl\barbell biceps curl_26.mp4,0.9950248756218905,0.006034588347146821,0.6547342588130478,0.10708427580369338,0.9992826823483733,0.9036317151649487,0.49013794620549134,0.6469281683335535,0.09410972664575017,0.9994698454103077,0.9179278023710659,0.5029190157653597,0.0,0.0,0.0,0.0,0.0,0.0,0.0,0.0,0.0,0.0,0.0,0.0,0.0,0.0,0.0,0.0,0.0,0.0,0.0,0.0,0.007724103714314659,0.005625867764723242,0.012823836168765533,0.003838467542544065,0.4619416307548996,0.4835347983643581,1.0,0.6666666666666666,0.9899356562492913,0.01716271996524006,0.9853770868353526,0.0026388735319755837,0.9804032904176693,4.382332853777811e-05
workout,video,..\..\data\workout_videos\barbell biceps curl\barbell biceps curl_27.mp4,0.9950248756218905,0.002354961306203637,0.5977540928575584,0.3143478522589307,0.9561719278200613,0.6743276988941523,0.12743587375696988,0.7844722459820943,0.643628519896283,0.9641319556377792,0.4041126168781231,0.19446900882615187,0.0,0.0,0.0,0.0,0.0,0.0,0.0,0.0,0.0,0.0,0.0,0.0,0.0,0.0,0.0,0.0,0.0,0.0,0.0,0.0,0.06431444722628127,0.06440029887111216,0.11199767823624127,0.09360353890493389,0.5870657814464705,0.3173597014410476,1.0,0.3333333333333333,0.9641426599496165,0.010862480990658266,0.9904543029760757,0.013197215214251882,0.05201649026372579,0.00035612760912410486
workout,video,..\..\data\workout_videos\barbell biceps curl\barbell biceps curl_28.mp4,0.9950248756218905,0.003238071796030002,0.6394015222682938,0.3779092292294492,0.8770583338624792,0.5380790527502165,0.4068304749793509,0.7257478166037972,0.6331776144279353,0.8417993070067716,0.2908307042737369,0.07835064299447712,0.0,0.0,0.0,0.0,0.0,0.0,0.0,0.0,0.0,0.0,0.0,0.0,0.0,0.0,0.0,0.0,0.0,0.0,0.0,0.0,0.17537501180232323,0.09716809619973657,0.3345460945089514,0.22917481886458468,0.5040704267266526,0.3831047003242857,1.0,0.3333333333333333,0.9861312070220265,0.010427981751031936,0.9934265123483269,0.02435507083596529,0.34505567392658987,0.0013978259201957155
workout,video,..\..\data\workout_videos\barbell biceps curl\barbell biceps curl_29.mp4,0.9950248756218905,0.0027965165511168203,0.6278961996246011,0.3701784857906901,0.930034824465556,0.5980278975152997,0.08182648288389438,0.7182119997565561,0.6704251387979034,0.8630706633914212,0.2796793200165829,0.2003143718145386,0.0,0.0,0.0,0.0,0.0,0.0,0.0,0.0,0.0,0.0,0.0,0.0,0.0,0.0,0.0,0.0,0.0,0.0,0.0,0.0,0.02304773259413892,0.012505304666650466,0.13408672765410376,0.057685040736257444,0.48116531858857303,0.7027976112784508,1.0,0.3333333333333333,0.9895304536473689,0.008255485552900283,0.9846878159431449,0.037893345755238624,0.530985414215154,0.001177269023736442
workout,video,..\..\data\workout_videos\barbell biceps curl\barbell biceps curl_3.mp4,0.9950248756218905,0.005004292775682731,0.6062879241050968,0.15077194889168682,0.9921464875939521,0.8572501599067164,0.32906796423429896,0.6746690721524432,0.2262131848243586,0.9984849224261582,0.8019206828470742,0.1408895468844005,0.0,0.0,0.0,0.0,0.0,0.0,0.0,0.0,0.0,0.0,0.9740612690899176,0.9539091314135273,0.9831102184416205,0.04395361750434702,0.02374609264675737,0.9672096184204988,0.9443914048467167,0.9838286681952033,0.03960244841860886,0.022819794467450083,0.00652585546625329,0.002778065266709453,0.007444143240674918,0.0041718231526901356,0.5065893060060835,0.5572592956764678,1.0,1.0,0.9958395948572342,0.00021724961981316532,0.9845737932822434,0.0026816468774047753,0.9853490941147124,2.7611828483629706e-05
workout,video,..\..\data\workout_videos\barbell biceps curl\barbell biceps curl_30.mp4,0.9950248756218905,0.0014718508163772733,0.4627073210707256,0.07239228966626354,0.8661200213627708,0.8015590792664156,0.24002314670680097,0.5549106835555263,0.21614722855767904,0.9293055651104458,0.7414780977461927,0.13375314053577445,0.0,0.0,0.0,0.0,0.0,0.0,0.0,0.0,0.0,0.0,0.0,0.0,0.0,0.0,0.0,0.0,0.0,0.0,0.0,0.0,0.0040445594248657785,0.003022859653350263,0.032175774484925375,0.016416079217027823,0.4504202316215132,0.4899421376501431,1.0,0.6666666666666666,0.9774121569704325,0.010427981751031936,0.9849282150623179,0.0025022288863000217,0.9193673334252277,7.01623913491863e-05
workout,video,..\..\data\workout_videos\barbell biceps curl\barbell biceps curl_31.mp4,0.9950248756218905,0.0038268121225809104,0.5840497756364886,0.1279438094623004,0.9040599427270415,0.7896213320621667,0.1909686765159445,0.7018089531959324,0.2933627525621635,0.9721831791054768,0.7171416602308975,0.11073334854298426,0.0,0.0,0.0,0.0,0.0,0.0,0.0,0.0,0.0,0.0,0.0,0.0,0.0,0.0,0.0,0.0,0.0,0.0,0.0,0.0,0.00336728225338486,0.001858313817961573,0.010429668027657706,0.006177632836562872,0.48884160714402847,0.5120999943331687,1.0,0.6666666666666666,0.9820945632112128,0.00021724961981316532,0.984904788107356,0.003264265578111912,0.9842026375041587,5.2567940079375625e-05
workout,video,..\..\data\workout_videos\barbell biceps curl\barbell biceps curl_32.mp4,0.9950248756218905,0.0038268121225809104,0.571729742418932,0.10605814756602404,0.9152711961205359,0.8204969283356187,0.19469475585957116,0.6894998573853814,0.2707440992986348,0.9766805772585477,0.7413347983522346,0.10587366581199381,0.0,0.0,0.0,0.0,0.0,0.0,0.0,0.0,0.0,0.0,0.0,0.0,0.0,0.0,0.0,0.0,0.0,0.0,0.0,0.0,0.0031179390920690743,0.0019101639048117783,0.009217417581372126,0.002428427689514989,0.5096229670791013,0.5448255429297313,1.0,0.6666666666666666,0.9912218814808001,0.00043449923962633063,0.9852739937447554,0.003947618988776552,0.9763326836270481,0.00010644776468306351
workout,video,..\..\data\workout_videos\barbell biceps curl\barbell biceps curl_33.mp4,0.9950248756218905,0.003385256877667729,0.5772925774875765,0.10224674390193873,0.9099189721724462,0.8185653511777522,0.1439183922567483,0.6970223628468746,0.2733587945047608,0.9522612842860297,0.714629159768848,0.1166245948321437,0.0,0.0,0.0,0.0,0.0,0.0,0.0,0.0,0.0,0.0,0.0,0.0,0.0,0.0,0.0,0.0,0.0,0.0,0.0,0.0,0.004466699364246588,0.002429980903523116,0.009239445239257968,0.0021416626112220546,0.5120918797174819,0.5568019504850502,1.0,0.6666666666666666,0.990595280381461,0.0030414946773843145,0.9855842034168614,0.004324849230477519,0.9709234432558781,0.00013298067324840878
workout,video,..\..\data\workout_videos\barbell biceps curl\barbell biceps curl_34.mp4,0.9950248756218905,0.003532441959305456,0.6097243647193351,0.12925025612815375,0.9217793644076082,0.8061767563635074,0.1302877951493625,0.7320073781909822,0.3144065948939592,0.9577413519802788,0.6843713048648931,0.07560987618527265,0.0,0.0,0.0,0.0,0.0,0.0,0.0,0.0,0.0,0.0,0.0,0.0,0.0,0.0,0.0,0.0,0.0,0.0,0.0,0.0,0.004332278312353213,0.0025559658639046153,0.014190148458129683,0.0020468006531628572,0.4762129442945975,0.4962425283851716,1.0,0.6666666666666666,0.9961459202692136,0.010645231370845101,0.9850362438900738,0.004023691979130781,0.9780785430168948,0.00010112163425379903
workout,video,..\..\data\workout_videos\barbell biceps curl\barbell biceps curl_35.mp4,0.9950248756218905,0.0027965165511168203,0.570684406074593,0.057961102403181815,0.9174163526839261,0.8658453982660664,0.15419315345056703,0.694832732557184,0.2889356924137896,0.9789742448836224,0.7277900543796104,0.13971817238136702,0.0,0.0,0.0,0.0,0.0,0.0,0.0,0.0,0.0,0.0,0.0,0.0,0.0,0.0,0.0,0.0,0.0,0.0,0.0,0.0,0.0031402360111335327,0.0012379625510811787,0.01774089615059368,0.007319102039737678,0.5147542629371201,0.560464321843649,1.0,0.6666666666666666,0.991719421619762,0.003475993917010645,0.9849066480545077,0.003894818846461352,0.9819885872874384,0.0001335180490747198
workout,video,..\..\data\workout_videos\barbell biceps curl\barbell biceps curl_36.mp4,0.9950248756218905,0.0016190358980150013,0.581613725149043,0.15734233206720272,0.9430301106125581,0.8022057656696738,0.14468240654165831,0.709527997493858,0.33375681899880616,0.9974672032844126,0.7072648668820596,0.08630424244942403,0.0,0.0,0.0,0.0,0.0,0.0,0.0,0.0,0.0,0.0,0.0,0.0,0.0,0.0,0.0,0.0,0.0,0.0,0.0,0.0,0.0037061537141958346,0.003539402851069914,0.012085766326942733,0.0017268988040955893,0.4999339485682363,0.5368268368117404,1.0,0.6666666666666666,0.9938138426464221,0.002606995437757984,0.9852347962257132,0.004190738392209233,0.9727825833189466,0.00013332873707382094
workout,video,..\..\data\workout_videos\barbell biceps curl\barbell biceps curl_37.mp4,0.9950248756218905,0.0029437016327545475,0.6045807048455503,0.09793006451139402,0.9978328381267194,0.9104036731045697,0.8231804563505258,0.6107027675817404,0.09167681928765152,0.9977019875856712,0.9182775590865362,0.4432983909037835,0.0,0.0,0.0,0.0,0.0,0.0,0.0,0.0,0.0,0.0,0.0,0.0,0.0,0.0,0.0,0.0,0.0,0.0,0.0,0.0,0.004498860454208084,0.0032821159197886363,0.013947217822434795,0.005004838526428318,0.4622769351556124,0.479430891110337,1.0,0.6666666666666666,0.9835207143794795,0.002606995437757984,0.9864143437242436,0.003346190715248629,0.9628893579148914,0.00011289646581736554
workout,video,..\..\data\workout_videos\barbell biceps curl\barbell biceps curl_38.mp4,0.9950248756218905,0.0029437016327545475,0.6986748728686968,0.09744282482580971,0.9997938674251151,0.9128034056350155,0.45962670068562506,0.6895300117235453,0.10476636911227964,0.9992519909418092,0.9084311770312079,0.32030779871134807,0.0,0.0,0.0,0.0,0.0,0.0,0.0,0.0,0.0,0.0,0.0,0.0,0.0,0.0,0.0,0.0,0.0,0.0,0.0,0.0,0.009554901479456182,0.006319708476435385,0.009183042437463684,0.0030077312629731125,0.5107205577929349,0.5582064728561442,1.0,0.6666666666666666,0.9834312259463007,0.00043449923962633063,0.9857033722292737,0.00310492914287674,0.9768293860534476,7.533195281242912e-05
workout,video,..\..\data\workout_videos\barbell biceps curl\barbell biceps curl_39.mp4,0.9950248756218905,0.00220777622456591,0.6745868960580615,0.11158281652610233,0.9997228260320224,0.9000313745316919,0.3410929894314659,0.6866233885488917,0.11137198876602016,0.9954507063238621,0.8988768964512835,0.3759282364377206,0.0,0.0,0.0,0.0,0.0,0.0,0.0,0.0,0.0,0.0,0.0,0.0,0.0,0.0,0.0,0.0,0.0,0.0,0.0,0.0,0.003951713524552889,0.0027198376833306886,0.01590926342851088,0.0037341668353776626,0.4946141345374992,0.5309258187818992,1.0,0.6666666666666666,0.9870836147115564,0.004779491635889637,0.9866363538694319,0.0036973539478803346,0.9663892066952906,0.0001223873258859326
workout,video,..\..\data\workout_videos\barbell biceps curl\barbell biceps curl_4.mp4,0.9950248756218905,0.002060591142928183,0.5822693883318278,0.196158778841323,0.8179303504770421,0.6421729376655878,0.09583053951293509,0.5500035334090629,0.09523050438169528,0.8475976370546618,0.7650191378042749,0.2670597041367499,0.0,0.0,0.0,0.0,0.0,0.0,0.0,0.0,0.0,0.0,0.9747607611890688,0.9443297212992244,0.9878647119781288,0.0581657882324172,0.026801788711793225,0.9891035574211255,0.9708195359854953,0.9996209073129391,0.028949014718720818,0.031634082432080025,0.0017483729964279013,0.0005449616743027447,0.05115577594783938,0.035266128231063516,0.5231676990638394,0.5151001514471304,1.0,1.0,0.9927094679887921,0.011296980230284597,0.9847792623317024,0.003539536246043814,0.9882325809742976,7.767908187605052e-05
workout,video,..\..\data\workout_videos\barbell biceps curl\barbell biceps curl_40.mp4,1.0,0.023814428578549415,0.6176065200747776,0.18533354493788626,0.9363798577425468,0.7704094295135258,0.08899188439017279,0.5525203502752687,0.05455981031942392,0.9495817573979929,0.9024557170820061,0.1521166842259152,0.0,0.0,0.0,0.0,0.0,0.0,0.0,0.0,0.0,0.0,0.9883274444223058,0.9619291030578201,0.9999148536241328,0.05287773394722605,0.021645667411168756,0.985692992929144,0.956628535637562,0.999947600861303,0.04349275477222826,0.02187638460765031,0.002826519081115026,0.001715656168031387,0.006045032951895725,0.0010380766083736646,0.5438266765542733,0.6094530065441054,1.0,1.0,0.9971827266455731,0.043449923962633065,0.9849069650849862,0.0035525832750867336,0.9933407695966618,0.00011184469622630971
workout,video,..\..\data\workout_videos\barbell biceps curl\barbell biceps curl_41.mp4,1.0,0.023814428578549415,0.5672386129924372,0.39354641168879834,0.6128602199463172,0.2596936552674748,0.23455958897297355,0.6447705915745109,0.3711068667210023,0.9259016005352773,0.6031502126808631,0.4408189343577167,0.0,0.0,0.0,0.0,0.0,0.0,0.0,0.0,0.0,0.0,0.0,0.0,0.0,0.0,0.0,0.0,0.0,0.0,0.0,0.0,0.06488880101646331,0.03646317583924652,0.16985996524880748,0.0648254569377694,0.7461512001411331,0.33927394836001673,1.0,0.3333333333333333,0.9554155057650527,0.004779491635889637,0.9996309159803344,0.032205402761881594,0.8010567830703192,0.02209380974068149
workout,video,..\..\data\workout_videos\barbell biceps curl\barbell biceps curl_42.mp4,1.0,0.01499214596290142,0.43500940925140763,0.010027107880409536,0.9287187259859118,0.9202095329619377,0.2383714393786954,0.4205115416206131,0.0011518115875927132,0.9007694873647651,0.9001260403281302,0.47411232671161185,0.9993782629871344,0.9945138852346342,0.9996918184346557,0.009704158808771245,0.004125166460508158,0.9886725169735139,0.985015548583737,0.995046855439149,0.023101612983757253,0.006736830937250385,0.979804833304944,0.9786369180884286,0.9754684060188543,0.011906617088560018,0.004386315274026237,0.9651505412195414,0.9535801444883923,0.9746529856043284,0.021204236820647683,0.005506335284145946,0.0,0.0,0.001299723841535145,8.404071473559787e-05,0.5072699618746205,0.5476487843422295,1.0,1.0,0.999450193663298,0.00043449923962633063,0.9845160275215864,0.003241689680964267,1.0,2.9705203849166023e-06
workout,video,..\..\data\workout_videos\barbell biceps curl\barbell biceps curl_43.mp4,1.0,0.013668803570554222,0.4968766735075083,0.22135962369916293,0.8650597611563328,0.6666914605752929,0.05815279497165061,0.6006157318936113,0.3472149930548242,0.9076927122070456,0.6057365904231994,0.11214103960603292,0.0,0.0,0.0,0.0,0.0,0.0,0.0,0.0,0.0,0.0,0.0,0.0,0.0,0.0,0.0,0.0,0.0,0.0,0.0,0.0,0.0025929136066368255,0.0008443516622170367,0.028790926447701752,0.01203221340843368,0.5078213756858394,0.498887297667637,1.0,0.6666666666666666,0.9942753075255035,0.022593960460569194,0.9891959464374178,0.010814134673639918,0.9510123389223061,0.0002113392437535112
workout,video,..\..\data\workout_videos\barbell biceps curl\barbell biceps curl_44.mp4,1.0,0.02793149379918515,0.5215219689935843,0.006532702994684182,0.9230848177574996,0.9177113831267408,0.4129523038911603,0.5287613891302319,0.0008242661499327614,0.9053118665445786,0.9049554241628168,0.8198194352559516,0.9981691315852464,0.9895547018274771,0.9999945839865776,0.014958650392798794,0.013583855204766638,0.9864387311318835,0.9823268935361303,0.9937101391598905,0.02442494966963767,0.00867942792459466,0.9826852160810884,0.978981103212496,0.9818993995570928,0.018009721898118225,0.0049429166939598595,0.9612203448172981,0.951673678039935,0.9719930855510376,0.020449197575789602,0.007017328822795873,0.000482883109267672,0.00044573534159792004,0.0021189844210282287,0.0007520850805331753,0.513390390699461,0.558128491618699,1.0,1.0,0.9982054716010769,0.00043449923962633063,0.9845057578818173,0.00354606812582848,0.9985267117413272,1.5938457720705165e-05
workout,video,..\..\data\workout_videos\barbell biceps curl\barbell biceps curl_45.mp4,0.9950248756218905,0.05622470118561186,0.5906850443098514,0.05463773627343915,0.9962740271123187,0.9477304550755269,0.8073914759151817,0.6258435048467859,0.09140222583372101,0.9927029327004714,0.9135155965662923,0.7681693979235823,0.9970767903955591,0.9879250517312245,0.9999907549575562,0.016581725572013643,0.010339251475580354,0.9795705174897309,0.9728303421097061,0.9921802518490429,0.03230695698401152,0.012173061766050068,0.9558136014356595,0.9542644048842285,0.9529214764567655,0.013359915812931498,0.006927541967048136,0.9310182944736041,0.9200110579271149,0.9429136964919869,0.02303426396759145,0.012098463333195374,0.00031098464331148843,0.00025405898895276727,0.001977636183360666,0.00020714252186642323,0.5110120860632718,0.5480585036580349,1.0,1.0,0.9993132847774931,0.07082337605909189,0.9848290097101435,0.002678999073793388,0.998016687253403,6.0567696001441235e-06
workout,video,..\..\data\workout_videos\barbell biceps curl\barbell biceps curl_46.mp4,3.180901245070089e-06,0.011554015086985503,0.60737277223148,0.11189666952778873,0.9963766689973901,0.8964015133138318,0.11397443568862001,0.5455374972253023,0.04346959224149433,0.929754891297865,0.8922771355729229,0.1593336385250069,0.9976545676965689,0.9877724947376194,0.9998782640056529,0.01662121407905587,0.013056614490644101,1.0,1.0,0.9998701751024487,0.013086416438731397,0.011207960235295706,0.9277553858040412,0.922306242652537,0.9308203447274629,0.022742270514794372,0.015036093067736568,0.8943904940135402,0.8788621483687639,0.9091765782349037,0.030456095609461366,0.012464484156237157,0.0001637094667564017,0.0002537163234838237,0.001984290275347478,0.0009593315551053736,0.5135465706981213,0.5291169758196747,1.0,1.0,0.9992127083813392,0.003910493156636976,0.9845785570479023,0.002263314731340907,0.9990204306217558,4.592757618376517e-06
workout,video,..\..\data\workout_videos\barbell biceps curl\barbell biceps curl_47.mp4,3.180901245070089e-06,0.016337526417222508,0.5966313284352363,0.02549128417747137,0.9997929713584084,0.977431474854534,0.7210248027277972,0.6146498493777096,0.06162280886881056,0.9999375735331033,0.9466819098251706,0.41669507053570426,0.0,0.0,0.0,0.0,0.0,0.0,0.0,0.0,0.0,0.0,0.0,0.0,0.0,0.0,0.0,0.0,0.0,0.0,0.0,0.0,0.001202062002787066,0.0004195236442401922,0.006216754018307937,0.0011953506456769624,0.5152136251717438,0.5641740166247972,1.0,0.6666666666666666,0.9974324224689194,0.02368020855963502,0.9846720051389279,0.0026134315848532173,0.9872552648171313,2.2196617779173936e-05
workout,video,..\..\data\workout_videos\barbell biceps curl\barbell biceps curl_48.mp4,3.180901245070089e-06,0.007138466166766726,0.7548376367696507,0.05806177325934496,0.999576348658847,0.9479589758616348,0.14505655591323635,0.7129023253704018,0.011575673256288535,0.9940456357983399,0.9843634053672424,0.2298370722683507,0.9963149249516625,0.9886530645786227,0.9999572365275958,0.015821320276985892,0.01210655397433748,0.9970905444511826,0.9871213006666347,0.9997430927844286,0.025733215469940108,0.01569122977264816,0.9292813973241495,0.9217084661086483,0.9353719979201235,0.027891788102376018,0.01711936459758627,0.8916386063205847,0.8776292989809329,0.9070127153762982,0.029523205941085876,0.013498384625305586,0.09297182333161065,0.04167693484589651,0.08584005565350264,0.03899032618695965,0.3915146617503651,0.404371820553988,1.0,1.0,0.8984609411194882,0.00043449923962633063,0.9843555797572109,0.002214789444042934,0.9991235039317509,0.0
workout,video,..\..\data\workout_videos\barbell biceps curl\barbell biceps curl_49.mp4,0.9950248756218905,0.007506439163524096,0.5947336049736999,0.19044975884750107,0.8910347578017574,0.720444509428716,0.048986806733394284,0.6216859125697313,0.24443575424864877,0.9435182477239279,0.7310657773343965,0.04232545137964807,0.0,0.0,0.0,0.0,0.0,0.0,0.0,0.0,0.0,0.0,0.989133301405449,0.9825193764995293,0.9988404662019406,0.03149124505046843,0.01454983072170063,0.9750980024828751,0.947776853897044,1.0,0.05241279622453192,0.01094769484974758,0.0012080263664062617,0.0004310473970324097,0.015006105694183005,0.007434737341187946,0.5037052024024344,0.5230991822261128,1.0,1.0,0.9975489439968152,0.00043449923962633063,0.9846286912620142,0.0027277647719085815,0.9934985309153415,3.0759659963861096e-05
workout,video,..\..\data\workout_videos\barbell biceps curl\barbell biceps curl_5.mp4,0.9950248756218905,0.006328958510422277,0.4308618283113376,0.06886588073079236,0.8755868086939964,0.8141984602988148,0.48866443717402414,0.42645667749917143,0.0013557891828674168,0.9987401024440221,0.9979581458708433,0.47603855566179515,0.0,0.0,0.0,0.0,0.0,0.0,0.0,0.0,0.0,0.0,0.0,0.0,0.0,0.0,0.0,0.0,0.0,0.0,0.0,0.0,0.01566061645778124,0.006624568557404084,0.09627999213242723,0.10694404796118473,0.5203480557989978,0.31220232039007323,1.0,0.6666666666666666,0.9894183839747828,0.00043449923962633063,0.9866675301120214,0.004579611243701875,0.596193526434548,0.0010557545318263157
workout,video,..\..\data\workout_videos\barbell biceps curl\barbell biceps curl_50.mp4,0.9950248756218905,0.01633754406178774,0.547308505729477,0.19655921225036993,0.8515251627267446,0.675426063272744,0.10356743627889758,0.6692079143118826,0.24048968310264604,0.9822284686299881,0.7732272684893998,0.05283542820052287,0.0,0.0,0.0,0.0,0.0,0.0,0.0,0.0,0.0,0.0,0.9930353051215992,0.9733601126034617,0.9997593932465284,0.041446491933686616,0.019915763465249755,0.9791873971805065,0.9394759941053387,0.9999098225653423,0.06063818293192603,0.012647602028718211,0.0012110641695648365,0.0007302492845407219,0.021336110575483486,0.009963385504402051,0.503753377746779,0.5324639667631286,1.0,1.0,0.997637635271401,0.008472735172713448,0.9845798630556503,0.006960779991715498,0.9948734465383512,5.380765389412259e-05
workout,video,..\..\data\workout_videos\barbell biceps curl\barbell biceps curl_51.mp4,0.9950248756218905,0.03576597483796776,0.6946574160566906,0.08355980804638287,0.9998172031086756,0.9252968831310002,0.5133576102530645,0.7303445876118563,0.11562952340653741,0.9992395527577683,0.8989602411527213,0.675637629007131,0.0,0.0,0.0,0.0,0.0,0.0,0.0,0.0,0.0,0.0,0.0,0.0,0.0,0.0,0.0,0.0,0.0,0.0,0.0,0.0,0.00606841409920648,0.003223422733477848,0.06870343512456663,0.04275359942403684,0.5210000614572826,0.4139696358593972,1.0,0.6666666666666666,0.996886190279057,0.030849446013469475,0.9876854433334082,0.00591687000733225,0.9295822764739112,0.00026128641867420355
workout,video,..\..\data\workout_videos\barbell biceps curl\barbell biceps curl_52.mp4,0.9950248756218905,0.04901263218536322,0.4322724698958852,0.0003496235413036602,0.9993651986095978,0.9995864435439867,0.9862163298778365,0.4571827385553067,0.0014827988058371557,0.9295037114428908,0.9285835412021521,0.7866526356701184,0.0,0.0,0.0,0.0,0.0,0.0,0.0,0.0,0.0,0.0,0.0,0.0,0.0,0.0,0.0,0.0,0.0,0.0,0.0,0.0,0.2966887894109582,0.16615225527764238,0.2523387277294453,0.15293272063222202,0.37446027374122093,0.9134533505594186,1.0,0.6666666666666666,0.9132321288585609,0.08059960895068433,0.9992139347536956,0.002349541859708369,0.23740524259379148,0.002224779285090951
workout,video,..\..\data\workout_videos\barbell biceps curl\barbell biceps curl_53.mp4,0.9950248756218905,0.02016435618436865,0.599813368700969,0.09897643719763613,0.9978307285046922,0.9094616799830154,0.9033473662456196,0.672442851888913,0.11752780193714824,0.9919231117386634,0.8899880593107664,0.928827160818579,0.0,0.0,0.0,0.0,0.0,0.0,0.0,0.0,0.0,0.0,0.0,0.0,0.0,0.0,0.0,0.0,0.0,0.0,0.0,0.0,0.026369263613343127,0.026328482220748607,0.060484435080883615,0.0376189153506961,0.5328486962534266,0.792157558378471,1.0,0.6666666666666666,0.989620650665964,0.03150119487290897,0.9925656694815692,0.013334692273560492,0.8989510572553319,0.0006742219148614569
workout,video,..\..\data\workout_videos\barbell biceps curl\barbell biceps curl_54.mp4,0.9950248756218905,0.013688212592308645,0.7361478204052946,0.15203875467747188,0.9991227984901114,0.8630923257146695,0.6084342194351172,0.7380675751282845,0.09390703684533762,0.999343134849625,0.9179775222194267,0.7899731462773878,0.0,0.0,0.0,0.0,0.0,0.0,0.0,0.0,0.0,0.0,0.0,0.0,0.0,0.0,0.0,0.0,0.0,0.0,0.0,0.0,0.004357788559815837,0.002029956054587597,0.05808642344341505,0.027783439461742374,0.5196449296938433,0.4930330408641238,1.0,0.6666666666666666,0.9933385540578196,0.016076471866174235,0.9869075549422774,0.004578905257675998,0.9162767612651154,0.0002715484448278382
workout,video,..\..\data\workout_videos\barbell biceps curl\barbell biceps curl_55.mp4,0.9950248756218905,0.01589598881687456,0.7049151447540702,0.14151632321008528,0.9998270627035764,0.8732485210296029,0.7357037998557047,0.6489957221585909,0.06496619488852434,0.9944967136779503,0.9383278098712594,0.7620377980268878,0.0,0.0,0.0,0.0,0.0,0.0,0.0,0.0,0.0,0.0,0.0,0.0,0.0,0.0,0.0,0.0,0.0,0.0,0.0,0.0,0.001834964289436595,0.000644846625647824,0.008388099786867755,0.002434379238624423,0.5082040493473793,0.5439769781604977,1.0,0.6666666666666666,0.994088129171982,0.03171844449272214,0.9846325204057054,0.0025270979279695955,0.9903412940811384,3.161683261653068e-05
workout,video,..\..\data\workout_videos\barbell biceps curl\barbell biceps curl_56.mp4,0.9950248756218905,0.025610204204964564,0.5199559444459768,0.16301909002446213,0.7158417972022375,0.5697967350227351,0.3930665489359274,0.646535793750448,0.2172441196246555,0.9134482014765134,0.7246593492036791,0.20580713245763477,0.0,0.0,0.0,0.0,0.0,0.0,0.0,0.0,0.0,0.0,0.0,0.0,0.0,0.0,0.0,0.0,0.0,0.0,0.0,0.0,0.309533696909223,0.17320949612180378,0.14454906020276503,0.08223459014153266,0.18055231051327575,0.33296591157408206,1.0,0.3333333333333333,0.8804974386242596,0.00043449923962633063,0.9866615091160275,0.0022074876494842673,0.812198569677229,0.0007480737904951025
workout,video,..\..\data\workout_videos\barbell biceps curl\barbell biceps curl_57.mp4,0.9950248756218905,0.02870109091935684,0.14657505206128676,0.08559909604615418,0.5021471258205199,0.42552849254908043,0.36363885615516384,0.161541341981535,0.010262768296995305,0.9345331467261969,0.9259703089480433,0.9510992963945113,0.0,0.0,0.0,0.0,0.0,0.0,0.0,0.0,0.0,0.0,0.0,0.0,0.0,0.0,0.0,0.0,0.0,0.0,0.0,0.0,0.004393850307208344,0.0024846712654621027,0.04303026647433656,0.021025702635601703,0.5238583229716917,0.5068132937808059,1.0,0.3333333333333333,0.9925282915552052,0.014555724527482076,0.9908466642600742,0.006634363514551314,0.880571362908376,0.00047298948130529656
workout,video,..\..\data\workout_videos\barbell biceps curl\barbell biceps curl_58.mp4,0.9950248756218905,0.01810376504144047,0.0,0.0,0.0,0.0,0.0,0.0,0.0,0.0,0.0,0.0,0.0,0.0,0.0,0.0,0.0,0.0,0.0,0.0,0.0,0.0,0.0,0.0,0.0,0.0,0.0,0.0,0.0,0.0,0.0,0.0,0.016376046907604924,0.013460710218837926,0.20439280626479736,0.11636230880174607,0.514057042842575,0.5469954614486954,0.0,0.0,1.0,0.0,0.9844894444001832,0.0027218235372626766,0.8488427001301797,0.0010560408214946339
workout,video,..\..\data\workout_videos\barbell biceps curl\barbell biceps curl_59.mp4,0.9950248756218905,0.022813687653847746,0.09695409811565178,0.005720354490065706,0.40172095374625344,0.39679793760845716,0.3771979884328153,0.08909426661320292,0.0055206221650875124,0.6112413218523941,0.6066784449202851,0.6153119717719471,0.0,0.0,0.0,0.0,0.0,0.0,0.0,0.0,0.0,0.0,0.0,0.0,0.0,0.0,0.0,0.0,0.0,0.0,0.0,0.0,0.023289099784289873,0.023476255036833635,0.18641124142014812,0.09588153700154088,0.49258544360158957,0.19212193163077823,0.0,0.0,1.0,0.0,0.9950396022688168,0.9999999999999999,0.6734737109055686,1.0
workout,video,..\..\data\workout_videos\barbell biceps curl\barbell biceps curl_6.mp4,0.9950248756218905,0.012363546857569099,0.620948574079356,0.4752391473631546,0.7593920526655672,0.33292518403088356,0.04859678314274164,0.7487022451476824,0.25593937523965843,0.9998607776808235,0.7774146455611326,0.10153686020920762,0.974971805835603,0.9729627730137773,0.9725615779260717,0.004011322364195078,0.00462725661785159,0.9062577236115886,0.8788602969273189,0.9453154280981231,0.078411771278341,0.018962842408315108,0.9882558580840983,0.9597641887480494,0.9999018644800718,0.055000183931773576,0.023127097028595077,0.9622496349494221,0.9324992124887963,0.9998449897957913,0.06756251131736091,0.023875558481655876,0.01774664008657952,0.009857240966329266,0.029799629713403424,0.01624670227094696,0.5157322108365706,0.5902702904182977,1.0,1.0,0.9977410592177639,0.00977623289159244,0.984295648287154,0.002941452374947808,0.9378159962793975,6.631518612703519e-05
workout,video,..\..\data\workout_videos\barbell biceps curl\barbell biceps curl_60.mp4,0.9950248756218905,0.030467311899009565,0.2802812738388633,0.2906718360099362,0.2767128355989976,0.01577115621419619,0.01631732717806234,0.08192063678892673,0.009730157750846893,0.8374659193163804,0.8293280905737966,0.8439274720737754,0.0,0.0,0.0,0.0,0.0,0.0,0.0,0.0,0.0,0.0,0.0,0.0,0.0,0.0,0.0,0.0,0.0,0.0,0.0,0.0,0.01012603627924753,0.005857080931809656,0.030075696048131907,0.016800326013999937,0.5125088883220547,0.5638421077714694,0.0,0.0,1.0,0.0,0.9882475705219131,0.0038538393708361512,0.9585306854235947,0.00014627074377062272
workout,video,..\..\data\workout_videos\barbell biceps curl\barbell biceps curl_61.mp4,3.180901245070089e-06,0.007138466166766726,0.6158245118677415,0.234985680131728,0.9213527626292521,0.710775294039992,0.0731696434891055,0.45740940009537473,0.16885255191513973,0.7656139919342346,0.6189004399627489,0.1398294643237175,0.8829050482840295,0.8543050581936029,0.9109362182505516,0.06066841156848297,0.018752978822259077,0.9143474985570508,0.8903275379510681,0.9451887308017362,0.06690993315853123,0.023459220172366808,0.9669109488606138,0.9382609795810151,0.980930543090122,0.05720527848302522,0.024796745936985734,0.9751292653357706,0.9406028146691474,0.9968074985611214,0.056401161970317276,0.031330886776093775,0.0011604920316048068,0.0002787328687982914,0.0057773934704208225,0.0020316618779480265,0.5046419662832123,0.5512315934930202,1.0,1.0,0.9988828707907228,0.0071692374538344554,0.9846294581158008,0.006907916785498217,0.9975254468107323,2.9845976499116983e-05
workout,video,..\..\data\workout_videos\barbell biceps curl\barbell biceps curl_62.mp4,3.180901245070089e-06,0.012289939907021964,0.6114837795971261,0.21363951163967562,0.931638857285649,0.7402406473751842,0.06002461850019592,0.6037280513425642,0.2284594539315067,0.8968917449902211,0.6983311522178175,0.07382912041264984,0.8717898768226172,0.8717585196139157,0.8678776507061717,6.26091675441125e-05,5.777823671878434e-05,0.8934687661648529,0.9019012172983073,0.8901407348815383,9.95468361146436e-05,8.525763993114849e-05,0.954127046718847,0.9223076742467767,0.9666327464511463,0.058617935592134934,0.03500034790646528,0.9469318960615173,0.9468951457834198,0.9468778428692474,7.363226445510395e-05,6.46599006928567e-05,0.012409728725382048,0.004908861926568284,0.012074756344741559,0.005604447712645825,0.5074036558311041,0.5574551938901098,1.0,1.0,0.9690375108374412,0.000651748859439496,0.9904419943314725,0.013555428002149806,0.8909686424666245,0.00011387366067286383
workout,video,..\..\data\workout_videos\barbell biceps curl\barbell biceps curl_7.mp4,0.9950248756218905,0.014571323082135015,0.5362683745109768,0.13950535685149648,0.999682158924721,0.8749098480875215,0.5118565693578715,0.5373852924956501,0.06617274642792353,0.9937043197647186,0.9364845615357272,0.3954913536634138,0.0,0.0,0.0,0.0,0.0,0.0,0.0,0.0,0.0,0.0,0.9527770765250281,0.9405872483582496,0.9584291478426079,0.03236862482905599,0.026953816010979195,0.9267415652439487,0.906895192704521,0.9544783007287716,0.047760070244750964,0.02878546528537249,0.00545046619662195,0.003678168077318725,0.027186501085093837,0.016781378855277862,0.6047786659301979,0.5276554493623659,1.0,1.0,0.9909360312349078,0.00043449923962633063,0.988610770564559,0.0058887796833295685,0.8857620121303543,0.00018425928348558788
workout,video,..\..\data\workout_videos\barbell biceps curl\barbell biceps curl_8.mp4,0.9950248756218905,0.008683919816625914,0.3379237228761562,0.0044231777275601444,0.9014145440284651,0.8979243391427558,0.13776347463947833,0.5451346434337492,0.19554645417775576,0.9900364756434337,0.8201702300209613,0.06715438660150251,0.0,0.0,0.0,0.0,0.0,0.0,0.0,0.0,0.0,0.0,0.9698900655132991,0.9590260611455221,0.9920921633841147,0.04790446492835328,0.03816659509417641,0.9291444299546124,0.9047712643207079,0.951504340599856,0.046908229590353116,0.021385949257389528,0.0015109377454338795,0.0006575539891773776,0.04135007276132334,0.02613483547095369,0.4966263350066767,0.5048681230850713,1.0,1.0,0.9970182430445246,0.019769715402998045,0.984545215364881,0.0026296417021897103,0.9852749852630719,4.672708841503188e-05
workout,video,..\..\data\workout_videos\barbell biceps curl\barbell biceps curl_9.mp4,0.9950248756218905,0.004857107694045004,0.5335026521547872,0.23389882058485592,0.8844402428542647,0.6748192517683838,0.05154591398128745,0.5057894022971087,0.0736277118324833,0.9968446699374216,0.9331351646419139,0.8772231794949151,0.0,0.0,0.0,0.0,0.0,0.0,0.0,0.0,0.0,0.0,0.9751779874841016,0.9510475119082192,0.9827796880035448,0.04644517987492107,0.03899699649463022,0.0,0.0,0.0,0.0,0.0,0.019758851007394843,0.010564203126850993,0.043529962720135824,0.02076556647514649,0.5137109695875489,0.5635194060413178,1.0,0.6666666666666666,0.9946382374915032,0.015424723006734737,0.9880605679376722,0.006539489501193162,0.8288440170186385,0.00015010318913305463
workout,video,..\..\data\workout_videos\bench press\bench press_1.mp4,0.9950248756218905,0.0027965165511168203,0.6518630748008765,0.20244066419288326,0.9132470961004349,0.7318981654441697,0.7196797209676682,0.8724551231805024,0.22028308796864246,0.9818714589489178,0.7904638951043493,0.7677220083511693,0.940605619327926,0.5806940705086451,0.9996210443399637,0.4227585080967313,0.44045150319946147,0.9300121974810298,0.5628049792373662,0.9992181436135583,0.4460899162116341,0.3076618420611347,0.9345468813810477,0.5444785896262186,0.9984398228665955,0.46317151182120825,0.4408068802992199,0.9013168261279259,0.3847745361965884,0.9984680972128739,0.61488918276887,0.5311155816530817,0.9720021297668681,0.6579697103819933,0.5170254125957519,0.3553424946649554,0.0,0.1945319619345663,1.0,1.0,0.5751236371757316,0.012383228329350423,0.9892751804187123,0.003794289159503937,0.8585535498427315,0.0023718175711879438
workout,video,..\..\data\workout_videos\bench press\bench press_10.mp4,0.9950248756218905,0.002060591142928183,0.82618069143488,0.13921628176119585,0.9748726093520024,0.8503466655014883,0.6166867597328743,0.70895974576617,0.039150031947234945,0.9613763606181797,0.9276722416400871,0.8384564631939935,0.740787055892995,0.5355340431097262,0.9243357884955217,0.39234231950449117,0.31765751503048495,0.783073501445498,0.49919648963500346,0.9395946175939207,0.4492546097787219,0.394891065133462,0.5856871487913474,0.021237533835609983,0.7596639735826625,0.7400872739463437,0.7799506238820657,0.6066983615925576,0.0010112160579394487,0.7995619833162227,0.8000585323789451,0.7633014427314604,0.040466647969371966,0.025747525433262947,0.03123845617833879,0.016394376108572466,0.48941410557117776,0.5413543560598643,1.0,1.0,0.8870210745444663,0.006082989354768629,0.9899067165245526,0.0059824040083691485,0.9205237111668634,0.0010091419191050326
workout,video,..\..\data\workout_videos\bench press\bench press_11.mp4,0.9950248756218905,0.0,0.6934703495741488,0.11796147635664858,0.9815032592719783,0.8760725511638968,0.6443972517861349,0.68477590969599,0.0423711266987909,0.9630910520905273,0.9265830266364423,0.7802400719476007,0.7253084059933541,0.6669758358519117,0.8512878171771785,0.18786436990145008,0.2057598557688601,0.7802313396215886,0.7208517754370719,0.9034003921271286,0.19301227577206276,0.16191376119002968,0.678270581408411,0.03097568824156708,0.7753951199072255,0.746241154440578,0.7173694015767076,0.681410727243542,0.012918106919748493,0.7988279555265283,0.7873948914980823,0.7520620562403574,0.02545335205804253,0.008926183823003647,0.04387636805777073,0.01771779983475532,0.5295497520410706,0.6117637510101677,1.0,1.0,0.9873882818368328,0.004344992396263307,0.9876450072003946,0.0037031345692799776,0.9071830924660776,0.0008671660672941847
workout,video,..\..\data\workout_videos\bench press\bench press_12.mp4,0.9950248756218905,0.01633754406178774,0.2429320567518846,0.17816570410079077,0.36862321659868375,0.2087870456353272,0.11137206736435955,0.3901381577622048,0.2776299915393125,0.5290117121647021,0.2874917911996573,0.18338227331496948,0.5600091673588327,0.46932925515448193,0.7766520914991887,0.31033021210889866,0.16696241286346097,0.6191371327438007,0.583927129081188,0.6804206535448407,0.10470611669884154,0.06944436329017395,0.9134219354606983,0.8378383603229171,0.9509716081675306,0.1262486984846477,0.053247180634538774,0.90112904265491,0.8376308960437796,0.9372444394330433,0.09988208514658607,0.049891521541116896,0.013666057119735835,0.01151566709263029,0.01200375224370687,0.007227668053081006,0.5129198592030253,0.5342407552747023,1.0,1.0,0.988648619096993,0.027156202476645665,0.9892877732406021,0.005609795108710715,0.9192162925275986,0.0009849395673682117
workout,video,..\..\data\workout_videos\bench press\bench press_13.mp4,0.9950248756218905,0.005740218183871369,0.5758147700286691,0.1390196901692063,0.9152473805586101,0.790866084110531,0.6020709491126872,0.6573741241931202,0.3273178924661572,0.9425528842945009,0.6579349760238352,0.4094133758887267,0.0,0.0,0.0,0.0,0.0,0.0,0.0,0.0,0.0,0.0,0.8720912897117529,0.7639757920370239,0.989454700450964,0.2376590234686037,0.1580796180716866,0.7933910111273162,0.7313032081401785,0.853571559378165,0.12256945053012645,0.1192375842710337,0.01937608780941371,0.011579867807569418,0.04375262299719832,0.039607234796031614,0.5552899691836378,0.548593842977496,1.0,1.0,0.9566213751293523,0.01346947642841625,0.9884630652289159,0.008548644854045342,0.9026402864452868,0.002780194165440769
workout,video,..\..\data\workout_videos\bench press\bench press_14.mp4,0.9950248756218905,0.00220777622456591,0.7394626056080729,0.33596018431755253,0.9984059317650619,0.6971714994881488,0.31511718498517954,0.7022755078904793,0.23587825521085726,0.9820157590510453,0.7770296206492888,0.6684179068069205,0.5969125809813128,0.4651350168047088,0.7748247401114354,0.31268483742732517,0.15438065513464,0.5533404805749468,0.5025677669444321,0.7774117893766945,0.2828959929347008,0.14551723662296268,0.8466579872109959,0.5908786218615552,0.9589383427038879,0.3778298926021543,0.14319260133243114,0.8435767854828228,0.7022346625672264,0.9632159279458803,0.26154146276540513,0.11982042842237871,0.03898392023032643,0.02177615404600516,0.019047493973977515,0.011442593720293484,0.5035842003099629,0.6000165891496204,1.0,1.0,0.9805441143511994,0.004562242016076472,0.9869909449223708,0.0026996080921582112,0.9642621428251861,0.000264988181375901
workout,video,..\..\data\workout_videos\bench press\bench press_15.mp4,0.9950248756218905,0.008831104898263643,0.9115481656828698,0.5109836894900216,0.9667297310430495,0.5082671310696703,0.508455949870678,0.8952277867007326,0.05172926937505063,0.9851358597547957,0.9404885438925783,0.9209002396929238,0.0,0.0,0.0,0.0,0.0,0.0,0.0,0.0,0.0,0.0,0.0,0.0,0.0,0.0,0.0,0.0,0.0,0.0,0.0,0.0,0.0036726753159997214,0.002410744406602007,0.013985312186492143,0.0047687351128675864,0.5383673679268377,0.62436690073935,1.0,0.6666666666666666,0.9906879476075486,0.017814468824679557,0.9858951416282979,0.002526212881208868,0.9787609237395068,0.00039109724284852425
workout,video,..\..\data\workout_videos\bench press\bench press_16.mp4,0.9950248756218905,0.004857107694045004,0.6121779549011807,0.08748070893069719,0.9959703449356663,0.9179260973043948,0.5219210803796324,0.7758962458358355,0.20802681816471805,0.9853310378825022,0.8045963257567272,0.6619398342484338,0.9468506842245802,0.7509651935395036,0.9987495972298518,0.2518992031467699,0.274167772719161,0.9481620089327581,0.775131052576975,0.9948133970910227,0.23105385368148973,0.2473595757434809,0.710095690495696,0.5073964458292426,0.886166357327527,0.38727296020005264,0.30804583186639345,0.7634445611663032,0.523707432106231,0.994121814572775,0.47135283961892865,0.36004303618558453,0.0643980719689513,0.05824867468439092,0.18866897378261743,0.16492073713792377,0.4664833792559464,0.09120585846919471,1.0,1.0,0.7838829341408522,0.0036932435368238104,0.9881314186725824,0.003100790867023591,0.7542148786253593,0.0025814037670291823
workout,video,..\..\data\workout_videos\bench press\bench press_17.mp4,0.9950248756218905,0.009567030306452281,0.8658983789052638,0.1126214633343744,0.9968042804148565,0.89617832290141,0.8472427447692321,0.800319136310785,0.13371361468195053,0.9765792584760743,0.8605451793230642,0.6786505543361422,0.0,0.0,0.0,0.0,0.0,0.0,0.0,0.0,0.0,0.0,0.09125610857472266,0.019650640356544378,0.16123331889824896,0.14214118753974558,0.15230103102924414,0.2617056681667925,0.2617056681667925,0.26168057358422503,0.0,0.0,0.1503585420381177,0.08320488005855237,0.1918321903232976,0.12849508517583338,0.4621271774824942,0.6408733471984464,1.0,0.6666666666666666,0.9438202260045732,0.021724961981316532,0.996307272896094,0.01122777930215467,0.7021953188036278,0.005006280799869873
workout,video,..\..\data\workout_videos\bench press\bench press_18.mp4,0.9950248756218905,0.00618177342878455,0.8378420407965879,0.7553056535632536,0.9366922792486265,0.2587564987334652,0.20935737233095414,0.9220106601014179,0.18017274700713665,0.9951888258981769,0.8387104441794234,0.7622279067323066,0.9418816306169236,0.8027741344225229,0.9997669697530701,0.20119749036156145,0.21287347190222441,0.9023097749841598,0.6647093372833562,0.9996833241059061,0.34547735299040616,0.283214924181111,0.9147418867357678,0.7604739344214809,0.9941207953854637,0.2457877631196994,0.1959466619862386,0.7980824071297854,0.6096560205418117,0.9697517262583102,0.36083413768462663,0.29484408430829945,0.27178526970403893,0.1550181810660211,0.16744124972328614,0.1015587735318637,0.4947547091807407,0.5870839522604324,1.0,1.0,0.8521783008709501,0.011296980230284597,0.988281924666813,0.0033579922485132323,0.9405289728539146,0.0005652826365920299
workout,video,..\..\data\workout_videos\bench press\bench press_19.mp4,0.9950248756218905,0.004709922612407275,0.7056127982201638,0.3866154500030769,0.9522178187567674,0.6054586144645154,0.3340567770727722,0.722647634684973,0.01338484698933566,0.9764336652264815,0.9651691688907015,0.4220434593768411,0.46885460713299454,0.036526775811107505,0.6288565982271639,0.5941884413056853,0.6479619814542851,0.47562348461328674,0.028305740843734092,0.6849333033540582,0.6603692902569792,0.70697227018411,0.9718192709264205,0.6617420321538637,0.9997455180897472,0.3488113868221093,0.3634841840589445,0.9640121796259372,0.6801893941080396,0.999184520028322,0.3196627358950835,0.3448986851297949,0.029496254448178796,0.014770766204787346,0.06292927601465767,0.04163850790397962,0.5777782873607131,0.5185850295580502,1.0,1.0,0.9082585506001687,0.002824245057571149,0.9934953295896095,0.004773424403600671,0.8772057357121074,0.0011647341574388902
workout,video,..\..\data\workout_videos\bench press\bench press_2.mp4,0.9950248756218905,0.0027965165511168203,0.5927457204307907,0.1785102458605425,0.8255699968639459,0.665669101499022,0.42862407034431194,0.7626713100347102,0.20643758056657913,0.9858676703648799,0.8065169133949435,0.8377190427686606,0.9390999121158514,0.7488876895061652,0.9979088247299105,0.25313004513995435,0.24292639171432315,0.9445606922334476,0.7483041568966291,0.9987451448880754,0.2616156789071304,0.27659234530753124,0.7645829006801228,0.13831902837751536,0.9927885656976774,0.8581441723456658,0.5366888027975849,0.6573692172675617,0.04397387161923523,0.9812816354140859,0.9390816302472588,0.4149407714084681,0.24411455027728285,0.2596248559723635,0.21630146624305252,0.24017588646270477,0.4455994201677934,0.39725393296158173,1.0,1.0,0.7939198841762027,0.00651748859439496,0.993014209645436,0.006487070284577262,0.894281919945936,0.0022585162261374967
workout,video,..\..\data\workout_videos\bench press\bench press_20.mp4,0.9950248756218905,0.0038268121225809104,0.9236418802803963,0.7006546342484871,0.9969818698290068,0.36816751654541247,0.24729339628554825,0.8654754789449493,0.6625172135735583,0.9972332482350134,0.4207808290011601,0.32868666037194627,0.7112679115092931,0.7112679115092931,0.7080505727177497,0.0,0.0,0.6941201648199313,0.6948143846223173,0.6973144651463518,0.011696199780678382,0.012521613335858321,0.9745469936109513,0.7980210825479552,0.9969974081749327,0.21163321818373215,0.21405713330488235,0.966376245420596,0.7543661886181351,0.9989794274497228,0.24514754155500373,0.23722510810108016,0.028147212640468555,0.02046252195736857,0.05614764345294197,0.024968402562246594,0.5730192651063014,0.6074556376516453,1.0,1.0,0.8379240079022086,0.007820986313273952,0.9922813578674666,0.0058148498517128005,0.9166927829228421,0.0005385562226629349
workout,video,..\..\data\workout_videos\bench press\bench press_21.mp4,0.9950248756218905,0.006328958510422277,0.7718909222599681,0.10542579806088355,0.8955110266925652,0.8012941695385217,0.310740211091887,0.8667736498559312,0.5831578431185062,0.8886835134781536,0.38128557705637844,0.2755344360836665,0.0,0.0,0.0,0.0,0.0,0.0,0.0,0.0,0.0,0.0,0.1816983258870682,0.12007832835269218,0.3334277978733038,0.21558518234889135,0.16758035175973374,0.3715063477071095,0.15546988730544795,0.5874131906771475,0.4327737504910035,0.337068073268307,0.04835447418223921,0.022927250858079354,0.04419540090030832,0.025602530336371394,0.4611661573369129,0.49615774030532894,1.0,0.6666666666666666,0.9919439300198386,0.015207473386921572,0.9930764625268313,0.014611094479535368,0.9027582813203922,0.006950265067820504
workout,video,..\..\data\workout_videos\bench press\bench press_22.mp4,0.9950248756218905,0.003385256877667729,0.5442376363152774,0.1775702866769376,0.8309415568453876,0.6718878373004875,0.14261867365437855,0.7796625079140893,0.32260253136867073,0.9651590781234239,0.6846558310101662,0.31372385939035474,0.7540514242197779,0.09116464049427318,0.9993332941932085,0.9111778175645295,0.8462118920194761,0.7627819833962695,0.40021914204292525,0.9832882293485286,0.5913491042243322,0.5235560517056141,0.5281319629636503,0.0942068492516103,0.7336014026240141,0.6420010021136703,0.5691643246180424,0.5714465607737943,0.29699760724701413,0.8445507881810168,0.5486154966120791,0.2628226449597643,0.008883943216605048,0.0072684274261811364,0.021609171149563136,0.02000710183003079,0.5041906490782053,0.5501163475130063,1.0,1.0,0.9696783998607019,0.00021724961981316532,0.9911667641896913,0.010828604875965871,0.920715808235132,0.000979460032012666
workout,video,..\..\data\workout_videos\bench press\bench press_23.mp4,0.9950248756218905,0.003679627040943185,0.5586238226901786,0.11305460601629042,0.7992617555218084,0.6981409275518113,0.3662440702990446,0.8080569223351253,0.3114595828009261,0.9731057226538135,0.7023077546194367,0.4259952881691173,0.80242792601473,0.5620290144678542,0.9862667141994694,0.4279997418959082,0.49371864395745685,0.7809109505530225,0.6334863367621762,0.9930581529895967,0.36978866457065085,0.19021227075444666,0.6113709614786556,0.15815327312559962,0.9603918048387017,0.8061244869138399,0.5640444361317838,0.6448448695895774,0.4285050890495098,0.9025395101638813,0.4749705668665294,0.25509687367682143,0.33594669500997576,0.18965537003568372,0.10141885538129372,0.059452081670348926,1.0,0.7716043479489751,1.0,1.0,0.926767158422608,0.001303497718878992,0.9947913757443598,0.026575299667872174,0.722226455333219,0.0006726823509205606
workout,video,..\..\data\workout_videos\bench press\bench press_24.mp4,0.9950248756218905,0.004562737530769548,0.7498303895682765,0.2561610596267324,0.9906441805529331,0.7610834847904572,0.4227256964343775,0.8621788656696917,0.284285304954062,0.9999999999999999,0.7528732678059096,0.2798132065860591,0.6941585003073766,0.01637522328021888,0.9966717304588348,0.9831725494906486,0.8374570943673639,0.8351583785909548,0.022039413116971954,0.9984660218414139,0.9817256525964603,0.7195001309413774,0.6025281718077472,0.029477623322132947,0.9917479820547412,0.9644624245205792,0.8916641422021544,0.7227299236670105,0.23629092615118197,0.9727618534751151,0.7378840886159267,0.4852370472478925,0.07063338192401468,0.047429242589451484,0.08167558943354115,0.07511992932134066,0.49858417488935514,0.5091346041833043,1.0,0.6666666666666666,0.8810418733397197,0.010427981751031936,0.9946225503403058,0.011993285577857733,0.8922563845367311,0.0014099496677497255
workout,video,..\..\data\workout_videos\bench press\bench press_25.mp4,0.9950248756218905,0.0017662209796527276,0.6368736625060006,0.3645219249719583,0.8685271823533892,0.5415681976395991,0.2641978075939924,0.870493062212213,0.5471442069105632,0.9988581699721181,0.5228610843225605,0.26868241072021903,0.7813753367713846,0.34036694034512627,0.9705705959889035,0.6335488349406027,0.724400178587263,0.9171486567624656,0.7721693324715588,0.988688814568265,0.22783562526797174,0.2108511203107016,0.782099727782441,0.22853650165239373,0.98254321138184,0.7588901701931967,0.8131334580700893,0.8459287222427986,0.6907604856173841,0.9742353415734453,0.28407641903831854,0.14199570640868386,0.06080803164876634,0.03617129029501704,0.17814092000863377,0.0899595500966002,0.4202688936559041,0.4949299894789994,1.0,0.6666666666666666,0.8702491911242212,0.004127742776450141,0.99432113337937,0.010940510500112743,0.8311882870746699,0.0014260354539004031
workout,video,..\..\data\workout_videos\bench press\bench press_26.mp4,0.9950248756218905,0.003385256877667729,0.31840683093174565,0.2066650483850025,0.5488572221594593,0.36351864975181625,0.3761076653332835,0.6570360191156873,0.37538350453916863,0.7659584105809547,0.43941955480474565,0.45859583533461734,0.8393558533456863,0.5441729172789808,0.9956261033257993,0.45521201120940247,0.5040358018000286,0.8457639229419948,0.5411002010515875,0.999196152722517,0.46759703690999516,0.4963655951835622,0.5792693026022582,0.29506700894238813,0.6175878164968499,0.32765026421832033,0.3353082559114096,0.5589075575387429,0.17899335878608427,0.9350665127398714,0.7575178197960084,0.8315136750491465,0.17454869502018514,0.09719998392538702,0.572637550892011,0.521682656580876,0.6491440960427964,0.0,1.0,1.0,0.0,0.00043449923962633063,0.9923850079095946,0.003967039541432749,0.37156893126444324,0.0014037117236338822
workout,video,..\..\data\workout_videos\bench press\bench press_27.mp4,0.9950248756218905,0.003385256877667729,0.17801544270319175,0.1226267014927358,0.22144883176141822,0.11142057713850562,0.06290376018967934,0.0,0.0,0.0,0.0,0.0,0.9434747005276722,0.90521383109956,0.9733312517337941,0.07241843886957278,0.04576070566826552,0.9623025411563882,0.9432322246269333,0.9862062483689144,0.05566103524413509,0.037968735149487384,0.9715509053091734,0.94340753344368,0.9809317892286883,0.05212998727282593,0.0329509363537886,0.0,0.0,0.0,0.0,0.0,0.0029410226844919264,0.0016348786013166236,0.04079570727032954,0.022269572158388352,0.525659735498709,0.3744196461665391,1.0,0.6666666666666666,0.9978617254092527,0.00043449923962633063,0.9855981012776392,0.00936754508583855,0.9215834094836469,3.157600682488493e-05
workout,video,..\..\data\workout_videos\bench press\bench press_28.mp4,0.9950248756218905,0.009419845224814552,0.6513830319486635,0.3284348921488891,0.9754671752767876,0.6809798926030691,0.5300169073531061,0.4555727675909575,0.03714253421737807,0.978599399285812,0.9466500707058079,0.98796190382972,0.5511885452957478,0.23487796901656854,0.6991789157310475,0.4666934328888992,0.4994151621264432,0.557456948163662,0.0484479459268444,0.72193380142874,0.6775802611990749,0.5681229186115203,0.8655640256586168,0.6901961860703637,0.9852604247806307,0.3062330735370856,0.15579601767130963,0.8362577716885663,0.2148330725290052,0.9927685579267272,0.7794248705419339,0.35614668604296057,0.07864203554100271,0.05011235481779128,0.03383592023380966,0.028751034763743268,0.6769627231418964,0.4870762499122768,1.0,1.0,0.9692753033320999,0.014772974147295241,0.9941533206590372,0.01433803123182803,0.8514694827168718,0.0009137470287490527
workout,video,..\..\data\workout_videos\bench press\bench press_29.mp4,0.003980099502487455,0.03248967315060328,0.5558276663004219,0.012521323600686536,0.8789292926505337,0.8681530539846383,0.4787398049670523,0.690582246918486,0.01605652227892262,0.8698999892022548,0.8562667693101556,0.5953206404132965,0.9407405276510357,0.7969595559283457,0.999373967579113,0.20660818519318785,0.08875298621520115,0.8787945934214523,0.720544690097119,0.985077909153625,0.27541328980710533,0.21099732602651944,0.6554806167204662,0.5337527329710303,0.8117207646038744,0.2866951889000835,0.07691192318513554,0.7548007167913835,0.4865376610464796,0.998463525208284,0.5129391243206787,0.28312743287896075,0.08859835559286507,0.07856796557053285,0.07904954385870043,0.06656128064139534,0.5121703279761531,0.5433403703472817,1.0,1.0,0.896664339046335,0.012383228329350423,0.9967788426458507,0.00919465696236365,0.8162850745304189,0.001699950757820881
workout,video,..\..\data\workout_videos\bench press\bench press_3.mp4,0.9950248756218905,0.006917698836973188,0.5885047715487792,0.00883000995774283,0.9973377620957443,0.9899405914381019,0.5858106802678943,0.35981304454485485,0.003778600664044318,0.9848816523259325,0.9819846363557926,0.991930742234079,0.5404984015258986,0.4872073422043325,0.6682154694160269,0.18373558689848193,0.13716036322526087,0.7656095774980152,0.6099236386080434,0.8926985651815044,0.29228648450201233,0.15876466867126265,0.969526293102098,0.7852134631755765,0.9998726198072335,0.22714700547267747,0.2146294605951421,0.7612734321640672,0.5627989703559483,0.9598582113431076,0.39786295876231503,0.20727147317284106,0.01632021945413444,0.017983994102120607,0.01578228085505612,0.004971815008850875,0.5582717616799855,0.5911654101194614,1.0,1.0,0.968960829187835,0.018466217684119053,0.9890800672158407,0.00567615644149427,0.9576814898707803,0.00021345869952080933
workout,video,..\..\data\workout_videos\bench press\bench press_30.mp4,0.003980099502487455,0.0062066228581519585,0.5836952507315738,0.43532544922017113,0.85678676812841,0.46622371087441733,0.10743054371075177,0.5978859564090065,0.45455944079212013,0.8167765409197414,0.4213198812059315,0.11885967367858583,0.7862940519044114,0.7862940519044114,0.782737340974793,0.0,0.0,0.36357730750185313,0.36702912590155085,0.36220288810622575,0.0,0.0,0.6338598121757755,0.028605131104433686,0.7464950760597481,0.7196272263330536,0.5589507888324602,0.6669372621970312,0.009864174126826183,0.8387426431523463,0.8304443435039993,0.3457905561621314,0.002720191588690155,0.0019979193429197797,0.007509437749918066,0.004555927714013762,0.50924165269565,0.5388738295211154,1.0,1.0,0.9907265964677038,0.009993482511405605,0.9919926096102486,0.008276726892843842,0.965288880995158,0.0006743998613639061
workout,video,..\..\data\workout_videos\bench press\bench press_31.mp4,0.003980099502487455,0.008412193512063959,0.6779810533231851,0.06022500865061777,0.9223592780896089,0.8687574648225483,0.3656379943483244,0.7865166577352248,0.10373421722562892,0.8775211272207558,0.787550429025287,0.5730789028579035,0.911967670660555,0.7980855714901738,0.9860846443921311,0.19215675431067483,0.09889261087197447,0.7893555160018996,0.705279886525934,0.9733672217890232,0.27878388034254403,0.1856237408048302,0.6855692432465512,0.6274799470943985,0.7612037255224121,0.14363477929676005,0.06356963771783039,0.9057827791762346,0.5680567362220712,0.9998815253759749,0.43269464957509307,0.3176771993406102,0.006018870813576186,0.002908677170490161,0.0076576044427552545,0.0022369105086863916,0.511089470080959,0.546826666213666,1.0,1.0,0.9898290371238166,0.00043449923962633063,0.9886686073776831,0.0033594820804946444,0.9791738836695968,0.00020262854686569135
workout,video,..\..\data\workout_videos\bench press\bench press_32.mp4,0.003980099502487455,0.01539650058278529,0.4527661657158716,0.0080601881432823,0.7531866895820569,0.7463502213584593,0.4078211978161373,0.6945592200740615,0.08931285876648357,0.9495240036470305,0.872138639237286,0.6368734078054858,0.8912804220029946,0.7416022923461865,0.9959009415144489,0.2583895937605931,0.23869048338837462,0.8624868421952722,0.7604227479180662,0.9400597674788242,0.19060875194777901,0.16341142348526966,0.9513307194097186,0.8695373536857558,0.9986033221190751,0.1426986761147779,0.11827516612241477,0.9606232986618767,0.9104852416332998,0.9998280431001835,0.08959895109891279,0.06962061857254484,0.03079098637765328,0.014225336960614267,0.03358100399764403,0.02325206431243108,0.5016224669912093,0.5425498266282973,1.0,1.0,0.9788673577774457,0.008907234412339779,0.9863134982936463,0.004149813274046367,0.9525926292697245,0.0009166228963336086
workout,video,..\..\data\workout_videos\bench press\bench press_33.mp4,0.003980099502487455,0.007125610630615291,0.7086334765469778,0.04599073992301308,0.8193927164418543,0.7785213855317611,0.3878773381870813,0.7772951120620195,0.2599472505219638,0.7797059017601364,0.553682285921562,0.360801178075736,0.7355610088201325,0.7034323740226883,0.789021511515654,0.08902474723963891,0.08223767700120906,0.0,0.0,0.0,0.0,0.0,0.8275974392521263,0.7543479866818983,0.8476009857947966,0.10504595550934248,0.09013351422789531,0.9397700436956502,0.927756038355032,0.9785983941274361,0.05102747556277833,0.044244583458711656,0.004291876333936848,0.0017888033785547364,0.1515229673646466,0.06840678396008681,0.5134568583442829,0.5756280252066507,1.0,1.0,0.9976212649144245,0.01021073213121877,0.9987857432217818,0.012622981769957787,0.6565814990900554,0.004439041920735615
workout,video,..\..\data\workout_videos\bench press\bench press_34.mp4,0.003980099502487455,0.02109422477205795,0.6301262732956456,0.05679080352851735,0.8718433595832819,0.8212991915158001,0.3820071026538573,0.7622190387996091,0.08450939502383668,0.8495418893556853,0.7762989808439419,0.5977146018980181,0.9129979687515726,0.7708486540475281,0.9868444341526884,0.22010992295771745,0.20332917879825255,0.7914195042617745,0.6671247034303699,0.9998371064264928,0.3432360939606697,0.1995969538653386,0.6914567192427294,0.5823210106672467,0.7595670692616462,0.18653975679023074,0.1075481985809213,0.8731146905854736,0.5343588722544731,0.9991363879342591,0.46570635367825236,0.3582743946207794,0.07341178418253586,0.03331000118756937,0.08568699819737055,0.037470943811796796,0.5130417411382906,0.5486298724167695,1.0,1.0,0.989722252628166,0.022593960460569194,0.9924592506203446,0.00567128689996097,0.853772453173663,0.0018745933033440137
workout,video,..\..\data\workout_videos\bench press\bench press_35.mp4,0.003980099502487455,0.006390420412644625,0.5797692830698689,0.436675573034081,0.8239472089713146,0.4321538414995476,0.09337056842134987,0.5985567355990773,0.4660032660833661,0.8104861849472083,0.40506293523472525,0.04289783587728256,0.0,0.0,0.0,0.0,0.0,0.0,0.0,0.0,0.0,0.0,0.679256620059558,0.18869802618903533,0.7379037574931783,0.553105417862576,0.40337170936745775,0.7139790831399351,0.04318517294884969,0.8992208821710391,0.8576560578457771,0.45006187069472325,0.004907442746216618,0.002638121851922716,0.024820389244866747,0.012387842110945353,0.5090714162863695,0.5656232661161155,1.0,1.0,0.9870660940104576,0.01021073213121877,0.9916286074790475,0.007958325812810921,0.9669111003783234,0.000575052512531947
workout,video,..\..\data\workout_videos\bench press\bench press_36.mp4,0.003980099502487455,0.019807641890609285,0.6313357929999315,0.042868061034599975,0.9326981036830497,0.8946923431633977,0.3741463874928571,0.7434303893070991,0.03270172037018631,0.8621439702225909,0.834014766874618,0.522515085102789,0.904080488644703,0.7770957238936036,0.993149003193187,0.2201959251559051,0.09110256492617219,0.7844629129830046,0.6845371754844825,0.99623315352053,0.32234202212495744,0.19736703326349267,0.6961937577823858,0.6066411278913723,0.7322193447684177,0.13515337984848852,0.07034101640882438,0.883226731273246,0.5537421967403152,0.9996694558652469,0.44682236989005925,0.30617635440765106,0.010722193109129792,0.007983626172673355,0.008905929235450088,0.005138482527078938,0.5139146400229897,0.5530367526721889,1.0,1.0,0.9836813804999797,0.029980447534216813,0.988299640048758,0.002635423583913945,0.9731407627849211,0.0002770728161001517
workout,video,..\..\data\workout_videos\bench press\bench press_37.mp4,0.003980099502487455,0.06557323295928326,0.4226671648677409,0.00023931926209528584,0.7821501038712075,0.782354081050786,0.6096596693600017,0.6929060189203365,0.019145784956650834,0.9900215157284875,0.9737464221400255,0.8065074841422379,0.8108627532423134,0.24886451807648996,0.999985317899482,0.7543964855006958,0.6058769604556202,0.8039353560044293,0.6587375040122792,0.9806756987435056,0.3322957757091184,0.260837159287216,0.8904572208157243,0.006079408146993609,0.9996096626598276,0.9954182063216681,0.7837621377875043,0.9082482466837599,0.010211190984289659,0.999864413972118,0.9915226743700509,0.7683477540668886,0.06138404949677267,0.04941827328841214,0.021347904288018266,0.011675779088087241,0.5141620286350895,0.5433721524614983,1.0,1.0,0.9378542193665172,0.06582663480338909,0.9916721460288085,0.007585282081090277,0.9154797032829779,0.0023271878578129002
workout,video,..\..\data\workout_videos\bench press\bench press_38.mp4,0.003980099502487455,0.005287635085688624,0.5642956070664638,0.17698865265666383,0.8029975731418367,0.6444513266330409,0.23278393211002366,0.6283115528095573,0.03384674394849488,0.7919160324744113,0.762761840277158,0.44806391383297434,0.8824096478552014,0.6650914597127384,0.9919114842626354,0.3307711634231739,0.16261257910508528,0.7582040124211744,0.6504745429607676,0.990365543494079,0.35023144439185605,0.13504411061545205,0.718181879823069,0.6217810384944822,0.9300475568188366,0.3184049144630422,0.21308707852541486,0.9203739813777368,0.5671269454670047,0.9991083361078248,0.43285145740179126,0.17974216528599,0.004067895086310408,0.002325124234454014,0.31365867018152577,0.17339977301836282,0.5152716104998121,0.5586076089251063,1.0,1.0,0.9927983592617706,0.004562242016076472,0.9994041206677079,0.03997826216129442,0.12329279588454933,0.009737780589253479
workout,video,..\..\data\workout_videos\bench press\bench press_39.mp4,0.16998341625207303,0.12747624931241333,0.5238019329668888,0.0103045666168436,0.9867842624209379,0.9780569493609069,0.6438432331771798,0.6838386571790829,0.018546284405798762,0.9985040124587817,0.9827542856522987,0.6665258768208789,0.6954747263255345,0.037915131911292685,0.9806393827746909,0.9455906206937834,0.7365654598254752,0.6694785344406065,0.1233684213305396,0.9833317198139194,0.8660042988141041,0.7352322278326079,0.5626529879962682,0.009750396990987968,0.9998072176762517,0.9919950697896935,0.7977617021902367,0.5932944231149918,0.012230987866023352,0.9946332360243156,0.9842582037036784,0.785894678321606,0.07364630324300483,0.033380569197628523,0.08546474110798911,0.04493709462184953,0.4905624321299411,0.4505053201284852,1.0,1.0,0.8848314015351781,0.042363675863567235,0.9963771947646944,0.010690496773287959,0.8934048999928361,0.0011595245695094213
workout,video,..\..\data\workout_videos\bench press\bench press_4.mp4,0.9950248756218905,0.0030908867143922747,0.950117433124191,0.8979229670741327,0.9749615132771562,0.16894321327219325,0.09664328591592562,1.0,1.0,0.973114323379969,0.10280774876657046,0.10729428153334354,0.0,0.0,0.0,0.0,0.0,0.0,0.0,0.0,0.0,0.0,0.0,0.0,0.0,0.0,0.0,0.0,0.0,0.0,0.0,0.0,0.06517914190693279,0.0468974462785591,0.4778971443405701,0.3769389319936501,0.5203764057036256,0.3314854880903312,1.0,0.3333333333333333,0.9814605022820762,0.001303497718878992,0.9940470500325272,0.006308870885986688,0.26898600061713684,0.004205219421163406
workout,video,..\..\data\workout_videos\bench press\bench press_40.mp4,0.16998341625207303,0.03396005358654461,0.4128448936229846,0.02477844699235215,0.9842931701484063,0.9625636626178691,0.5285025620589255,0.5809035225683242,0.001366165007274651,0.9346477478600143,0.9338311826678533,0.6891126419197007,0.8057820701510112,0.4893530190430361,0.9724486600645545,0.48669622239562105,0.4683244450760707,0.8340192038085441,0.6028032173781527,0.9746659057892884,0.3817370364040361,0.1982570941490614,0.8191876817465252,0.24051307252767626,0.9998444858218198,0.7644090495638131,0.6097458553227387,0.828282325236014,0.15042273739968995,0.9933384027199046,0.8445215455040528,0.698677187564714,0.06459284438537727,0.04500890157876909,0.05577372198906393,0.02874559924281049,0.5344043768543708,0.5264734000121074,1.0,1.0,0.8452083332892433,0.00043449923962633063,0.9924526734513012,0.009330892704706835,0.9288763190266892,0.0018855641016217767
workout,video,..\..\data\workout_videos\bench press\bench press_41.mp4,0.16998341625207303,0.006258086173409905,0.3457135511059423,0.008204515898613412,0.753456136280041,0.7464901729932675,0.4457506978678849,0.5265854883424991,0.003012056501277992,0.8631554703933969,0.8608773087235474,0.5036126198803985,0.8335506966298752,0.7466806535149594,0.9965321163872471,0.2539527341186756,0.18404949800764758,0.8043507355871639,0.7639218619634602,0.8762667868700152,0.12301778711177498,0.06344422560412721,0.8097748632648817,0.6856382810883664,0.8870418617384463,0.21233303126172487,0.11658274719639736,0.8404685749800973,0.6444443804000574,0.9021535632715922,0.2582576506597866,0.16941017911055198,0.02369156189027801,0.010024725926130741,0.029400189465424262,0.01333382235304503,0.5229797815023696,0.5794313268470153,1.0,1.0,0.9659905990382659,0.00021724961981316532,0.992494409930596,0.006410301315446986,0.8487228410479103,0.001288552022819408
workout,video,..\..\data\workout_videos\bench press\bench press_42.mp4,0.16998341625207303,0.016315488355248618,0.3744869666207623,0.04002871750331006,0.7822025327420121,0.7466665436463606,0.5227961861534264,0.3357648762625408,0.001290656019700222,0.9839128551697585,0.9831816932676551,0.7901350712083008,0.8090881162203127,0.6162606028264437,0.9531618789163158,0.3406597158458824,0.19571626174922416,0.8500231504455107,0.6345596354224072,0.9760885273300314,0.3516673900834467,0.27766608790618647,0.5233780780964319,0.033867138147896846,0.8568166091808297,0.8249575726857397,0.6938563172760396,0.3640369657985634,0.022753079757676868,0.9670778689882156,0.9461098651900348,0.6550594413152673,0.13836059019951796,0.10985678569088433,0.14687511230039743,0.1169495418653484,0.5308043762537595,0.7444776581714898,1.0,1.0,0.9285409674334042,0.01672822072561373,0.994308523845191,0.011194377040441805,0.8175427252090077,0.004559885200193251
workout,video,..\..\data\workout_videos\bench press\bench press_43.mp4,0.16998341625207303,0.005375857911845105,0.6796787904855711,0.26358165157049435,0.8914955645868794,0.6552163707165883,0.323929087668769,0.8212815364841057,0.6995038105496864,0.9886502045157854,0.37999032013636597,0.19295879713077216,0.0,0.0,0.0,0.0,0.0,0.0,0.0,0.0,0.0,0.0,0.0,0.0,0.0,0.0,0.0,0.0,0.0,0.0,0.0,0.0,0.018684124881387574,0.010185449586091742,0.14240599378495217,0.06754588654398433,0.5153954207132959,1.0,1.0,0.3333333333333333,0.9962632173197105,0.012600477949163589,0.9984315514795299,0.03210842529755985,0.8342258376140873,0.0005665231987327455
workout,video,..\..\data\workout_videos\decline bench press\dbp_1.mp4,0.16998341625207303,0.08971687971743994,0.3526677736460717,0.006411628225185994,0.9854334561594903,0.9802021700198459,0.7475375268573237,0.46552108038612916,0.08841124346754954,0.9462684458951585,0.869666814253748,0.6985080055081511,0.9917094860985246,0.9917094860985246,0.9872236020203354,0.0,0.0,0.9722213730632883,0.9814516840724596,0.9685461164276006,0.0,0.0,0.9951438921184955,1.0,0.9846177219906804,0.0,0.0,0.9293201071717929,0.9293201071717929,0.9292309959946281,0.0,0.0,0.022382772038504205,0.008084964887258763,0.028623522380628968,0.013640538077725388,0.46953657600009613,0.5004402899878804,1.0,0.6666666666666666,0.9800829960105548,0.005213990875515968,0.9816778727827041,0.00489742384838578,0.9857173128941914,0.0038631637718019554
workout,video,..\..\data\workout_videos\decline bench press\dbp_10.mp4,0.9950248756218905,0.04194774826675231,0.6959004205095606,0.12397784271716344,0.9995776814823929,0.8887525793345916,0.843671774227343,0.494646467645631,0.17247447873581376,0.9239353522079697,0.7741313812854348,0.3364145165507545,0.8149422709333328,0.48227163847655946,0.9007587283553629,0.4218708919231693,0.3920108719916779,0.9307285318937956,0.7967699628881321,0.987680041438736,0.2024200242852133,0.1791876927883464,0.9600970367693491,0.8831379846575528,0.9990831651437099,0.12976377916416573,0.1358132469998051,0.7248079496349531,0.6178530108652253,0.9027704431847401,0.2855147148007901,0.1457624425151247,0.028960315065760456,0.01710964039729425,0.06918828219924657,0.07778639244548559,0.6635427813153107,0.7498487244291532,1.0,1.0,0.9860606240414083,0.05431240495329133,0.9993308329877376,0.027038919924197227,0.87935627071447,0.0032354715606691194
workout,video,..\..\data\workout_videos\decline bench press\dbp_11.mp4,0.9950248756218905,0.042389303511665484,0.7304097361195981,0.0478306793293195,0.9991385624056106,0.956710821150269,0.8189429093956377,0.45530253300846885,0.09804512679954457,0.9294020548245677,0.8444055202651756,0.6963334212035142,0.785770054784348,0.6724008950732915,0.8286983950858177,0.1597944309197206,0.1460999254251182,0.9109220026357221,0.7747807110276272,0.9945837044369366,0.23117049091105765,0.14596811392348227,0.9284396217576135,0.6899047473002342,0.9996100682876027,0.32089610581522804,0.22459925244959966,0.7941332963427242,0.716776782657787,0.9620215568518582,0.2457766580599727,0.16232918996905768,0.03423085662330485,0.02571314371862949,0.05725557930815567,0.04817785746030704,0.5999505523081424,0.671786514606507,1.0,1.0,0.8765784445961843,0.060612643927873126,0.9999212543033605,0.012177075030772814,0.6651798450752061,0.007155116825256602
workout,video,..\..\data\workout_videos\decline bench press\dbp_12.mp4,0.9950248756218905,0.012657917020844556,0.6305506291710884,0.1970987781408829,0.8558790846473424,0.6792976635009229,0.4249938531250315,0.5695516051773585,0.2349360544879701,0.7330085728259815,0.5287434437074713,0.3765368150348074,0.6079163988586983,0.3751270555120257,0.7120045385326248,0.33954199742449764,0.34897254121069954,0.74250704302508,0.7495564364281764,0.7397001679526626,0.0,0.0,0.49242199567388173,0.3804466492516251,0.5452427330137838,0.17095640235321546,0.12230537525099668,0.5922090305114411,0.589426723345501,0.5938415117474002,0.004479749540176959,0.004917340432275722,0.11974694805279344,0.046254733434535594,0.06626043245751834,0.044472673467270914,0.477294861162256,0.500134871456622,1.0,0.6666666666666666,0.8623425748482619,0.0030414946773843145,0.9998261097921882,0.028046172563027792,0.8032332363684448,0.005138739217480095
workout,video,..\..\data\workout_videos\decline bench press\dbp_8.mp4,0.0,0.006770513755335457,0.48565175745174877,0.13555191498276595,0.9843451817917418,0.8631157524866637,0.4246353961250312,0.5995543069824121,0.014720556349806386,0.9205336913323735,0.9080838942282975,0.40502353300083316,0.8871881697603905,0.7261279973356904,0.9813396247980082,0.25923498516111587,0.09918797815182473,0.8236843900176762,0.7152680187011524,0.9921147068569713,0.2877201691121703,0.10762547511474217,0.7939024595912874,0.31997842828020184,0.9973384444808214,0.6835141817902214,0.5292037761062172,0.8415004311744602,0.49346834483926755,0.9794508980048836,0.48694749804740195,0.3311403217486858,0.06158342013017688,0.027864767808840247,0.0950411291521089,0.043727056351382645,0.5545786716043936,0.4320204359088844,1.0,1.0,0.9820166800293451,0.00043449923962633063,0.9859934852153185,0.003581248341735314,0.943721214634644,0.0012727173441296278
workout,video,..\..\data\workout_videos\decline bench press\dbp_9.mp4,0.0,0.0295842014091832,0.7067381238617367,0.21455724240088864,0.9980701771980587,0.8058832172426331,0.4681262408415204,0.5276764294716323,0.16779907105342393,0.7585841677672293,0.6127850711046618,0.30650880825723326,0.695726930395016,0.3940644712736062,0.9618079963642641,0.5711537775936821,0.20018000119471258,0.7839205663149086,0.30420192453311007,0.9668159192830708,0.6700329190628198,0.3427344979155256,0.8227591121177374,0.034470715739193046,0.9975744746907662,0.9653742736622533,0.7801410035760213,0.810248176518596,0.11061998719122174,0.9983996764634641,0.8894664491303907,0.7452060082802259,0.05849132579844401,0.02419794584138807,0.061771630784240576,0.03733023845155706,0.3482033201842496,0.5790445365128226,1.0,0.6666666666666666,0.9204329089805954,0.03975668042580925,0.9935862761727224,0.009796279801297172,0.8291032315374494,0.0030748718750355604
workout,video,..\..\data\workout_videos\hip thrust\Barbell_Hip_Thrust_Tutorial__gluteworkout_AdobeExpress.mp4,1.0,0.011904347047424622,0.7850900416413744,0.03660702810949576,0.9990245227949426,0.9666781303047227,0.9699975684699699,0.8456785095534968,0.01963672915118238,0.994273373621265,0.9775725140374165,0.9734493017104043,0.4969112274669334,0.24960185826259523,0.9768464293091979,0.7304553615211219,0.8121857131201264,0.4746977989816867,0.025202792476229467,0.9626117553103476,0.9425497089211565,0.6928798287460675,0.6118036453436162,0.058257379372120416,0.9555427630061628,0.8998035873877194,0.7332260979519379,0.5690431984657979,0.015598979018140382,0.9694292958302981,0.9556326519651668,0.9667499607349643,0.028062741779249126,0.01793115327062673,0.009672654647409061,0.009259473124308715,0.5306792726186838,0.5725044723565395,1.0,1.0,0.9679292053763885,0.018248968064305888,0.9918147083441595,0.010472188454840225,0.9734541707964451,0.001991331121455943
workout,video,..\..\data\workout_videos\hip thrust\hip thrust_10.mp4,0.9950248756218905,0.05033729792010277,0.9071454377458186,0.5841358120068114,0.9735459495273089,0.4493796371977024,0.16782576952156109,0.5189883032736539,0.3435960004642147,0.5744246760739784,0.2754866103518109,0.06528590589937729,0.485645204384388,0.37689283097698195,0.6868292798401034,0.31253197393050947,0.09299647054958184,0.6165744952699118,0.5595167214831654,0.7484723502060614,0.19731979670132868,0.07893192516004642,0.7741264827201318,0.584590083146231,0.9991291132119041,0.4242962344747086,0.11890945543475714,0.8330666827304088,0.6748197761354869,0.9994555690624617,0.3253135366531213,0.1092219581403084,0.01642038180255832,0.007056581008193067,0.007958404982740487,0.004355448620240594,0.55144745862019,0.6107389324563315,1.0,1.0,0.9721654756225403,0.03953943080599609,0.9871500516516811,0.0041978033285749875,0.968465839258807,0.00026468942859721883
workout,video,..\..\data\workout_videos\hip thrust\hip thrust_11.mp4,0.9950248756218905,0.009714215388090006,0.8694925572773897,0.0835572379682527,0.9977476783514525,0.9232285583993795,0.9119500321465028,0.6532742556595398,0.057468272633685584,0.9201955381768667,0.8705253888085911,0.5292221629057376,0.4442227103036316,0.3677101731120747,0.5133976059007885,0.1477718667323392,0.13484062909337882,0.496962610013752,0.4254120948557035,0.5734213775627998,0.1543910027797771,0.1577579142464564,0.8414851834310105,0.7373022797848849,0.9623754788262884,0.2368415410426202,0.15664138781449308,0.8362271219971096,0.7474906717105859,0.9515940484468967,0.20456053610261307,0.11774605170474278,0.09630633780816347,0.053760443217251326,0.06646298211233917,0.03641595405598024,0.3930102311755329,0.4946671791470793,1.0,1.0,0.8782038263639536,0.00043449923962633063,0.9897515428450381,0.00671965191619991,0.8164100498707395,0.0010893459819988406
workout,video,..\..\data\workout_videos\hip thrust\hip thrust_12.mp4,0.9950248756218905,0.03355819861340185,0.9711050199043564,0.996650404503881,0.9652022648339935,0.07049888276090456,0.030323106250663208,0.7454406685213527,0.3273087248624143,0.9288056783359296,0.6441902667740926,0.12129334120344804,0.0,0.0,0.0,0.0,0.0,0.0,0.0,0.0,0.0,0.0,0.8050936186625883,0.6720871332045433,0.8833966036619887,0.2220479866586088,0.04652368043850012,0.9370184170592919,0.7566692444396956,0.9965744750728102,0.24043086586640522,0.11362864867128508,0.006682988789015993,0.001108088493975202,0.016114536607937685,0.00474283411255179,0.5558520464787756,0.6693236205712801,1.0,1.0,0.992641684904714,0.03063219639365631,0.985892961701873,0.00338558585291564,0.97767376752722,0.00013176995417666702
workout,video,..\..\data\workout_videos\hip thrust\hip thrust_13.mp4,0.9950248756218905,0.015454433571961378,0.9984022107800755,0.9429991398819301,0.9993621842060608,0.15286822487516735,0.10603707213630031,0.6241608652498006,0.3633296293304183,0.9525420536562178,0.6365728967141817,0.38419278753747854,0.4376399858773916,0.328400451563856,0.5335551340996321,0.20723075701376603,0.09402646487781688,0.47098881822332256,0.4002639805794191,0.5460878633928203,0.15186201444171216,0.08693507635389443,0.7431327470692547,0.6667573974595327,0.9106939839008068,0.25465189410701616,0.15229115607229304,0.7742888739675274,0.6757328689276492,0.9137293869870667,0.23851077410754315,0.18423016926773816,0.028684243407545905,0.019178148007050616,0.031050034073921404,0.018497107531996584,0.5092861348076688,0.5446472918344634,1.0,1.0,0.9781840992721574,0.02411470779926135,0.9879416094106073,0.004047772491541381,0.9568378940973217,0.0003443240264483168
workout,video,..\..\data\workout_videos\hip thrust\hip thrust_14.mp4,0.9950248756218905,0.047687966450623676,0.9942428195567026,1.0,0.9991133806993118,0.10141945827237402,0.04322930237703361,0.7385458137418234,0.49683104719425003,0.9095585474051524,0.4773332391167195,0.26026123979184546,0.0,0.0,0.0,0.0,0.0,0.0,0.0,0.0,0.0,0.0,0.7936684379269785,0.6332697637049151,0.8661397430783673,0.2430492549128007,0.060952574572510625,0.9146730438762434,0.6894692940121552,0.9994587353229635,0.3106409400229046,0.3026445263504037,0.0065933579549749734,0.002707987651296037,0.01817451779709856,0.006254564224828823,0.4512039924210236,0.3868603935866742,1.0,1.0,0.9710996795042329,0.07864436237236584,0.985114818331722,0.0023984100079254707,0.9661642567003378,0.00011921386325227354
workout,video,..\..\data\workout_videos\hip thrust\hip thrust_15.mp4,1.0,0.07366032535696058,0.6258769140289739,0.38541607303280506,0.8105542026117787,0.4647964347304798,0.45170987342336716,0.8950148936847743,0.2674061640965502,0.9991904438642231,0.7667599700154942,0.6884207772200445,0.4936671939879095,0.38456890554416157,0.9556078565744948,0.5744155472395192,0.43561968553624225,0.4340440380503627,0.34245518125459234,0.7817892669764479,0.4461134751192683,0.29735170308226655,0.6761646010211224,0.5529265739405504,0.990626525694081,0.4470110471687594,0.3379872132567658,0.6178890322137539,0.515344388866736,0.7984597590363364,0.2836994023849719,0.27309258119514385,0.13491319100470478,0.07536649225685316,0.08702982882020514,0.06140889091368368,0.39164091655700023,0.45034219173303414,1.0,1.0,0.9384800954563044,0.00043449923962633063,0.9880915070985584,0.0022319067912879836,0.9041900338049685,0.0006000364779810349
workout,video,..\..\data\workout_videos\hip thrust\hip thrust_16.mp4,0.16998341625207303,0.021255966620011498,0.7993692290249557,0.28350808401493,0.9987223124463288,0.7446020511424168,0.543794539246745,0.4580566884141231,0.3372645329720793,0.5394087972061968,0.2459695355522503,0.09606873537182593,0.48522293419662954,0.37152267599010397,0.625593496499225,0.25648231681559164,0.08621974912099209,0.517075956579279,0.40617924408942274,0.6669315537620913,0.26745805054468336,0.09301147946973867,0.7096229526621908,0.5327158638573458,0.8876279893245218,0.3637622618484545,0.05664146483381314,0.7198318503452611,0.5105533413302918,0.9530821741486418,0.4434133782005945,0.07498118968277774,0.008243541827021554,0.004805546582499535,0.010409166436076134,0.004283302696895882,0.48731980049064144,0.5765419774321965,1.0,1.0,0.9853755961819026,0.03302194221160113,0.9840946892359477,0.002751506950239919,0.9932163403997369,0.0004298947803730923
workout,video,..\..\data\workout_videos\hip thrust\hip thrust_17.mp4,0.16998341625207303,0.007140314434974703,0.8322685228528502,0.051627321444543905,0.9984505039927054,0.9526121398613066,0.5697990551173174,0.6549826851892064,0.1322102262423005,0.986495848628162,0.8717747190451393,0.5360012949189502,0.7351206876130655,0.5815183785853649,0.9981789877773968,0.4204894053412284,0.3206221642276003,0.692176520633986,0.562186044660501,0.9757333857889596,0.4230986417430134,0.30874354136648363,0.9329001770670723,0.8491644173586123,0.997950538861778,0.16214049470754416,0.12025829319229168,0.9255987658211312,0.8263420169092086,0.9988592177655328,0.17292230057732436,0.10391594282206751,0.005479054103927401,0.0018989391460811694,0.011822536681357753,0.0074841348665606305,0.4958069906249589,0.5474960045457948,1.0,1.0,0.98024068977636,0.008907234412339779,0.9883634914754768,0.005755823249458782,0.9544927961428771,0.0008406395470791013
workout,video,..\..\data\workout_videos\hip thrust\hip thrust_5.mp4,0.003980099502487455,0.18026290696270716,0.7496974090570956,0.06049500966053522,0.9999133558125153,0.9461105598447203,0.6250795901726952,0.8136242081099434,0.00035407363718165184,0.9997800584231582,0.9998707054064895,0.762961594946258,0.6503595489942653,0.24624504827702487,0.9999641457610394,0.7569903265505684,0.37539780267059386,0.6335827809284852,0.3197411626933798,0.9990845888288743,0.6870535305262211,0.46590688451409645,0.733909181261103,0.31274187200583664,0.9999144877844364,0.6932329867008759,0.5688578743397865,0.7107927764770875,0.31342086041102735,0.9992875691171917,0.6871917388146521,0.5379496907139258,0.07771384698577223,0.03604323742628245,0.0620350163783507,0.04352031488714486,0.41789386603898226,0.3791623462582123,1.0,1.0,0.964847138856787,0.1666304583966978,0.9962234130324719,0.008829602327742074,0.868885477776732,0.0006052381289235239
workout,video,..\..\data\workout_videos\hip thrust\hip thrust_6.mp4,0.0,0.015049674597457624,0.5905270019648543,0.009215949905373895,0.9699517506914616,0.9621932488652295,0.6433830370549957,0.5667835982807298,0.25727346474615254,0.9190662425301657,0.6954262864922699,0.5365240812730546,0.4938579336259733,0.4231843514474172,0.824348514244739,0.40423041619434374,0.2753699548905203,0.5811433304249418,0.47760456306371474,0.8861959312638775,0.4169993457708084,0.2544504326490654,0.7515393357616196,0.46764965309187706,0.9961733817225366,0.5366847251441629,0.1488956071198788,0.7777128220376149,0.5050360194754302,0.998065754647277,0.49400909647164465,0.21944709024073863,0.007918124795820691,0.0032799986026055996,0.03450418355248552,0.018540677560070613,0.5142871138303463,0.700658227585878,1.0,1.0,0.9202348798270319,0.000651748859439496,0.9843558301040958,0.008203314817217595,0.9035871152498177,0.0008311309270680575
workout,video,..\..\data\workout_videos\hip thrust\hip thrust_7.mp4,0.9950248756218905,0.038268121225809124,0.8990719722763675,0.016877803848119016,0.9998552731533885,0.9852306884845874,0.7943929237457763,0.9490204000772519,0.8988901932682489,0.9385491276198769,0.1562645508047606,0.102057342626912,0.6212171442352329,0.2940887627084668,0.9108418138993176,0.6198498553568242,0.11853508559103254,0.5692382877462313,0.4396212317197959,0.7512571366508468,0.31904460963455455,0.046501412004822704,0.736358033636514,0.3773464299287831,0.9986434317288085,0.628233964499701,0.13002053441064507,0.696909228005218,0.4435464776508234,0.9992808996918492,0.5568262628372828,0.08547836108909765,0.006314246755728093,0.004014402408470382,0.005970336762786972,0.0035921539404924624,0.5079422566023575,0.5947987249298898,1.0,1.0,0.9941420087276343,0.00043449923962633063,0.9866178359234947,0.004647403111090232,0.9855873277717516,0.00015116957453103564
workout,video,..\..\data\workout_videos\hip thrust\hip thrust_8.mp4,0.9950248756218905,0.01633754406178774,0.9365634841061011,0.6920472598801467,0.9990257511390657,0.3779438865262894,0.10941612047403494,0.45575868147085374,0.03273695850558354,0.8983685846538788,0.8702231541633135,0.11566516178744259,0.505444260571969,0.032192282991683176,0.7396008157359416,0.7095763923927657,0.5020850185523555,0.5759920940205088,0.45955608600738457,0.777945789924827,0.32609652361516234,0.3491095103917441,0.728870683834525,0.007750381550771708,0.9997404518140123,0.9939009903700191,0.16658863401427335,0.7562753050117559,0.417513607393486,0.989853229504316,0.5734603126429213,0.07456821219243555,0.009687902688569061,0.005551242015449564,0.017516881493886468,0.007914989144747208,0.5691050499894273,0.5511893176986022,1.0,1.0,0.990445650761088,0.03237019335216163,0.9915163354791183,0.009025090023623429,0.9001329902326007,0.00039387367639216915
workout,video,..\..\data\workout_videos\hip thrust\hip thrust_9.mp4,0.9950248756218905,0.051514778573204585,0.9915242514606603,0.8726205586087632,0.9990101504152853,0.21573209044797453,0.19956670984504715,0.44314436991655826,0.08787922351386968,0.6131874384458247,0.5369161262520394,0.07312220388282485,0.5904406858532127,0.38358536150106826,0.8274177961357926,0.44684100364558577,0.18925925957608303,0.6446724775416023,0.47157536037750253,0.8627211074399886,0.39938456472417766,0.1360679684800853,0.8050267091642921,0.5819480679913336,0.9980879872228927,0.4258593011634273,0.12536268522131194,0.8207024059120454,0.5807288792763893,0.9990025901020063,0.4191192041487551,0.09266699040735303,0.03680770617216844,0.028259746805073604,0.028057830816905802,0.022379302734280234,0.4737277782728723,0.5036577702773778,1.0,1.0,0.9751261078752972,0.08429285248750815,0.9897308422679926,0.005284582394911603,0.8997654689230635,0.0004751998105525385
workout,video,..\..\data\workout_videos\incline bench press\incline bench press_1.mp4,0.9950248756218905,0.011921991612655919,0.48921386812877915,0.004047111519862051,0.7767030586627572,0.7734838485423317,0.5042657114189825,0.8819733429057536,0.8437455056690031,0.9140563939715204,0.17977624062508965,0.08608442032806567,0.0,0.0,0.0,0.0,0.0,0.0,0.0,0.0,0.0,0.0,0.8394720173615029,0.045490781088487454,0.9680715444412773,0.9249479153279917,0.9486418503060318,0.0,0.0,0.0,0.0,0.0,0.08043544816795918,0.030084835452299355,0.13224584895564134,0.10269553789086901,0.560139083125308,0.6650451595655267,1.0,1.0,0.9460242932432816,0.013686726048229415,0.9997167311958877,0.021237058778029175,0.6997995387676962,0.006202372405357525
workout,video,..\..\data\workout_videos\incline bench press\incline bench press_10.mp4,0.9950248756218905,0.0038268121225809104,0.8001163366031803,0.20167992267836674,0.9542677254753085,0.7736240867214433,0.6395540928180673,0.4982303433455228,0.25147216401988726,0.7970916120477949,0.578454147891661,0.5239639847893367,0.0,0.0,0.0,0.0,0.0,0.0,0.0,0.0,0.0,0.0,0.0,0.0,0.0,0.0,0.0,0.0,0.0,0.0,0.0,0.0,0.08255237292831512,0.07681717623067537,0.06514133550563025,0.041046744888157904,0.41741556874447516,0.4066338329939016,1.0,0.3333333333333333,0.992861867981313,0.012383228329350423,0.9925174200217826,0.010712020686337923,0.8068015409533105,0.0011690213122135754
workout,video,..\..\data\workout_videos\incline bench press\incline bench press_11.mp4,0.9950248756218905,0.0019134060612904557,0.6783687288080555,0.11964300629893458,0.9475184870169131,0.8405591766640446,0.5036338666365741,0.597010683918067,0.20623137970398248,0.9228007824798868,0.7436043982882995,0.3950886022963069,0.6098156141754038,0.5856026882967428,0.6311605846973649,0.04834458154417468,0.055767840272402766,0.6095302323563013,0.5472863943862692,0.6714481255532421,0.13203194678056113,0.14134958504196493,0.7164400776960915,0.6259692242290231,0.8527260307182034,0.2368125401984969,0.2537392198359141,0.7618291090649989,0.6463848764433134,0.893904358793318,0.2480488983537329,0.2722788107051359,0.031942829511703186,0.008339354995199711,0.07406179999789803,0.04605726137872285,0.3860743145254115,0.5730873384594826,1.0,1.0,0.9661181419617396,0.004779491635889637,0.9920242605366664,0.009467463648389324,0.5930003537987008,0.0007705997148961071
workout,video,..\..\data\workout_videos\incline bench press\incline bench press_12.mp4,0.9950248756218905,0.0038268121225809104,0.6507209289932538,0.31719812119684226,0.8352022049535295,0.550732986949953,0.2425036733935858,0.8598377647257717,0.15569351984471688,0.9285650200539056,0.7933739913276191,0.8279968524553236,0.0,0.0,0.0,0.0,0.0,0.0,0.0,0.0,0.0,0.0,0.44933550439289394,0.08329734869293481,0.8050739887632531,0.7243637508589263,0.40630397948922087,0.4734602777519827,0.07548061716841137,0.8857098378376268,0.8117661890165054,0.5677505664966546,0.04726106316274819,0.025335273404197313,0.06233261495426732,0.02485550322430331,0.5133214047022118,0.5633446741812778,1.0,0.6666666666666666,0.9814369122925976,0.008907234412339779,0.9907131545389549,0.007965607814866313,0.8972985031069981,0.0008925205644752791
workout,video,..\..\data\workout_videos\incline bench press\incline bench press_14.mp4,0.9950248756218905,0.005151477857320457,0.24538321132995258,6.901407787844398e-05,0.7460251248642756,0.7463627255984108,0.42874162870890603,0.46317868032138426,0.12511489697158706,0.866903572654637,0.7583125895891201,0.7832941680044322,0.8901243057671345,0.765724365653645,0.9710948636563221,0.20943102764303248,0.2114141193312336,0.7052453098273361,0.6145906019681924,0.7974391074990812,0.19190925857325178,0.10449563653593982,0.6012631102715256,0.0486365411484527,0.9743999761177193,0.9281848110400066,0.8650339190883601,0.6367973199597021,0.16876401736646746,0.9710350182427535,0.8038019057633012,0.874419723865122,0.08423395686096502,0.07522029036999192,0.13861786335434723,0.12137107494244767,0.5887860268952136,0.3829884779693594,1.0,1.0,0.9232450288159852,0.006300238974581794,0.9959517699615,0.10297726501584538,0.8161661698250038,0.02612977879178557
workout,video,..\..\data\workout_videos\incline bench press\incline bench press_15.mp4,0.9950248756218905,0.007064883918610915,0.9482818793406064,0.9054759296726568,0.9963164498272788,0.18352529749782442,0.10761955865536006,0.9707135691536463,0.996096706910282,0.9354568362879215,0.06853381267636668,0.07152463000184428,0.0,0.0,0.0,0.0,0.0,0.0,0.0,0.0,0.0,0.0,0.7785226144609342,0.7340879195346505,0.8106301221056202,0.08799277127087818,0.06046122871402223,0.9339276554033276,0.9182257585074852,0.9544240454290923,0.036354843064085755,0.038377693013161185,0.022885148430640028,0.01274660557325424,0.05459586952180302,0.03697276667178692,0.4875410962319626,0.4657624466556785,1.0,0.6666666666666666,0.9895459121271243,0.013252226808603084,0.9855859483186605,0.002740601487906118,0.8751456561230004,0.00015960900711942157
workout,video,..\..\data\workout_videos\incline bench press\incline bench press_16.mp4,0.9950248756218905,0.003385256877667729,0.9189230885629026,0.9150492531099206,0.9926291954033098,0.17123703062985393,0.08562465413375148,0.9491975152588,0.9263740323558464,0.9652778455441857,0.15907389641149242,0.0649889452594284,0.9472868946818483,0.9050575683930435,0.9761377557157295,0.07538896450545426,0.03707204773715809,0.9663534144367377,0.941027086366211,0.9967475998252503,0.06844375214672896,0.07327390226801984,0.9840935183727066,0.9486668985420728,0.998613784189173,0.06465609892545263,0.032243017963499696,0.9804972465312537,0.9526235007326002,0.9998910142844999,0.04744827302908825,0.030737226374114177,0.17381066482681162,0.14183124117028528,0.04843148622375328,0.02549138030637402,0.38895354474831717,0.44262027271454074,1.0,1.0,0.9349668301263735,0.00043449923962633063,0.9877810813474228,0.00428017820699421,0.7033396447014658,0.00027019909382910615
workout,video,..\..\data\workout_videos\incline bench press\incline bench press_17.mp4,0.9950248756218905,0.0052986629389581855,0.9475105150326586,0.9463989062754189,0.9868616388143939,0.13730721483293418,0.09555142955516123,0.0,0.0,0.0,0.0,0.0,0.9163899852061845,0.9157743236199877,0.9128576769602696,0.0012292567162953264,0.0014180077687816171,0.0,0.0,0.0,0.0,0.0,0.9549743300534314,0.919991884895114,0.9812696674233263,0.07556557524672375,0.03955699962140574,0.9709872998729056,0.9709872998729056,0.9708941932881712,0.0,0.0,0.07758376432692743,0.06478265559542491,0.042873414679639864,0.02445262402178839,0.45801925470097504,0.49863249133690146,1.0,0.6666666666666666,0.9817729318621717,0.00021724961981316532,0.9882997222520998,0.004441718298490681,0.9058122385141819,7.531199146746166e-05
workout,video,..\..\data\workout_videos\incline bench press\incline bench press_18.mp4,0.9950248756218905,0.010450140796278644,0.6046248378778384,0.01816634353451093,0.9796345462269667,0.9638417269812686,0.7994701227240355,0.322220548625863,0.002184731902787015,0.9703674005519789,0.9688523663908885,0.8025659479174608,0.3931496207843994,0.08636762312237092,0.748242522679787,0.6641583770727697,0.44796772861093653,0.4565755247196258,0.08752838290141342,0.9315964743019315,0.8495538763059309,0.29240969646471926,0.9046109069101184,0.7985296533543104,0.9845953341284648,0.19870709443369539,0.17890629715040485,0.8954901077760444,0.6877863405839189,0.9980360435107222,0.3109015313334969,0.3299131574640472,0.057833848569152246,0.046647467077639684,0.08821679042406233,0.06791281652567772,0.5666611206715719,0.6527827509731402,1.0,1.0,0.9798119586285171,0.00021724961981316532,0.9906375039736285,0.0035732808343609214,0.753988190767848,0.001302760378165393
workout,video,..\..\data\workout_videos\incline bench press\incline bench press_19.mp4,0.9950248756218905,0.006770513755335459,0.6987592950296673,0.30348110120233907,0.9379568530545701,0.665863699387656,0.4594803904317816,0.28455750447992073,0.005084226507167112,0.9816896994762957,0.9776546081120812,1.0,0.4119289219141684,0.060274549452691804,0.904212413836337,0.8466233248173086,0.794386501595086,0.514593107007876,0.03309087090323898,0.8502586124225733,0.8217960683846678,0.4033397689343079,0.8823739526460769,0.7020628179528267,0.9853635202233616,0.29463115819879054,0.17410546090214093,0.8400560887708626,0.5258265966917289,0.9961047384223966,0.47121654524715273,0.371647850351947,0.07246609482593006,0.04885535423734652,0.059277226040563125,0.06468514085480657,0.4732603499345531,0.5271315683759872,1.0,1.0,0.9711250065121275,0.018031718444492723,0.9950040314327097,0.010965673037888687,0.8166597294501479,0.0013726550473442166
workout,video,..\..\data\workout_videos\incline bench press\incline bench press_2.mp4,0.9950248756218905,0.003385256877667729,0.20317752181729237,0.012750147687370029,0.8859116448291646,0.87493360965188,0.5710395360234893,0.5447942301380614,0.047634218593145844,0.9533889813109274,0.9122945373693958,0.4102917326627632,0.0,0.0,0.0,0.0,0.0,0.0,0.0,0.0,0.0,0.0,0.0,0.0,0.0,0.0,0.0,0.0,0.0,0.0,0.0,0.0,0.016466793456535962,0.015270081121990044,0.0855235481532097,0.07040134600930666,0.5127885466174562,0.5900035093341175,1.0,0.6666666666666666,0.964172248311472,0.009558983271779274,0.9867291122432066,0.0035595573141449922,0.835971477440647,0.0004752902090055051
workout,video,..\..\data\workout_videos\incline bench press\incline bench press_20.mp4,0.9950248756218905,0.007947994408437277,0.4410816844540465,0.07790561783762891,0.9012920892334918,0.8317977545848285,0.11465098009992161,0.5610875420611434,0.31991774379506516,0.8324978692055165,0.5542793177450219,0.06727807813136198,0.8457458942416204,0.6424535743928692,0.9988633187078202,0.36034276022976036,0.36017193951566095,0.654843643272968,0.5737869063310808,0.7877228352102605,0.22261681979943246,0.19946521619196989,0.8467011128756108,0.6647828008511315,0.9889526435586634,0.3349996191214524,0.2784340279328722,0.8284192539534084,0.7353441303994414,0.9794408545210022,0.24462822422083677,0.13292943934877396,0.006199682648279775,0.002775565202531498,0.029344244118704933,0.020779294370075217,0.5131966988403751,0.5733132904466727,1.0,1.0,0.9529387435448776,0.008038235933087117,0.9895714668343774,0.005056078284724932,0.9164239602213792,0.00019363050056958372
workout,video,..\..\data\workout_videos\incline bench press\incline bench press_21.mp4,0.9950248756218905,0.008095179490075006,0.4292139530511244,0.01730472602381096,0.9914131800828023,0.9764005996904161,0.32525603298677014,0.6525701136421381,0.007010341405354713,0.995998753923008,0.9902923138634424,0.6567514168026316,0.6182657298200529,0.3867719860052657,0.7767432703190972,0.3928403697424514,0.25488918362312885,0.6995896681701225,0.5398086970564334,0.8611795646943728,0.33015366799282436,0.3534529718661931,0.2888915654832412,0.11218421939548234,0.4784241460387698,0.3686301035977793,0.23958923722007763,0.12955530197718784,0.026115001733786166,0.3498256441235169,0.32432431861271416,0.294854515848206,0.03220019469783593,0.016473459602755397,0.05452006990771638,0.019626245545162454,0.45561375923449676,0.49493543475911445,1.0,1.0,0.9757399839615385,0.014990223767108407,0.9916206831450265,0.008564523392839595,0.8454348781636645,0.0005324537155443692
workout,video,..\..\data\workout_videos\incline bench press\incline bench press_22.mp4,0.9950248756218905,0.004857107694045004,0.45679078198411116,0.12346141465742967,0.8896984835642548,0.7792783978515359,0.2769379713602281,0.534062883914464,0.3889138918621912,0.7701593528240063,0.43184133447783524,0.16905365827477467,0.6187275341466276,0.5721179129591046,0.7036736164914082,0.13452700553542835,0.09044263621577858,0.5361936480962366,0.5133720182011524,0.5825597349601954,0.07632774669449967,0.03850782049418293,0.8513664295028124,0.8096943343031858,0.9460329592645524,0.1490622823307947,0.11680315591027718,0.7047922686551523,0.6633355998565308,0.7658766137952582,0.10279833829457721,0.07683657452497245,0.0037112352567792804,0.00160957687288135,0.008469936843304084,0.004305146175122421,0.5047030126212395,0.5403806653158428,1.0,1.0,0.9949503398429169,0.00043449923962633063,0.9863590103273089,0.0029737186983547765,0.967893982599841,7.003003257430697e-05
workout,video,..\..\data\workout_videos\incline bench press\incline bench press_23.mp4,0.9950248756218905,0.008831104898263643,0.5799179718401603,0.008752439455458554,0.9721175751508665,0.9647765719611048,0.4879140472494735,0.47368323291429554,0.02491697728006029,0.998029105729974,0.9767322598109851,0.700090853964634,0.5649442304670368,0.4882508196667334,0.69035280264374,0.20489446398828784,0.15339317902983976,0.6044571081854487,0.5348568244884706,0.6810503891692817,0.15401249340101178,0.06395715832550777,0.9665216007942466,0.860139570888229,0.9965822903404876,0.14994392881589172,0.15509859688654237,0.9392964489155198,0.8459786779827505,0.9980040198881621,0.15239363937721642,0.12851598075946502,0.04127393199364849,0.03537245174798787,0.04150313628208891,0.02538072506254195,0.5529501563525427,0.6090597477489936,1.0,1.0,0.9559706279978122,0.018031718444492723,0.9887222659787549,0.004452315364095722,0.942321461559847,0.00011542564784817399
workout,video,..\..\data\workout_videos\incline bench press\incline bench press_24.mp4,0.9950248756218905,0.005740218183871369,0.4065972252602865,0.026022258361741348,0.8055007532519746,0.7825582521437436,0.6036773495785629,0.36369836569784747,0.026301835952341448,0.8660392297943189,0.8434839272919028,0.8032702869400525,0.0,0.0,0.0,0.0,0.0,0.0,0.0,0.0,0.0,0.0,0.8708641850433072,0.8751138322211701,0.861652587964143,0.0,0.0,0.9345195977139646,0.9345195977139646,0.9344299879650814,0.0,0.0,0.020800501197780895,0.01342777877471507,0.1601210527976585,0.1164113736783674,0.44506697302757614,0.5030708937531485,1.0,0.6666666666666666,0.9174047398771927,0.01346947642841625,0.9915128324532798,0.007210837168664179,0.753386557398681,0.0007083692610506729
workout,video,..\..\data\workout_videos\incline bench press\incline bench press_25.mp4,0.9950248756218905,0.005151477857320457,0.5892907466267162,0.2168121219932357,0.8222539238572776,0.6279473935634841,0.5069127160222887,0.43390524664745134,0.11005222755900783,0.8902965102476997,0.7948298505527066,0.665400033369132,0.6566941455363927,0.6144553017516012,0.6957714461349315,0.08433591371479668,0.09728560295793154,0.7215213596263111,0.6167504426326474,0.8289471297514012,0.22143650314624663,0.23706351830808547,0.8269211718310188,0.5503831700978519,0.9307331472313866,0.3895183072574212,0.4173599561596666,0.850071676677872,0.6944356190316613,0.9908402147322812,0.29703092326693503,0.18531428545273332,0.03086801026463241,0.03484022774337943,0.14527684764349283,0.09854399876941247,0.41043971144633595,0.42122411220413286,1.0,1.0,0.8132437742630456,0.0015207473386921572,0.989889393394929,0.007877018273162,0.8015864684368293,0.002185094693469549
workout,video,..\..\data\workout_videos\incline bench press\incline bench press_26.mp4,0.9950248756218905,0.139825827555841,0.48022012253158913,0.002166906265879247,0.9979436192248391,0.9965317665431337,0.940157872399271,0.45522106501246684,0.00015362885778898592,0.9963118747313946,0.9965756640646815,0.9151333449065967,0.5890399557277116,0.23496571219306214,0.9983264340677934,0.7666083408056863,0.6228706554014941,0.6218885761835596,0.32139951862416805,0.9829425618164396,0.6691837739732172,0.46935664565114427,0.7978638073736752,0.012219723014479164,0.9977139097102422,0.9874622483594109,0.9557143902632904,0.802740954589182,0.0017209211202252985,0.9995279619916276,0.999691071047,0.8141782498904439,0.0792477853083641,0.04662179379028852,0.050303450544875485,0.03814901944024328,0.45762013798938067,0.5032836123367898,1.0,1.0,0.9029028948739269,0.18031718444492723,0.9966083803319157,0.017176941996563708,0.8950022073794546,0.0040490471231170826
workout,video,..\..\data\workout_videos\incline bench press\incline bench press_27.mp4,0.16998341625207303,0.12606468409390967,0.6120287619519902,0.058248354778761814,0.9985107425297856,0.9467252060196729,0.6794795739277656,0.5296215281440763,0.007871682673146217,0.9853157903482396,0.978855122096388,0.6741666143161384,0.803995682907093,0.5715782965453883,0.9996771059443197,0.4319152054338153,0.1594029269805546,0.8154073305826891,0.6836362270075759,0.9404768070032651,0.26719338215752847,0.1957921259339239,0.5856092248136574,0.30563609156529636,0.797348544217545,0.4973103314494136,0.2815387241771021,0.6953590316963183,0.5145459455571372,0.9934513075700462,0.47985897003810524,0.41302859052702706,0.15314437439068063,0.08660173441488334,0.07544982563147312,0.05049330461069497,0.1120787189552146,0.420572675356832,1.0,1.0,0.8747736857733768,0.12926352378883335,0.9903157749727793,0.009239140205223824,0.8423819197525575,0.0014865896352690407
workout,video,..\..\data\workout_videos\incline bench press\incline bench press_28.mp4,0.16998341625207303,0.13400473844799285,0.36436510091731095,0.004644748711430783,0.7499176730809698,0.7461473008838522,0.29990420723732325,0.5054458548253594,0.060557753335239044,0.7284539499452248,0.676017295917183,0.44793689436097406,0.7489748371330023,0.6903384860750255,0.7906244322428936,0.1037041624896285,0.09016298850450453,0.49094723229719156,0.3578435300988672,0.5557045271105366,0.20360534166551128,0.12243412180414695,0.26039682840230266,0.09721909126085827,0.4534125898369236,0.3583349186779503,0.15724338252195685,0.23525811955925363,0.08995512752794363,0.3928551251375153,0.3034805163236489,0.16852148527953756,0.0947642319312144,0.04482749309909582,0.08105939851230727,0.04204102146205135,0.4671644302634626,0.5662936297245071,1.0,1.0,0.9095897687442576,0.058657397349554635,0.9912689693012349,0.004584291934248296,0.9221784352796362,0.000833315003546472
workout,video,..\..\data\workout_videos\incline bench press\incline bench press_29.mp4,0.16998341625207303,0.01843283618300414,0.39224881594250444,0.20461244631337946,0.6749959481842995,0.4915686459408064,0.051764547827067735,0.40004996817254607,0.16063611197816086,0.7523235101268075,0.6127586670372145,0.10899540090608292,0.45785663762542134,0.39329236719490374,0.5344401427811627,0.14333528370799442,0.07072468663810834,0.5230046225614743,0.47188525668443687,0.5736478817954117,0.10852139369698607,0.05198702102518879,0.6140272771847181,0.5451334462774537,0.6717539304530509,0.1352496925112216,0.05670719553412822,0.654380635296737,0.5917254741079684,0.728109618572285,0.13669848526862058,0.08600248514742496,0.0023383000034015128,0.0012819367167987517,0.006664085009151702,0.0023714213482011067,0.5399039633150865,0.6426008208292747,1.0,1.0,0.9940743349568673,0.00021724961981316532,0.9878835600777913,0.004013811679642592,0.9867013090967065,0.0001683608193725597
workout,video,..\..\data\workout_videos\incline bench press\incline bench press_3.mp4,0.9950248756218905,0.001030295571464091,0.5369757233292731,0.012001143413822994,0.8881629021109733,0.8778588501832629,0.3864473485907274,0.4885490818987407,0.1620051905173184,0.970419898070296,0.8297500311956054,0.21777144515265967,0.0,0.0,0.0,0.0,0.0,0.0,0.0,0.0,0.0,0.0,0.0,0.0,0.0,0.0,0.0,0.0,0.0,0.0,0.0,0.0,0.024568593625980104,0.01805636765516562,0.12567900281103966,0.07537118716828406,0.5077307255354904,0.4552223410377742,1.0,0.3333333333333333,0.9833917124678871,0.00695198783402129,0.992856042449766,0.011370152358635473,0.31230904983154706,0.0020650930338080202
workout,video,..\..\data\workout_videos\incline bench press\incline bench press_30.mp4,0.16998341625207303,0.15076707541772405,0.4930585638201183,0.003100382000278039,0.7707455741844278,0.7683735530547643,0.3852028312900447,0.4568650011349174,0.0011592015293844667,0.9493243849599846,0.9486938781494418,0.7099172738100016,0.9121416913194351,0.9121416913194351,0.9080157230318474,0.0,0.0,0.8675531719280954,0.8525307101716276,0.9335771742547067,0.09272994233635443,0.050956223928064724,0.6522917901946818,0.07396281576535113,0.9332735734542933,0.8620024027779307,0.6478282338372195,0.8873415139055522,0.2785706774789841,0.9987874840125364,0.7216033417607198,0.6332657663470977,0.10722041262787994,0.05019160618979218,0.11337987840363663,0.055156586210506654,0.5044420944504917,0.5941836940624523,1.0,1.0,0.8643969650104353,0.00043449923962633063,0.9916555972444625,0.013538902727111283,0.8808388280323358,0.0011906611841451394
workout,video,..\..\data\workout_videos\incline bench press\incline bench press_31.mp4,0.16998341625207303,0.12218287974302457,0.42525711178341374,0.006012102992414021,0.9994720354854696,0.9946071339677645,0.6121903350811764,0.7420108523419947,0.062206923837803206,0.9994684773654126,0.9457040405686405,0.6300422358872126,0.8242953542745767,0.5906791577716967,0.983652501697637,0.39677599630298216,0.20606128944027022,0.8222909354392636,0.323891430170109,0.9984802633745483,0.6823294066488177,0.4642634182579351,0.7270058382212816,0.1209687842900993,0.9995747551495204,0.8820568268593387,0.44439643008817736,0.6970104239759676,0.016611736141293767,0.9987619182579404,0.984006082616819,0.6209204704615243,0.16095348476888421,0.10325909148891076,0.08575773529787876,0.037663531485545736,0.7271534554100282,0.550664669436417,1.0,1.0,0.9038670757562796,0.09776232891592439,0.9940768052206274,0.024936569551140344,0.8550293035916237,0.001793738159322132
workout,video,..\..\data\workout_videos\incline bench press\incline bench press_32.mp4,0.16998341625207303,0.15958935803337204,0.44133906713601506,0.0386481358565462,0.9310635720355657,0.8968473955038497,0.5755892493004029,0.47838416434991504,0.007180735201180328,0.999947889004165,0.9940946637434702,0.8242569097983226,0.9871824631748701,0.9809814963774215,0.9888899740010738,0.012381120170866343,0.011913758452655077,0.8798569240528519,0.8804367790581625,0.8842021557534642,0.015421339168621123,0.013771791255659459,0.9723158280580325,0.9241713757469415,0.999366221800842,0.08957217851374445,0.05390927294372753,0.8849423631613479,0.8575638105723957,0.9478604750209498,0.09054953083761896,0.04312360310126901,0.14883395913259806,0.06902073947010534,0.07396764366479612,0.0336693654966457,0.12033171811933763,0.47665750504334703,1.0,1.0,0.9313616246712075,0.02042146426243754,0.9930018773124498,0.0038146246236402848,0.9006816841022923,0.0007883919411538489
workout,video,..\..\data\workout_videos\incline bench press\incline bench press_33.mp4,0.003980099502487455,0.007493205739600624,0.4350715760534504,0.31164758430469564,0.6079818801839738,0.32837661045947336,0.08042299947485532,0.5064686603333581,0.3873736524081875,0.620311719730667,0.28327498704919357,0.06970143258487357,0.0,0.0,0.0,0.0,0.0,0.0,0.0,0.0,0.0,0.0,0.673477772179196,0.6767642122040001,0.66635403694512,0.0,0.0,0.0,0.0,0.0,0.0,0.0,0.004572020592021848,0.0010873011445785093,0.013638936057632063,0.0033793892988776947,0.5638766237018005,0.6508613290759185,1.0,0.6666666666666666,0.997751085072553,0.007820986313273952,0.9854670308255935,0.003450480149140532,0.9617488514580926,0.00024182193305148262
workout,video,..\..\data\workout_videos\incline bench press\incline bench press_4.mp4,0.9950248756218905,0.002060591142928183,0.3529735804349229,0.24136418740086313,0.5435663082127102,0.3270571263242649,0.10579724830438911,0.4142331226574165,0.2836468494183842,0.6918517659941686,0.44515797495915477,0.09056221237390198,0.0,0.0,0.0,0.0,0.0,0.0,0.0,0.0,0.0,0.0,0.0,0.0,0.0,0.0,0.0,0.0,0.0,0.0,0.0,0.0,0.013089041355477274,0.004118712045716701,0.024590387672355676,0.013939066353584958,0.47056431141092625,0.5035756892703351,1.0,0.3333333333333333,0.9952241146123428,0.011296980230284597,0.9871729943427424,0.00372317721914485,0.9471213314113014,0.0012215901331011217
workout,video,..\..\data\workout_videos\incline bench press\incline bench press_5.mp4,0.9950248756218905,0.0001471850816377263,0.34727547536009606,0.2202319340086265,0.5129521125359826,0.31540813726516514,0.18036283803428602,0.40242843461713534,0.06427813874154258,0.6622138439643551,0.6065114379953379,0.3260844130730465,0.0,0.0,0.0,0.0,0.0,0.0,0.0,0.0,0.0,0.0,0.0,0.0,0.0,0.0,0.0,0.0,0.0,0.0,0.0,0.0,0.01952513828178137,0.008839416432343277,0.03743204314356864,0.03423968957256472,0.513024175893535,0.6135699507676912,1.0,0.3333333333333333,0.9929495849509516,0.006300238974581794,0.9868888019098672,0.003202047438680247,0.9563069138301095,0.001198881779388393
workout,video,..\..\data\workout_videos\incline bench press\incline bench press_6.mp4,0.9950248756218905,0.010597325877916373,0.47455888004177194,0.11440868212760806,0.8948350114430973,0.7925491045553547,0.34832847942207384,0.5369009943965778,0.026877328335910226,0.9609972489357055,0.9379787587752978,0.43145021880712486,0.8299565133192143,0.5125555587975643,0.9938560165475144,0.485001162351634,0.41288461669514276,0.7622229289483766,0.5666545371692784,0.9959184643889039,0.43895489236483676,0.2771755837695769,0.9412425379310795,0.7507465130471396,0.9997853100464469,0.2610575961257494,0.27186259653734474,0.9291384389702092,0.7170493416413586,0.998809718828074,0.28236122888432497,0.22081592789027216,0.017125899421022262,0.010917726976483433,0.03429121554562849,0.01606448234716325,0.532634059394183,0.553099219145239,1.0,1.0,0.9663848604013964,0.004344992396263307,0.9893367779460573,0.005746520325476343,0.9359932048435624,0.0003019384633397206
workout,video,..\..\data\workout_videos\incline bench press\incline bench press_7.mp4,0.9950248756218905,0.0001471850816377263,0.496901797733277,0.04524586177661399,0.9769042714322007,0.9367863791688545,0.9692282314147146,0.465905347249386,0.06957629679808404,0.7082969142656727,0.6479998175389329,0.5921674087613256,0.0,0.0,0.0,0.0,0.0,0.0,0.0,0.0,0.0,0.0,0.0,0.0,0.0,0.0,0.0,0.0,0.0,0.0,0.0,0.0,1.0,1.0,0.9999999999999999,1.0,0.5842177461288431,0.6868627709123674,1.0,0.3333333333333333,0.983988744888299,0.003475993917010645,0.9908252931964759,0.0015891470214205675,0.6995490734879737,0.0035121775070246857
workout,video,..\..\data\workout_videos\incline bench press\incline bench press_8.mp4,0.9950248756218905,0.0008831104898263638,0.7036037129670886,0.26672140119711635,0.9603295620913149,0.7212670231659861,0.45441307042059736,0.8323848813255899,0.7832905659809375,0.8718581407253903,0.1901989551650313,0.12938839988737114,0.934067363905911,0.934067363905911,0.9298422173539848,0.0,0.0,0.0,0.0,0.0,0.0,0.0,0.9335488210027713,0.9381043569642994,0.9236741749437205,0.0,0.0,1.0,1.0,0.999904111428907,0.0,0.0,0.14792782246493522,0.09432178576957401,0.1498486275076157,0.0920568594591988,0.48817109317595775,0.6171126128661821,1.0,0.6666666666666666,0.6112972425168481,0.005648490115142298,0.9944583735041143,0.006351773458413233,0.7359601772130842,0.0017503492856184896
workout,video,..\..\data\workout_videos\incline bench press\incline bench press_9.mp4,0.9950248756218905,0.004709922612407275,0.8320242946865208,0.8315700265049208,0.9057350804275323,0.15927984127588435,0.09981690307622951,0.8414663663131534,0.8491482081683445,0.8117029944811923,0.07267789422743716,0.07584955937703425,0.0,0.0,0.0,0.0,0.0,0.0,0.0,0.0,0.0,0.0,0.0,0.0,0.0,0.0,0.0,0.0,0.0,0.0,0.0,0.0,0.05489597314605354,0.03336749553634681,0.10526981903552989,0.11688968179264535,0.5036621849388985,0.5672940122314346,1.0,0.3333333333333333,0.9896852254327412,0.000651748859439496,0.997607224632683,0.029969541465918167,0.6088577703591889,0.010756956204450292
workout,video,..\..\data\workout_videos\plank\plank_2.mp4,0.9950248756218905,0.04327241400149185,0.6082203338729012,0.4150171827241127,0.8722115643853242,0.4998982444880574,0.40077720454902044,0.6958455819321426,0.32000254824656865,0.9206974616772988,0.6424402652445651,0.43892952201921376,0.7648795873943433,0.2616786051792772,0.9990947669818401,0.7407108073371972,0.6103425856783157,0.7743666490266093,0.319606795908813,0.9799803099812111,0.6679845524973252,0.43712115934284534,0.5707360946925081,0.006589082832143536,0.9987322063414449,0.9940364243426522,0.8032344463221676,0.6108529318138683,0.03024557694549996,0.989825093406789,0.9613941132258725,0.9453257067584584,0.03549505022528811,0.019377249152293403,0.027152185819666694,0.014836470469271687,0.36095430752460267,0.4102427983368283,1.0,1.0,0.9497416996411996,0.0475776667390832,0.9893778024715615,0.006217209175943742,0.9415268122525527,0.0026754673241401704
workout,video,..\..\data\workout_videos\plank\plank_3.mp4,0.9950248756218905,0.00559303310223364,0.43467159856778775,0.4522358664308841,0.42913675341088736,0.02315520686978541,0.008862438258639565,0.617203941662945,0.6408800843570146,0.5770351635367472,0.01925441226786843,0.012019297815883808,0.9281897858631319,0.9192856335354129,0.930521017166643,0.015437662947956687,0.00985957982304072,0.9377667227979174,0.9361930657566903,0.939812995619143,0.016012072054812147,0.007017525633766678,0.95609231407036,0.9448188906367079,0.9520765364308735,0.021830466338087228,0.006104483235696563,0.9214218753176205,0.9055707476533215,0.9290639343370305,0.023624539769362515,0.006862543255724075,0.0006036703737206198,0.0008790332360936835,0.0,0.0,0.5128061856214878,0.5526807139659924,1.0,1.0,0.9988691616453702,0.016510971105800566,0.9849043602919519,0.0024446287696828183,0.9990386902659324,0.00011907807572781425
workout,video,..\..\data\workout_videos\plank\plank_4.mp4,0.9950248756218905,0.011480436367742736,0.4859402100138333,0.4544066712382264,0.5158486550611331,0.10796367376109257,0.06660407033019461,0.603523265640877,0.6305576909647663,0.5710017394519509,0.022206235684223762,0.007829185141337978,0.9227393418494136,0.8922154104435274,0.9387733360182987,0.050738360285035394,0.01607451019208014,0.9216428171321339,0.9117380217073232,0.9290020271641194,0.029402903299924604,0.006056614605569501,0.9673437093260008,0.9214241088697835,0.9897878770732886,0.08268642852483085,0.04263305015678958,0.9151971753655801,0.8893687407562354,0.9376324142054799,0.048440236821393354,0.023906595442429596,0.0018834891977854182,0.0011252701169957352,0.0014568475630823232,0.0007085435728244855,0.5091599590288295,0.557174513946365,1.0,1.0,0.9960929928752144,0.0162937214859874,0.9850756609477438,0.0025146413794792156,0.9974539060989102,0.00014686859917854877
workout,video,..\..\data\workout_videos\plank\plank_5.mp4,0.16998341625207303,0.12694691235547445,0.5436310439318667,0.3966806731317323,0.6178335048754477,0.26185431926703645,0.14913952319527962,0.6046858645338723,0.4371410590257186,0.672016721322016,0.2916683945157557,0.1798309122857907,0.8662964361571627,0.8163959716130379,0.8982384566287906,0.08577982484058902,0.03259466743486877,0.846988630621556,0.7670044314888488,0.9037736809837277,0.14760811756435052,0.06799169409232671,0.9756367772099307,0.8883467755070913,0.9999912797422607,0.12553560386638615,0.10200267516815005,0.9138863104970938,0.7945433183750864,0.9987544214071471,0.20467298611554324,0.13448705219974172,0.012593605731320403,0.005819403734100086,0.015734955029003107,0.007502872769985732,0.5024353995844244,0.5198195293644112,1.0,1.0,0.9830337700150201,0.06213339126656528,0.9872975962522285,0.0035885687955985943,0.9823738864204679,0.0008532979202061047
workout,video,..\..\data\workout_videos\plank\plank_6.mp4,0.9950248756218905,0.09199067602357962,0.5336044346543117,0.0026361767878487702,0.9954259512299151,0.9935912375906583,0.9999999999999999,0.5844459861563571,0.1453791932302854,0.9338442841452597,0.8076359932617027,0.38379274607959235,0.7773378456398881,0.5662667188853036,0.9998535340307289,0.437394801321318,0.19798807350808625,0.7986393582553846,0.5861302012261744,0.998568977340936,0.4223008589810212,0.16877927244832605,0.7187556397191371,0.014195788985370663,0.9844141406850391,0.9721892772317459,0.49140064904595,0.7054021538454035,0.07196253012326168,0.9475227378008021,0.8772201832845243,0.37396803733668854,0.019311876853405158,0.00907485015878469,0.05247349631848883,0.043926357473843075,0.5115718873578893,0.6466454009364996,1.0,1.0,0.9485165111701189,0.13013252226808603,0.9930732601084884,0.014351059866014901,0.8917760419889013,0.0023670799363296486
workout,video,..\..\data\workout_videos\plank\plank_7.mp4,1.0,1.0000000000000002,0.5585762644288962,0.2715267558879424,0.9978679269331278,0.7545091852721969,0.4778955391802442,0.5442805149929605,0.12468288646265038,0.9989841629260808,0.8908220326322123,0.5521738255510714,0.827627181141417,0.14752042494855194,0.9992954886779549,0.8548786980893788,0.6855757600076506,0.8082742569749888,0.286401549227547,0.9996512768755966,0.7206930790392054,0.603374473293774,0.899097126070316,0.4534425201459751,1.0,0.5545321117155917,0.45997850331651846,0.8123453342306552,0.2683595214233894,0.9998757068265829,0.7329230729342625,0.6302650616512637,0.07133042465776429,0.078353353682442,0.07518249111633109,0.08551019572317847,0.3866892087307696,0.36511413294034023,1.0,1.0,0.9334399312111957,1.0,0.9938260681105288,0.015311682678827682,0.9465551993748098,0.0068850162728974216
workout,video,..\..\data\workout_videos\push-up\push-up_1.mp4,0.9950248756218905,0.01633754406178774,0.6582014005841781,0.33967885156921257,0.8694340501011136,0.5647903219607093,0.1542136374060338,0.3528848211114284,0.0031311957064743064,0.8866190056828702,0.8842464726516162,0.7437574312574945,0.8929101077630623,0.804019173226445,0.9596626633967169,0.15973561363265598,0.10920499080601753,0.8686893598749794,0.8143497701935283,0.9104655666344543,0.10737192609682909,0.08196292770181274,0.864236826026726,0.7743206456072557,0.9284025678186046,0.1662925125383341,0.0696811891262315,0.8872496611596675,0.8025855155028061,0.9368674075087728,0.134612520988545,0.07180688259316217,0.05262675156533216,0.010636783722535815,0.03674303831181188,0.021801802890672475,0.7730020001671701,0.7758599097928875,1.0,1.0,0.9745654839513714,0.03237019335216163,0.9915679044213487,0.011780151508846936,0.9063351753408926,0.0030339357608064033
workout,video,..\..\data\workout_videos\push-up\push-up_10.mp4,0.9950248756218905,0.01633754406178774,0.823732383094839,0.34029245367109434,0.9968679088725445,0.6917412824971094,0.3398670732549113,0.8289464549414769,0.4238641351070861,0.996370659718932,0.6277119077568208,0.4490923803527812,0.7548140031520956,0.25309781859882885,0.99728904964792,0.7474663150900794,0.7760880543783685,0.7359167721788674,0.004720868203036306,0.9995563094597781,1.0,0.758863723582668,0.18038024175058864,0.0009886569876186794,0.9124168877384681,0.9130894614909246,0.8757668463806872,0.21767091223041687,0.00018813322385998054,0.9906282290851561,0.9923100699523263,0.9642193383366553,0.043530839001611504,0.025839051888548147,0.03002147160623654,0.01150874275981491,0.6519000323671509,0.6404522487207857,1.0,1.0,0.938298542164607,0.0071692374538344554,0.9934137993812685,0.011371287576858225,0.9212071772212654,0.0012168850766042757
workout,video,..\..\data\workout_videos\push-up\push-up_11.mp4,0.9950248756218905,0.01633754406178774,0.7294073946610404,0.0005229403232936916,0.9644006678633185,0.9644475066789749,0.5644728525753465,0.717322962876347,0.05971342548221521,0.9845086265191747,0.9329092966003,0.5395084279817727,0.7669891300089424,0.035416041489048256,0.9993871955067666,0.9668869123949551,0.843853880899485,0.7462536620343313,0.011378550567162206,0.9984290304439021,0.9922631062422161,0.7246167501745227,0.23989969721858773,0.00024186403072341004,0.9608588455609254,0.9623555366621082,0.8926363360921894,0.26643733111602386,0.003974834886311454,0.999964840365018,0.9978708216147115,0.8123141040833617,0.07433478518836556,0.06667801237617432,0.043444781617435486,0.04718515936531691,0.5911464185643458,0.5785172516509226,1.0,1.0,0.9653059308492303,0.005648490115142298,0.9913368694187211,0.006772569262506807,0.9368854940610503,0.0009459624512847272
workout,video,..\..\data\workout_videos\push-up\push-up_12.mp4,0.9950248756218905,0.01633754406178774,0.7540205549081939,0.22045288795230267,0.9230149434370678,0.7254921416260786,0.4127438228899809,0.7438382199841058,0.0062545434417205815,0.9364903414686494,0.9314182254847548,0.49562550143771994,0.8454733187398877,0.012971458061193751,0.999045823474657,0.988951480721335,0.6188297080179245,0.8122604269125288,0.049650627531117666,0.9998282536314074,0.9557069829671774,0.8354943157121303,0.16742993982195495,0.002133488679511552,0.9724141898659546,0.9720658585754357,0.8347480075526148,0.19778521068937888,0.00026115887925644044,0.9694434436573309,0.9710121310275175,0.8897260471950477,0.0610684311623105,0.024823625355466908,0.028258674756464718,0.015988108503349904,0.6348366931429978,0.5617865192235154,1.0,1.0,0.9710236197488359,0.03215294373234847,0.9901492159487107,0.0038996822125204837,0.9329616267917638,0.0009817137292694345
workout,video,..\..\data\workout_videos\push-up\push-up_13.mp4,0.9950248756218905,0.01633754406178774,0.8668550684212541,0.1492010460189138,0.9903662753415519,0.8568800247581592,0.8710653605993361,0.8791399645298505,0.17322203106440026,0.9909071405219386,0.8404790030282794,0.6112305389234125,0.7603861285415524,0.10725892438690114,0.9914707017396724,0.8872254794285462,0.9954035278199009,0.7693859346191039,0.02654175920344284,0.9999962231424394,0.9787977718088673,0.8244295254574266,0.27043566937645275,0.001598845387490896,0.9997715552584031,1.0,1.0,0.2329291720663568,0.0027403357473618417,0.9957464335373438,0.9948811616950073,1.0,0.07606593675356049,0.036687607981504215,0.03177832747215692,0.011246455175805007,0.5139814132419555,0.5503852956115376,1.0,1.0,0.9624302894805529,0.012817727568976754,0.992453863675107,0.010777415722737636,0.9107472687950569,0.0008970647662045464
workout,video,..\..\data\workout_videos\push-up\push-up_14.mp4,0.9950248756218905,0.01633754406178774,0.8629005408496538,0.5149863907498029,0.9755282732988578,0.5134750434139883,0.39571407116348123,0.9417724296726733,0.5207980304825742,0.9572200043682053,0.5041457847530572,0.49558768777405665,0.9134479675828869,0.8690215185459939,0.9602002594512508,0.09538149040821793,0.10876232666714396,0.9872343466977761,0.9550364928808415,0.9990392426079283,0.05685105312310535,0.049228851140649274,0.4136594103329054,0.04015015269386418,0.8433538666980329,0.8052729773874326,0.7858376356311502,0.42444927894575035,0.033850714818295866,0.9356374034754489,0.9034925186084977,0.7772563838941287,0.07337259753323282,0.04705642003290302,0.02511673903635004,0.01961314319379699,0.49679601822138625,0.5360371339197403,1.0,1.0,0.9530082833302996,0.00651748859439496,0.9935777740257979,0.07863169691863037,0.850606863673949,0.030766104129833712
workout,video,..\..\data\workout_videos\push-up\push-up_15.mp4,0.9950248756218905,0.0064761435920600045,0.6128590994233727,0.3060920182353849,0.9246522646648923,0.6502067831112472,0.18480922659159946,0.6528979210242352,0.5837009029097746,0.7894707364021826,0.28156037224224084,0.0640891411371453,0.8617048467961388,0.43938832782122184,0.9110384238600199,0.474991309707671,0.212349030405041,0.911246406146156,0.8167841392225224,0.9594149574374364,0.15415768199852128,0.056214411752912335,0.900842518882143,0.44487006597263684,0.9619666567537688,0.5248859156831207,0.2423904860291207,0.9050576310347277,0.7855017846934219,0.9566336070251894,0.1715303829458081,0.11538797688026756,0.024882033043643177,0.009488492192428182,0.02703506227533672,0.012509893101330351,0.8185723249347947,0.8081846774767527,1.0,1.0,0.9487308188926424,0.00021724961981316532,0.992663227229244,0.009450819642803752,0.9212712717231424,0.0010314161076904024
workout,video,..\..\data\workout_videos\push-up\push-up_16.mp4,0.9950248756218905,0.014865693245410466,0.6676640359248307,0.12075807589293848,0.9064515867967972,0.7984686919747044,0.3909575591433797,0.7541966730747511,0.09214895275439597,0.9820676081927566,0.9022258569996868,0.34904413950145213,0.8235306445333437,0.07687598346733585,0.999876935519012,0.9259876898847499,1.0,0.8837690401289514,0.06450914077282954,0.9986795795533842,0.939814083965336,1.0,0.8769247199530762,0.2968084783686633,0.9992094157406534,0.7082432753947696,0.43820956948265516,0.9051361615068665,0.8095565689098042,0.998025158843837,0.18890219338857955,0.15828252382598393,0.053928220819459784,0.03570507303926799,0.10489913757915921,0.08216721716089342,0.21640649443050297,0.3255878431157089,1.0,1.0,0.9393312562012988,0.00043449923962633063,0.987392086595457,0.001933051956481926,0.9199190282151221,0.003932605778921051
workout,video,..\..\data\workout_videos\push-up\push-up_17.mp4,0.9950248756218905,0.0076536242451618235,0.2789315596680294,0.01377729502317947,0.8634489160513412,0.8515362356296243,0.7859414910016865,0.6547283696324662,0.030774078958160152,0.9947487505029085,0.9683508472482575,0.879275981790585,0.0,0.0,0.0,0.0,0.0,0.0,0.0,0.0,0.0,0.0,0.9977207972511231,0.9923030238947014,0.99817018971888,0.021169208459812287,0.00637754231262275,0.9626696433704909,0.9484789972036538,0.9720884535864951,0.02374515116505355,0.02606462500798749,0.2706972065562697,0.14857377428566074,0.2509082213531158,0.14459219421541983,0.6066791948553326,0.6304608072642957,1.0,1.0,0.8556745080610996,0.009993482511405605,0.9974929630571158,0.025800919539573048,0.8270703984371937,0.0034955256230053923
workout,video,..\..\data\workout_videos\push-up\push-up_18.mp4,0.9950248756218905,0.004562737530769548,0.6445783945406429,0.2698885419127518,0.9644912945013701,0.7225861668383573,0.339177659869518,0.6921085970888939,0.2677786392347547,0.9772744638047807,0.7445109327429343,0.2570857840855498,0.0,0.0,0.0,0.0,0.0,0.0,0.0,0.0,0.0,0.0,0.0,0.0,0.0,0.0,0.0,0.0,0.0,0.0,0.0,0.0,0.02134526897839487,0.00416969508076028,0.03374678841571773,0.024877379491108718,0.35940421418882434,0.5928539875755714,1.0,0.3333333333333333,0.9945500776559794,0.007386487073647621,0.9843973992484342,0.0025418209415836077,0.9916533403620829,6.237153861774383e-05
workout,video,..\..\data\workout_videos\push-up\push-up_19.mp4,0.9950248756218905,0.01633754406178774,0.6100949891137211,0.33754445967694574,0.8960984262419164,0.5933861531148408,0.21804060251410284,0.7237851515886495,0.47830469900656086,0.9060481350049333,0.48995222232763613,0.111798007097329,0.9021631379412409,0.7924722641787283,0.9923770252626375,0.20407100609948445,0.19287381957847538,0.9234262143089592,0.8518028404421681,0.992715744665043,0.15289379634869427,0.12193606381621364,0.9057487896251426,0.8068309201081193,0.9850812927013749,0.19100559518205262,0.15865676453685065,0.8808110598974124,0.7911002267529077,0.943093220902465,0.15235595839726826,0.0975800303375557,0.04174201957473961,0.014308942529942276,0.02935509967066355,0.00741189527526251,0.5553660308028747,0.5924829752036392,1.0,1.0,0.9780106262446046,0.009558983271779274,0.9869628139881336,0.003281870120289854,0.9647267380743517,0.0013716530677517112
workout,video,..\..\data\workout_videos\push-up\push-up_2.mp4,0.9950248756218905,0.01633754406178774,0.6567208951805724,0.2752577668014002,0.8488866407160215,0.6020967981787329,0.2695415351406812,0.16321614332773707,0.00017491879728206573,0.8534096040943185,0.8535978348300166,0.691326068611375,0.9065377516908069,0.8503498118513427,0.9486787062918879,0.10246737889174712,0.08606006478414362,0.8765838594026514,0.8234943584506419,0.9340176731786042,0.1219741986864227,0.07287918222739086,0.895314351400838,0.8255745995821171,0.9462245593779086,0.13358999999533658,0.08430551264519967,0.9154838279138376,0.8476719977558584,0.9612813369764988,0.11390526975750578,0.07124374839781544,0.03611298943850446,0.01790245235104845,0.047386659464274734,0.02307839922808784,0.27645278311793475,0.2798515011101075,1.0,1.0,0.9155363920434032,0.00043449923962633063,0.9871831804952573,0.0054259374851913286,0.9262959584000046,0.0018452777816670384
workout,video,..\..\data\workout_videos\push-up\push-up_20.mp4,0.9950248756218905,0.01633754406178774,0.6643378432975343,0.05251140834324868,0.9167536251124104,0.870077389371603,0.3579605810784141,0.7066035860953687,0.036428591141508815,0.948991772378862,0.9176522561947414,0.24843646403791464,0.8633305889567833,0.7840001394855226,0.9559002024770357,0.17594783631718972,0.08939674828347477,0.6441689468193204,0.575399886282065,0.7529920441359322,0.18610797287425151,0.14045422049001635,0.7898965704024697,0.2570250353186078,0.9184815214376663,0.6666118152838649,0.4461589644431537,0.6314384332102421,0.24558154282399314,0.838285594710284,0.5938466731207376,0.5684437702541381,0.053170601748653505,0.024730897469651437,0.06049347810657214,0.037384869799797535,0.47109685338449836,0.5228975944621562,1.0,1.0,0.9774891811893125,0.005213990875515968,0.9870340054332741,0.004286479010676756,0.9396350989188441,0.0020382872332419554
workout,video,..\..\data\workout_videos\push-up\push-up_21.mp4,0.9950248756218905,0.01633754406178774,0.7869274645103307,0.28696813916118297,0.98324637671145,0.7260099039470259,0.7252063335796698,0.7516495338321982,0.11968740848981921,0.8828833610867443,0.7790244407395271,0.46369949184519554,0.8936555273971338,0.8338908407026057,0.9990886622580534,0.16945275924265646,0.059626162913686664,0.910598203794882,0.8617262482596353,0.9995611325949187,0.1499311471321627,0.061648510495643814,0.9456079746329191,0.8958161555617689,0.9993142395121496,0.11748957511634216,0.05510489279602406,0.9312343365251835,0.8912980812518523,0.996935751226752,0.10592274109984408,0.04184769962377649,0.020996366510815295,0.006337157408028741,0.013347588933517559,0.007437410627264772,0.3333095468448719,0.4067198350150766,1.0,1.0,0.9875251273953233,0.00043449923962633063,0.9868715600362624,0.0034159371726154466,0.9757982076592868,0.0023016872326783195
workout,video,..\..\data\workout_videos\push-up\push-up_22.mp4,0.9950248756218905,0.01633754406178774,0.5879409643146976,0.26499477588591686,0.8588303858473577,0.6212643862799815,0.24455232857667225,0.5968804214293166,0.30210461933782945,0.9059743351683022,0.6432948987519154,0.0951922402218031,0.8453189312047771,0.748943223615861,0.9193447627213087,0.17428600038180744,0.11084825287246408,0.9032815432337866,0.8342168048611303,0.9831145877408282,0.16068719365926734,0.1354720438904771,0.7776345438309324,0.5831070921829465,0.9351694249080188,0.3616838542521172,0.2118168830950703,0.7796171032999972,0.6398952387907046,0.8731627661147865,0.233769412106149,0.15379218700335592,0.03925851990955067,0.01089840396878789,0.03212992053845594,0.01077824627476515,0.7703583096555082,0.8222220090407457,1.0,1.0,0.9609847334054213,0.03237019335216163,0.991719805163198,0.008009242405977442,0.964555395479629,0.0012676588858684375
workout,video,..\..\data\workout_videos\push-up\push-up_23.mp4,0.9950248756218905,0.01133325128610501,0.6300954748890788,0.20411403520883048,0.8853184891198085,0.7024515286491333,0.7068819371138895,0.8151651068044687,0.050408673208188676,0.9993972407425742,0.9559054518353869,0.5013493402882309,0.902712424920502,0.7235234310930082,0.9867171842794654,0.26722810925596396,0.24115968335205012,0.7295346887710001,0.46242989642445764,0.9681928030089119,0.5144686808717235,0.5507752959150614,0.7614550054333956,0.4652457831210955,0.9915392968531566,0.5344134388100301,0.49375662583711366,0.6144861519837623,0.23963169188389294,0.9554755687760933,0.7172184151524873,0.6378303387430853,0.24690048688199037,0.2671325350902368,0.2339662567323105,0.26430223679637876,0.45694293300126204,0.5282380748566039,1.0,1.0,0.8505416407853077,0.017814468824679557,0.9934655908835283,0.011166714013895778,0.8788713537927788,0.0025421694763617677
workout,video,..\..\data\workout_videos\push-up\push-up_24.mp4,0.9950248756218905,0.012805102102482282,0.6419646002744228,0.1484474533064088,0.9271251197892679,0.7942818944213584,0.21650582048691966,0.6456962633618653,0.008957422557816886,0.9105105381964506,0.9030746726411546,0.43455661946506174,0.8830571805168613,0.7838681220143136,0.9313759839236765,0.1514853216664215,0.08004394757728404,0.8806011870531951,0.807689604409591,0.9271480651070622,0.13074627993152982,0.05506103212459442,0.9222845865614143,0.7831503859677407,0.9937275552884273,0.2230258541505285,0.0697423134927387,0.8872248698597118,0.781970491744058,0.9763723149377544,0.19484397843963278,0.05191763569425983,0.0490218454738552,0.009585003223570573,0.022384660832235257,0.005551868220347983,0.4817294110925048,0.5479234886669381,1.0,1.0,0.984292865812317,0.021724961981316532,0.996111425689004,0.022909435928204002,0.9641853439487419,0.0023992054191207175
workout,video,..\..\data\workout_videos\push-up\push-up_25.mp4,0.9950248756218905,0.008683919816625914,0.29478628731250145,0.0020444775137944413,0.9756195242198432,0.9743056832152038,0.9419845390491803,0.6755175731038153,0.024843412739182762,0.9983534595858681,0.9771207953605858,0.9522642459479957,0.0,0.0,0.0,0.0,0.0,0.0,0.0,0.0,0.0,0.0,0.9999999999999999,0.9991279171734354,0.9960639852656249,0.012327153594518093,0.011084876757543358,0.9673822519893707,0.949517080489278,0.9913161185073271,0.041969174552603385,0.02399494393916862,0.28503212695996505,0.15734567714762765,0.24673449804890868,0.1392980610002953,0.669725273302485,0.6547831731010287,1.0,1.0,0.8538257791860189,0.009558983271779274,0.9972520417480155,0.028769535291587173,0.8144682248373498,0.004215018755287636
workout,video,..\..\data\workout_videos\push-up\push-up_26.mp4,0.9950248756218905,0.01633754406178774,0.6566367884160218,0.1889056730901713,0.8773127316989686,0.7081020761592831,0.3659522740823857,0.8175013270164128,0.7816513169313279,0.8547391721724846,0.17450044145879612,0.08834154009178644,0.8623674978416467,0.7257118815531624,0.9477661206482658,0.22598094291950158,0.20457530290789513,0.8642300502109054,0.746330704348454,0.9559246709736688,0.220533084497701,0.15616596023385185,0.8475911696467506,0.5978790469687125,0.9776422956390581,0.3896624333921981,0.3037711944040219,0.7927893666154737,0.5386964538386254,0.9597438111032326,0.42189404920786344,0.2433684933032824,0.0600071986115178,0.03192324384269411,0.055705430567753546,0.03161802856838407,0.6135141192508892,0.6316678950621616,1.0,1.0,0.9524006516530383,0.00021724961981316532,0.9877370058455639,0.004062998801348786,0.9301898358878186,0.0011562294882959208
workout,video,..\..\data\workout_videos\push-up\push-up_27.mp4,0.9950248756218905,0.01633754406178774,0.5993403463431562,0.1759750974232763,0.8698139994942339,0.7122139464454226,0.3350100742986825,0.81539708382371,0.7589776668081729,0.8642773153856594,0.203784221506376,0.08002212336716635,0.8307310826122475,0.5993544191608136,0.9433165506082904,0.34766405989683286,0.21323696378171603,0.8585886381009936,0.7056110999398222,0.958123342512423,0.26313328605921404,0.11565490708256876,0.8177147087274321,0.4141039353482583,0.9808011696523825,0.574102027731954,0.3693510711088627,0.8006382200963629,0.6638539512827807,0.9590361521674836,0.29580328259442157,0.1056900263792211,0.023668041398091203,0.006723697268496186,0.019463513125165744,0.00573160452624718,0.5078823851442285,0.5428095182997879,1.0,1.0,0.96304312729233,0.000651748859439496,0.985673352088602,0.002840410308058433,0.961700839703636,0.0004343462245630107
workout,video,..\..\data\workout_videos\push-up\push-up_28.mp4,0.9950248756218905,0.010891696041191827,0.6646799536059834,0.32003705317884656,0.9980490873458905,0.7111170832795124,0.19850317386484417,0.6837588095832045,0.3339519982259934,0.9986543539243801,0.7082825496725108,0.17062488825062386,0.0,0.0,0.0,0.0,0.0,0.0,0.0,0.0,0.0,0.0,0.7885298044693009,0.7658792615336469,0.8188742880458373,0.06489297655983435,0.05361670161859583,0.7033783463585218,0.6477537815956802,0.7346044667304468,0.08707688912959438,0.06150066471070799,0.11075368299683089,0.049849326098368965,0.06379369938667755,0.0198292810607391,0.7851328616620805,0.7950080029378097,1.0,1.0,0.9333837002244072,0.024331957419074516,0.9948181287445974,0.030196084879356346,0.8557686483971076,0.0022768817232375754
workout,video,..\..\data\workout_videos\push-up\push-up_29.mp4,0.9950248756218905,0.01633754406178774,0.6212927954793258,0.10122507599273704,0.9684441214278958,0.8780395399027539,0.2336971019053863,0.6433920369861275,0.07527319826611617,0.9990264822835286,0.9338851309866231,0.29028676306224555,0.6051282003185042,0.6051282003185042,0.6023909723327648,0.0,0.0,0.7152724526186981,0.7220632796637373,0.7125685315770031,0.0,0.0,0.828825132429604,0.6094914761443685,0.8659949935026494,0.2663590491463203,0.2716317320924078,0.8266469214787361,0.7420478429136056,0.8517619128762913,0.1099924989397921,0.08633950579498513,0.10032054616629135,0.04761372827397142,0.0848867750273772,0.03762663050917063,0.30037444423373294,0.32040285438544536,1.0,1.0,0.9488940887822761,0.012165978709537258,0.9924986111621129,0.009336273377363678,0.859868619072341,0.002900656388417946
workout,video,..\..\data\workout_videos\push-up\push-up_3.mp4,0.9950248756218905,0.01633754406178774,0.6512669161556084,0.3114391975952235,0.8593067379978461,0.5800232636493948,0.18934064485449192,0.14036155487220228,2.253199332740163e-05,0.8278169505229195,0.828127651562654,0.7404686418269676,0.8898039364882835,0.8205417806540599,0.9372790893809239,0.12079318720110684,0.11713360254683142,0.8587102319282135,0.7919054945811727,0.9238785446730181,0.14311643516911415,0.11646673296931583,0.8889608712465776,0.8192023658989293,0.9338791455427744,0.12750783607928307,0.09951368600458037,0.9174621709358416,0.8655173421630578,0.9580373776414962,0.0927778636961644,0.08002460313109336,0.037801208572790346,0.011879595563942578,0.03469843738895632,0.02063431949054853,0.8162929841730769,0.8071025154762237,1.0,1.0,0.9787791018905957,0.030414946773843144,0.9888467611228441,0.0067424534633451225,0.9469188604354986,0.0013066764897885523
workout,video,..\..\data\workout_videos\push-up\push-up_30.mp4,0.9950248756218905,0.014865693245410466,0.7378086585666661,0.2202239828822254,0.9972895373717043,0.8000121282264812,0.5979573343556931,0.7683799519588922,0.18484969080682423,0.9983884231743891,0.8378391271942026,0.733159494124771,0.9999999999999999,0.9999999999999999,0.995476614733376,0.0,0.0,0.0,0.0,0.0,0.0,0.0,0.5566495126094037,0.42118987453497847,0.6387269475387787,0.22442049473172648,0.24046142658107253,0.584640592126027,0.29826706356547095,0.9908326747746194,0.6939018330608244,0.5786360317488656,0.13843790961214464,0.05322831058357318,0.11591269240693594,0.09047461835179754,0.37495801187350486,0.4271868565112482,1.0,1.0,0.9320226306583191,0.01955246578318488,0.9967294341843772,0.05410742219718936,0.7616886797408166,0.024500776604137946
workout,video,..\..\data\workout_videos\push-up\push-up_31.mp4,0.9950248756218905,0.01633754406178774,0.6358701652437726,0.06541887474836622,0.9818424718253356,0.9236072378236468,0.3799597127980416,0.6736271284794881,0.013703923476290758,0.9997082077459217,0.9881751802700961,0.3096360654872249,0.7077662495177403,0.22671808595453843,0.9422407444350828,0.7185961389072938,0.7611831807594269,0.7632289157713517,0.3532832230642465,0.9984196965322455,0.6531144646454942,0.68687639000199,0.6984643856679849,0.151359302165154,0.9349879451569529,0.7873762941457352,0.715092438085908,0.6729736217397204,0.0658129003317983,0.9535124353896564,0.8893818389851114,0.6580143604266356,0.12364748904628152,0.039503061282068125,0.09317278047402301,0.034400545343642557,0.8357262458185405,0.8649013385119753,1.0,1.0,0.937212044526538,0.006300238974581794,0.9932136607138755,0.023245899854914237,0.8281287767108648,0.002072042853921231
workout,video,..\..\data\workout_videos\push-up\push-up_32.mp4,0.9950248756218905,0.01633754406178774,0.7928221465123276,0.1158581009195913,0.9979874523291854,0.8944548865718432,0.7440053611554939,0.7283551231889833,0.0014141836352767757,0.9857355316722038,0.9848975422019508,0.9992915557293963,0.6541627775802746,0.051469059673093294,0.99999081791739,0.9514661826396764,0.4057602824925871,0.46839205823233565,0.1679613239508967,0.9399733390255869,0.7781913242496368,0.4198933696868027,0.46541853533274286,0.032812739335991936,0.9172214742240178,0.8865115806642132,0.8516906003142062,0.4438557402215028,0.24883885387006047,0.6855557683651394,0.4375653441369724,0.34304701051374087,0.18699310562316868,0.10843996700854251,0.10336962108946166,0.08412998130797793,0.1559057221577107,0.1667624815144666,1.0,1.0,0.8332755005845651,0.027156202476645665,0.9837821030348731,0.0037945992974708982,0.7564010897487543,0.001617957786916067
workout,video,..\..\data\workout_videos\push-up\push-up_33.mp4,0.9950248756218905,0.015748803735236832,0.8617594918220923,0.0468273806488122,0.9946003391193243,0.9530713591143943,0.9597330257917861,0.6540630363807824,0.027927548556449702,0.9081258109603966,0.88417180242275,0.46865799322309704,0.5407766953994337,0.1763690130307693,0.9715671864448845,0.7982709731182676,0.6335583072859241,0.4060227823896254,0.1682088796558274,0.9658607833777876,0.8039659828501307,0.813206423155317,0.6526539608291576,0.20582545110727676,0.9394084575179747,0.7380796040516433,0.6457115351526879,0.49385165310462176,0.2371951557362452,0.9224285447198896,0.6865499004075647,0.7085308193552042,0.11359687906290461,0.09574521655549276,0.08373730412981718,0.07029921880618996,0.6190718754378634,0.6820611394711436,1.0,1.0,0.8344601274613039,0.003475993917010645,0.9942272729236816,0.008740779497784765,0.7279405274507462,0.0023609366192733857
workout,video,..\..\data\workout_videos\push-up\push-up_34.mp4,0.9950248756218905,0.011038881122829552,0.6993734939181641,0.13632118402001614,0.9992457272530492,0.877333299266774,0.44151168984136246,0.642477759006162,0.2190518060432346,0.9936589642332739,0.8033281747538876,0.15927284001226294,0.0,0.0,0.0,0.0,0.0,0.0,0.0,0.0,0.0,0.0,0.7198422604917065,0.7226243475744454,0.712947467483165,0.0014413267938117346,0.0015443486898279986,0.812954235995755,0.8092155147528711,0.8166146457179477,0.007490841580828637,0.008222561963972162,0.10498864513005025,0.022995347473961314,0.08027930134691119,0.027976339704127943,0.4654569873176457,0.5837090619558427,1.0,0.6666666666666666,0.9683830269882999,0.02237671084075603,0.9957439576607743,0.03341389166615976,0.8349869017286635,0.0024523141078332034
workout,video,..\..\data\workout_videos\push-up\push-up_35.mp4,0.9950248756218905,0.01633754406178774,0.7569011976506569,0.0005945586244467375,0.9999984237062112,1.0,0.4527441169192465,0.7320305034901439,0.3995574605015283,0.9945812507703363,0.6470854817095877,0.507294396264878,0.7468141639930616,0.21884393703967572,0.9733566924507737,0.757661952781117,0.3984898819964639,0.691456771136293,0.40296583446548945,0.9544923368129077,0.559681051144973,0.3837158921054491,0.8696017138731914,0.3576745464263508,0.998564057169384,0.6475587117109376,0.547222763250959,0.8290331707018294,0.2855451219115211,0.999983192281441,0.7158143653455113,0.6319619053430992,0.08670939453024301,0.01935575365492536,0.06098934774630766,0.03797651027505898,0.36815387670720784,0.3668415861893588,1.0,1.0,0.9651680716199363,0.002824245057571149,0.9913726948420177,0.009453995750727511,0.8795613052040088,0.0016405953960510057
workout,video,..\..\data\workout_videos\push-up\push-up_36.mp4,0.9950248756218905,0.01633754406178774,0.6247762827912983,0.4583953710861458,0.8257633499236884,0.41446160112314945,0.062044455135263965,0.7260896421253327,0.041267335882175946,0.9878383565777279,0.9523012709161235,0.5900800481632211,0.7908953665082223,0.637563957455154,0.8615143696701281,0.227482668828774,0.21085600295670567,0.6444276776447809,0.28709478153797136,0.8246185748198103,0.5440750701265609,0.2562540329170421,0.9090795454938299,0.7690111370062589,0.9659962820880593,0.20919139672883025,0.14760014231666369,0.824724470883705,0.5975512863891329,0.9261065026649782,0.3292329367399061,0.3034409135005384,0.062379976607921724,0.02279134145941766,0.03436306645157838,0.012758113122177324,0.6103834699982958,0.6255413828326101,1.0,1.0,0.974274511223408,0.00021724961981316532,0.9883382414506616,0.004379609358030829,0.9368733889494345,0.001864075861138293
workout,video,..\..\data\workout_videos\push-up\push-up_37.mp4,0.9950248756218905,0.01619035898015001,0.6389638232450138,0.4800265350943952,0.8483762802279904,0.41765690309532255,0.13018823980699668,0.6740269510345667,0.4559218075877092,0.8987544927259629,0.502144338469812,0.14973291667571278,0.8734462569272012,0.837159982724255,0.9175188151859779,0.08438612396149162,0.0674613619806821,0.8169835183433715,0.7794347112369538,0.891469633784704,0.12291122674783932,0.07674998860573552,0.49517655330643817,0.08881461253748979,0.9086243981127637,0.8226589608561378,0.4980276598192481,0.596644153676852,0.14273208876518761,0.9882550825639452,0.8471330577946228,0.6450545458271874,0.1221295910890314,0.06844260812137173,0.10226783059386796,0.08324256273291217,0.4587199019675998,0.7238304807623328,1.0,1.0,0.9550164759087681,0.029111449054964152,0.9915129257629234,0.00946673785535319,0.9176791031558617,0.0007615684648039963
workout,video,..\..\data\workout_videos\push-up\push-up_38.mp4,0.9950248756218905,0.01633754406178774,0.6783018860447473,0.4644512729567915,0.8215779825352342,0.40483440480639793,0.07696855131920677,0.8080639499158597,0.07052490225151281,0.993355408739481,0.9323461115311632,0.7547007451058134,0.8329203124959588,0.6674709287576416,0.9398957199754935,0.27623125855039876,0.17916081439247972,0.6552209995848083,0.39442482525149114,0.8267445802168569,0.4397500482705373,0.28221099682738887,0.9136739350643506,0.7518577272015626,0.96662535287683,0.22674165659142392,0.16377991211196638,0.78183417280985,0.471003412321714,0.9253178891851183,0.45521747405626095,0.3568922496162715,0.05179485577427545,0.0279915915932429,0.030980576603525798,0.017579194641683005,0.29518654339981326,0.38287692522465727,1.0,1.0,0.9709677792814592,0.00021724961981316532,0.988816576853606,0.0042424959686095266,0.9445353120222502,0.0009938566833281016
workout,video,..\..\data\workout_videos\push-up\push-up_39.mp4,0.9950248756218905,0.015601618653599103,0.7066289600033516,0.03031720859078057,0.9895092367836961,0.9628074464146914,0.5868837146836079,0.5048100879615123,0.003411225239617028,0.9685050845934638,0.9659214058638445,0.6979008912424792,0.7802123391338786,0.038906566129455596,0.9937365140236117,0.9577354141490487,0.9953260738815417,0.8239430865356656,0.01748048468911949,0.9922888628241667,0.9800388677338533,0.9395097834610794,0.5419191741195213,0.0015200947382415957,0.9991610593576585,0.9994660808901503,0.906884575214932,0.5804011517295397,0.0007580740480125986,0.9988735540381076,1.0,0.8365670712032169,0.12751092643711762,0.03629407727283809,0.08277763946425343,0.030822132275342685,0.5577455735411989,0.5148517987796581,1.0,1.0,0.9369283200368941,0.03106669563328264,0.986828236524842,0.003252391669832452,0.8484161181275562,0.0005002765614458148
workout,video,..\..\data\workout_videos\push-up\push-up_4.mp4,0.9950248756218905,0.01633754406178774,0.6440044358434026,0.41174104610199963,0.8367204000204621,0.46733079126402327,0.09877018663900232,0.7270429543615587,0.032629992857173495,0.9891303090160769,0.961114229150038,0.8500793129083163,0.9160089880244393,0.8153625913300818,0.9994692388212351,0.18833157804033335,0.21252446707611805,0.9065784806961967,0.7984313896349393,0.998023542287271,0.2111685846352937,0.20214426163141733,0.8575566836025051,0.7813006492112967,0.9543678999410085,0.1854196899034508,0.13254093172346468,0.8873044687475973,0.8008414207777308,0.9771544169727324,0.17672281256490358,0.1251172022281115,0.05930059655988937,0.03330096194659153,0.03740195077350002,0.022901066799806816,0.7877687547645529,0.8148536709093069,1.0,1.0,0.8990001833944536,0.00043449923962633063,0.9918900589379555,0.008131387873670542,0.8119450681318869,0.002673214937178488
workout,video,..\..\data\workout_videos\push-up\push-up_40.mp4,0.9950248756218905,0.01633754406178774,0.654456563627607,0.012059952081256185,0.9444401629719176,0.9341134310086234,0.3793469089884563,0.71283159480635,0.022421865322461626,0.9477054269628228,0.9285609818307546,0.9161574615431359,0.6874542560707817,0.23850477760658548,0.9032135868024338,0.6676905280498793,0.5717875423968384,0.645028305530137,0.0010981938277314408,0.9715271209929112,0.9754204328723431,0.9710106054701901,0.5697865884502609,0.03553893660860926,0.9757655545957927,0.9424722790285266,0.547338707447303,0.7083250745891613,0.06393916307953498,0.9981181173738836,0.9359488315960062,0.781002154775993,0.09283446768327237,0.041035520916580144,0.07779813110348377,0.0270425452227087,0.9185527023330875,0.9605471212926046,1.0,1.0,0.9516632233659574,0.009124484032152944,0.992541123490879,0.012083067252065077,0.8871179444347632,0.0015332175821624057
workout,video,..\..\data\workout_videos\push-up\push-up_41.mp4,0.9950248756218905,0.01015577063300319,0.6976932456579763,0.5045609557448074,0.903469132164766,0.45074173429558145,0.1340443119962439,0.6457841507455417,0.013889609081671707,0.9925678528001635,0.9808703006410099,0.31518619225253514,0.7489147585174843,0.5042114663467208,0.9871985502924082,0.486654757629816,0.38733726303094596,0.6926169179375626,0.476076253003967,0.9514693740925989,0.4841235019827605,0.23290181752930703,0.8247280813637292,0.48679851469930446,0.9270842308592349,0.44858244413510406,0.3584229555246973,0.7986877424475815,0.5716067460291847,0.9021087371814696,0.3311808946555151,0.20340718507166233,0.04908697055140927,0.007582187424573251,0.02709334585084911,0.00814257407093265,0.9261569201729961,0.8714418838976614,1.0,1.0,0.9871436279597171,0.003475993917010645,0.9944053830777939,0.020382986968745572,0.9298466579710574,0.0012546128269518998
workout,video,..\..\data\workout_videos\push-up\push-up_42.mp4,0.9950248756218905,0.01633754406178774,0.7252218967357758,0.42536740641993054,0.908624250221429,0.5270335620898753,0.282137263967982,0.8445306344248982,0.5295974598576556,0.9980014181478627,0.5372818533018644,0.45348366100656273,0.9577370834895941,0.8974910042810775,0.99696773181636,0.10383233980193722,0.08131373400643298,0.9388474174148299,0.8402411278493965,0.9993487120435391,0.17102898039586398,0.102660285703155,0.9251824678009506,0.8737238285758794,0.9996724841140822,0.13964024732220082,0.11437452291766448,0.9436577116593722,0.8838818262220474,0.9988657719354611,0.1152859501785085,0.0918434822537813,0.06978949828044793,0.02014437421026005,0.07170773401204406,0.054847367101930104,0.5711443359184993,0.6185925817605824,1.0,1.0,0.9470592708167194,0.03237019335216163,0.9958624639602731,0.01642813073427653,0.9090520271491607,0.0019986554261734427
workout,video,..\..\data\workout_videos\push-up\push-up_43.mp4,0.9950248756218905,0.006328958510422277,0.7296536671328891,0.4068888174690475,0.8951858942309052,0.5301860140049187,0.17174116321129732,0.7608727426449678,0.5046077192657641,0.8832379137467166,0.4442309943822323,0.08189019233490681,0.7580448205546129,0.5877317861535771,0.941677780230629,0.35762373323030006,0.396725756415408,0.6816676463077891,0.5071438059774186,0.9288659902407067,0.430587922633971,0.3881164383165003,0.36128511509734096,0.02540635492823524,0.6166660209098311,0.5927189658502913,0.5372553015528961,0.49594294281945384,0.007191138590666744,0.9578582418272142,0.9524626584880419,0.5888369823300228,0.04595107658981055,0.03468279174235237,0.04143396435412743,0.04321576983344196,0.5410326224897248,0.6059237196765456,1.0,1.0,0.9543246136005302,0.009124484032152944,0.9910151139544663,0.007165503001267648,0.9402646978924039,0.0005084384289219686
workout,video,..\..\data\workout_videos\push-up\push-up_44.mp4,0.9950248756218905,0.010891696041191827,0.6904953507937875,0.4202780735734997,0.8951658222321484,0.5181393121359675,0.10106421422246432,0.7110338589634831,0.3403211687217033,0.8603619675589483,0.5643893771232542,0.17167582395870012,0.8832796776602896,0.8341768601412178,0.9545827453022879,0.12453410168950463,0.06760869677835354,0.8587235527813578,0.8295062107980603,0.9169264589907531,0.0988321026875119,0.07192636974330519,0.8671319839403244,0.788858806958657,0.9292305567211807,0.152781614083251,0.07121312034983891,0.8753404448977864,0.7901387664869227,0.9508267241589128,0.1610672456886336,0.09031143308044526,0.045040488141531894,0.01210385870813944,0.030209295264714494,0.00564592885232352,0.8551993585471868,0.8126779706684919,1.0,1.0,0.9851511546598031,0.00043449923962633063,0.9933835569674196,0.011552610677734425,0.9534387614435997,0.0013885820572189682
workout,video,..\..\data\workout_videos\push-up\push-up_45.mp4,0.9950248756218905,0.01633754406178774,0.6566271480335675,0.3754241237459624,0.8554876376450409,0.5187289966843777,0.05494854203810592,0.6776844760273865,0.23368045805571994,0.8626765437907609,0.6595563967884441,0.12996569847412187,0.917936650015065,0.8641034652317967,0.9608523864484382,0.10094528087130893,0.03555997279032475,0.8898194258728914,0.8520839718190046,0.9313387865008529,0.09092319969186347,0.033869025364197475,0.9276901301240942,0.8931176410271259,0.972965991480751,0.09375554707557857,0.0634342935877344,0.9455237017090344,0.8971089486312576,0.9997356591369113,0.10290665517132531,0.04194539905472574,0.04290088412990625,0.011388962829180675,0.022142466696947357,0.00576979263226383,0.5199703819626749,0.5671916607704156,1.0,1.0,0.9892150544054772,0.004344992396263307,0.9950639431734531,0.016025143087233,0.956159468510188,0.0007727336436714139
workout,video,..\..\data\workout_videos\push-up\push-up_46.mp4,0.9950248756218905,0.01633754406178774,0.6944722488099638,0.5875510303146005,0.7846432839733013,0.2573081418993697,0.0351697956634642,0.6904858316017591,0.02663366938049564,0.9079744192339639,0.8851469242499792,0.5403307502686321,0.8809995413500837,0.7586267450234734,0.9981399517700577,0.24363912171567376,0.15705695278000031,0.8173405888157895,0.7338764064251403,0.9975062323713646,0.274681467566159,0.1417536080140353,0.8957054214779704,0.6804612877692418,0.9973913277332568,0.3279883480304079,0.19371680693635393,0.8110252656950402,0.606371329620347,0.9698490317305332,0.3642222037460023,0.19342068157852285,0.046278670988438214,0.012659720566821821,0.026992796132811327,0.009188967107006311,0.47286750802994854,0.5044044208399924,1.0,1.0,0.9747608074896209,0.018031718444492723,0.9911279450126413,0.006661292919999993,0.9435280309028904,0.0012732232745825212
